	2501	2400
          0.0000	          0.0000
         10.0000	          0.0000
         20.0000	          0.0000
         30.0000	          0.0000
         40.0000	          0.0000
         50.0000	          0.0000
         60.0000	          0.0000
         70.0000	          0.0000
         80.0000	          0.0000
         90.0000	          0.0000
        100.0000	          0.0000
        110.0000	          0.0000
        120.0000	          0.0000
        130.0000	          0.0000
        140.0000	          0.0000
        150.0000	          0.0000
        160.0000	          0.0000
        170.0000	          0.0000
        180.0000	          0.0000
        190.0000	          0.0000
        200.0000	          0.0000
        210.0000	          0.0000
        220.0000	          0.0000
        230.0000	          0.0000
        240.0000	          0.0000
        250.0000	          0.0000
        260.0000	          0.0000
        270.0000	          0.0000
        280.0000	          0.0000
        290.0000	          0.0000
        300.0000	          0.0000
        310.0000	          0.0000
        320.0000	          0.0000
        330.0000	          0.0000
        340.0000	          0.0000
        350.0000	          0.0000
        360.0000	          0.0000
        370.0000	          0.0000
        380.0000	          0.0000
        390.0000	          0.0000
        400.0000	          0.0000
        410.0000	          0.0000
        420.0000	          0.0000
        430.0000	          0.0000
        440.0000	          0.0000
        450.0000	          0.0000
        460.0000	          0.0000
        470.0000	          0.0000
        480.0000	          0.0000
        490.0000	          0.0000
        500.0000	          0.0000
        510.0000	          0.0000
        520.0000	          0.0000
        530.0000	          0.0000
        540.0000	          0.0000
        550.0000	          0.0000
        560.0000	          0.0000
        570.0000	          0.0000
        580.0000	          0.0000
        590.0000	          0.0000
        600.0000	          0.0000
          0.0000	         10.0000
         10.0000	         10.0000
         20.0000	         10.0000
         30.0000	         10.0000
         40.0000	         10.0000
         50.0000	         10.0000
         60.0000	         10.0000
         70.0000	         10.0000
         80.0000	         10.0000
         90.0000	         10.0000
        100.0000	         10.0000
        110.0000	         10.0000
        120.0000	         10.0000
        130.0000	         10.0000
        140.0000	         10.0000
        150.0000	         10.0000
        160.0000	         10.0000
        170.0000	         10.0000
        180.0000	         10.0000
        190.0000	         10.0000
        200.0000	         10.0000
        210.0000	         10.0000
        220.0000	         10.0000
        230.0000	         10.0000
        240.0000	         10.0000
        250.0000	         10.0000
        260.0000	         10.0000
        270.0000	         10.0000
        280.0000	         10.0000
        290.0000	         10.0000
        300.0000	         10.0000
        310.0000	         10.0000
        320.0000	         10.0000
        330.0000	         10.0000
        340.0000	         10.0000
        350.0000	         10.0000
        360.0000	         10.0000
        370.0000	         10.0000
        380.0000	         10.0000
        390.0000	         10.0000
        400.0000	         10.0000
        410.0000	         10.0000
        420.0000	         10.0000
        430.0000	         10.0000
        440.0000	         10.0000
        450.0000	         10.0000
        460.0000	         10.0000
        470.0000	         10.0000
        480.0000	         10.0000
        490.0000	         10.0000
        500.0000	         10.0000
        510.0000	         10.0000
        520.0000	         10.0000
        530.0000	         10.0000
        540.0000	         10.0000
        550.0000	         10.0000
        560.0000	         10.0000
        570.0000	         10.0000
        580.0000	         10.0000
        590.0000	         10.0000
        600.0000	         10.0000
          0.0000	         20.0000
         10.0000	         20.0000
         20.0000	         20.0000
         30.0000	         20.0000
         40.0000	         20.0000
         50.0000	         20.0000
         60.0000	         20.0000
         70.0000	         20.0000
         80.0000	         20.0000
         90.0000	         20.0000
        100.0000	         20.0000
        110.0000	         20.0000
        120.0000	         20.0000
        130.0000	         20.0000
        140.0000	         20.0000
        150.0000	         20.0000
        160.0000	         20.0000
        170.0000	         20.0000
        180.0000	         20.0000
        190.0000	         20.0000
        200.0000	         20.0000
        210.0000	         20.0000
        220.0000	         20.0000
        230.0000	         20.0000
        240.0000	         20.0000
        250.0000	         20.0000
        260.0000	         20.0000
        270.0000	         20.0000
        280.0000	         20.0000
        290.0000	         20.0000
        300.0000	         20.0000
        310.0000	         20.0000
        320.0000	         20.0000
        330.0000	         20.0000
        340.0000	         20.0000
        350.0000	         20.0000
        360.0000	         20.0000
        370.0000	         20.0000
        380.0000	         20.0000
        390.0000	         20.0000
        400.0000	         20.0000
        410.0000	         20.0000
        420.0000	         20.0000
        430.0000	         20.0000
        440.0000	         20.0000
        450.0000	         20.0000
        460.0000	         20.0000
        470.0000	         20.0000
        480.0000	         20.0000
        490.0000	         20.0000
        500.0000	         20.0000
        510.0000	         20.0000
        520.0000	         20.0000
        530.0000	         20.0000
        540.0000	         20.0000
        550.0000	         20.0000
        560.0000	         20.0000
        570.0000	         20.0000
        580.0000	         20.0000
        590.0000	         20.0000
        600.0000	         20.0000
          0.0000	         30.0000
         10.0000	         30.0000
         20.0000	         30.0000
         30.0000	         30.0000
         40.0000	         30.0000
         50.0000	         30.0000
         60.0000	         30.0000
         70.0000	         30.0000
         80.0000	         30.0000
         90.0000	         30.0000
        100.0000	         30.0000
        110.0000	         30.0000
        120.0000	         30.0000
        130.0000	         30.0000
        140.0000	         30.0000
        150.0000	         30.0000
        160.0000	         30.0000
        170.0000	         30.0000
        180.0000	         30.0000
        190.0000	         30.0000
        200.0000	         30.0000
        210.0000	         30.0000
        220.0000	         30.0000
        230.0000	         30.0000
        240.0000	         30.0000
        250.0000	         30.0000
        260.0000	         30.0000
        270.0000	         30.0000
        280.0000	         30.0000
        290.0000	         30.0000
        300.0000	         30.0000
        310.0000	         30.0000
        320.0000	         30.0000
        330.0000	         30.0000
        340.0000	         30.0000
        350.0000	         30.0000
        360.0000	         30.0000
        370.0000	         30.0000
        380.0000	         30.0000
        390.0000	         30.0000
        400.0000	         30.0000
        410.0000	         30.0000
        420.0000	         30.0000
        430.0000	         30.0000
        440.0000	         30.0000
        450.0000	         30.0000
        460.0000	         30.0000
        470.0000	         30.0000
        480.0000	         30.0000
        490.0000	         30.0000
        500.0000	         30.0000
        510.0000	         30.0000
        520.0000	         30.0000
        530.0000	         30.0000
        540.0000	         30.0000
        550.0000	         30.0000
        560.0000	         30.0000
        570.0000	         30.0000
        580.0000	         30.0000
        590.0000	         30.0000
        600.0000	         30.0000
          0.0000	         40.0000
         10.0000	         40.0000
         20.0000	         40.0000
         30.0000	         40.0000
         40.0000	         40.0000
         50.0000	         40.0000
         60.0000	         40.0000
         70.0000	         40.0000
         80.0000	         40.0000
         90.0000	         40.0000
        100.0000	         40.0000
        110.0000	         40.0000
        120.0000	         40.0000
        130.0000	         40.0000
        140.0000	         40.0000
        150.0000	         40.0000
        160.0000	         40.0000
        170.0000	         40.0000
        180.0000	         40.0000
        190.0000	         40.0000
        200.0000	         40.0000
        210.0000	         40.0000
        220.0000	         40.0000
        230.0000	         40.0000
        240.0000	         40.0000
        250.0000	         40.0000
        260.0000	         40.0000
        270.0000	         40.0000
        280.0000	         40.0000
        290.0000	         40.0000
        300.0000	         40.0000
        310.0000	         40.0000
        320.0000	         40.0000
        330.0000	         40.0000
        340.0000	         40.0000
        350.0000	         40.0000
        360.0000	         40.0000
        370.0000	         40.0000
        380.0000	         40.0000
        390.0000	         40.0000
        400.0000	         40.0000
        410.0000	         40.0000
        420.0000	         40.0000
        430.0000	         40.0000
        440.0000	         40.0000
        450.0000	         40.0000
        460.0000	         40.0000
        470.0000	         40.0000
        480.0000	         40.0000
        490.0000	         40.0000
        500.0000	         40.0000
        510.0000	         40.0000
        520.0000	         40.0000
        530.0000	         40.0000
        540.0000	         40.0000
        550.0000	         40.0000
        560.0000	         40.0000
        570.0000	         40.0000
        580.0000	         40.0000
        590.0000	         40.0000
        600.0000	         40.0000
          0.0000	         50.0000
         10.0000	         50.0000
         20.0000	         50.0000
         30.0000	         50.0000
         40.0000	         50.0000
         50.0000	         50.0000
         60.0000	         50.0000
         70.0000	         50.0000
         80.0000	         50.0000
         90.0000	         50.0000
        100.0000	         50.0000
        110.0000	         50.0000
        120.0000	         50.0000
        130.0000	         50.0000
        140.0000	         50.0000
        150.0000	         50.0000
        160.0000	         50.0000
        170.0000	         50.0000
        180.0000	         50.0000
        190.0000	         50.0000
        200.0000	         50.0000
        210.0000	         50.0000
        220.0000	         50.0000
        230.0000	         50.0000
        240.0000	         50.0000
        250.0000	         50.0000
        260.0000	         50.0000
        270.0000	         50.0000
        280.0000	         50.0000
        290.0000	         50.0000
        300.0000	         50.0000
        310.0000	         50.0000
        320.0000	         50.0000
        330.0000	         50.0000
        340.0000	         50.0000
        350.0000	         50.0000
        360.0000	         50.0000
        370.0000	         50.0000
        380.0000	         50.0000
        390.0000	         50.0000
        400.0000	         50.0000
        410.0000	         50.0000
        420.0000	         50.0000
        430.0000	         50.0000
        440.0000	         50.0000
        450.0000	         50.0000
        460.0000	         50.0000
        470.0000	         50.0000
        480.0000	         50.0000
        490.0000	         50.0000
        500.0000	         50.0000
        510.0000	         50.0000
        520.0000	         50.0000
        530.0000	         50.0000
        540.0000	         50.0000
        550.0000	         50.0000
        560.0000	         50.0000
        570.0000	         50.0000
        580.0000	         50.0000
        590.0000	         50.0000
        600.0000	         50.0000
          0.0000	         60.0000
         10.0000	         60.0000
         20.0000	         60.0000
         30.0000	         60.0000
         40.0000	         60.0000
         50.0000	         60.0000
         60.0000	         60.0000
         70.0000	         60.0000
         80.0000	         60.0000
         90.0000	         60.0000
        100.0000	         60.0000
        110.0000	         60.0000
        120.0000	         60.0000
        130.0000	         60.0000
        140.0000	         60.0000
        150.0000	         60.0000
        160.0000	         60.0000
        170.0000	         60.0000
        180.0000	         60.0000
        190.0000	         60.0000
        200.0000	         60.0000
        210.0000	         60.0000
        220.0000	         60.0000
        230.0000	         60.0000
        240.0000	         60.0000
        250.0000	         60.0000
        260.0000	         60.0000
        270.0000	         60.0000
        280.0000	         60.0000
        290.0000	         60.0000
        300.0000	         60.0000
        310.0000	         60.0000
        320.0000	         60.0000
        330.0000	         60.0000
        340.0000	         60.0000
        350.0000	         60.0000
        360.0000	         60.0000
        370.0000	         60.0000
        380.0000	         60.0000
        390.0000	         60.0000
        400.0000	         60.0000
        410.0000	         60.0000
        420.0000	         60.0000
        430.0000	         60.0000
        440.0000	         60.0000
        450.0000	         60.0000
        460.0000	         60.0000
        470.0000	         60.0000
        480.0000	         60.0000
        490.0000	         60.0000
        500.0000	         60.0000
        510.0000	         60.0000
        520.0000	         60.0000
        530.0000	         60.0000
        540.0000	         60.0000
        550.0000	         60.0000
        560.0000	         60.0000
        570.0000	         60.0000
        580.0000	         60.0000
        590.0000	         60.0000
        600.0000	         60.0000
          0.0000	         70.0000
         10.0000	         70.0000
         20.0000	         70.0000
         30.0000	         70.0000
         40.0000	         70.0000
         50.0000	         70.0000
         60.0000	         70.0000
         70.0000	         70.0000
         80.0000	         70.0000
         90.0000	         70.0000
        100.0000	         70.0000
        110.0000	         70.0000
        120.0000	         70.0000
        130.0000	         70.0000
        140.0000	         70.0000
        150.0000	         70.0000
        160.0000	         70.0000
        170.0000	         70.0000
        180.0000	         70.0000
        190.0000	         70.0000
        200.0000	         70.0000
        210.0000	         70.0000
        220.0000	         70.0000
        230.0000	         70.0000
        240.0000	         70.0000
        250.0000	         70.0000
        260.0000	         70.0000
        270.0000	         70.0000
        280.0000	         70.0000
        290.0000	         70.0000
        300.0000	         70.0000
        310.0000	         70.0000
        320.0000	         70.0000
        330.0000	         70.0000
        340.0000	         70.0000
        350.0000	         70.0000
        360.0000	         70.0000
        370.0000	         70.0000
        380.0000	         70.0000
        390.0000	         70.0000
        400.0000	         70.0000
        410.0000	         70.0000
        420.0000	         70.0000
        430.0000	         70.0000
        440.0000	         70.0000
        450.0000	         70.0000
        460.0000	         70.0000
        470.0000	         70.0000
        480.0000	         70.0000
        490.0000	         70.0000
        500.0000	         70.0000
        510.0000	         70.0000
        520.0000	         70.0000
        530.0000	         70.0000
        540.0000	         70.0000
        550.0000	         70.0000
        560.0000	         70.0000
        570.0000	         70.0000
        580.0000	         70.0000
        590.0000	         70.0000
        600.0000	         70.0000
          0.0000	         80.0000
         10.0000	         80.0000
         20.0000	         80.0000
         30.0000	         80.0000
         40.0000	         80.0000
         50.0000	         80.0000
         60.0000	         80.0000
         70.0000	         80.0000
         80.0000	         80.0000
         90.0000	         80.0000
        100.0000	         80.0000
        110.0000	         80.0000
        120.0000	         80.0000
        130.0000	         80.0000
        140.0000	         80.0000
        150.0000	         80.0000
        160.0000	         80.0000
        170.0000	         80.0000
        180.0000	         80.0000
        190.0000	         80.0000
        200.0000	         80.0000
        210.0000	         80.0000
        220.0000	         80.0000
        230.0000	         80.0000
        240.0000	         80.0000
        250.0000	         80.0000
        260.0000	         80.0000
        270.0000	         80.0000
        280.0000	         80.0000
        290.0000	         80.0000
        300.0000	         80.0000
        310.0000	         80.0000
        320.0000	         80.0000
        330.0000	         80.0000
        340.0000	         80.0000
        350.0000	         80.0000
        360.0000	         80.0000
        370.0000	         80.0000
        380.0000	         80.0000
        390.0000	         80.0000
        400.0000	         80.0000
        410.0000	         80.0000
        420.0000	         80.0000
        430.0000	         80.0000
        440.0000	         80.0000
        450.0000	         80.0000
        460.0000	         80.0000
        470.0000	         80.0000
        480.0000	         80.0000
        490.0000	         80.0000
        500.0000	         80.0000
        510.0000	         80.0000
        520.0000	         80.0000
        530.0000	         80.0000
        540.0000	         80.0000
        550.0000	         80.0000
        560.0000	         80.0000
        570.0000	         80.0000
        580.0000	         80.0000
        590.0000	         80.0000
        600.0000	         80.0000
          0.0000	         90.0000
         10.0000	         90.0000
         20.0000	         90.0000
         30.0000	         90.0000
         40.0000	         90.0000
         50.0000	         90.0000
         60.0000	         90.0000
         70.0000	         90.0000
         80.0000	         90.0000
         90.0000	         90.0000
        100.0000	         90.0000
        110.0000	         90.0000
        120.0000	         90.0000
        130.0000	         90.0000
        140.0000	         90.0000
        150.0000	         90.0000
        160.0000	         90.0000
        170.0000	         90.0000
        180.0000	         90.0000
        190.0000	         90.0000
        200.0000	         90.0000
        210.0000	         90.0000
        220.0000	         90.0000
        230.0000	         90.0000
        240.0000	         90.0000
        250.0000	         90.0000
        260.0000	         90.0000
        270.0000	         90.0000
        280.0000	         90.0000
        290.0000	         90.0000
        300.0000	         90.0000
        310.0000	         90.0000
        320.0000	         90.0000
        330.0000	         90.0000
        340.0000	         90.0000
        350.0000	         90.0000
        360.0000	         90.0000
        370.0000	         90.0000
        380.0000	         90.0000
        390.0000	         90.0000
        400.0000	         90.0000
        410.0000	         90.0000
        420.0000	         90.0000
        430.0000	         90.0000
        440.0000	         90.0000
        450.0000	         90.0000
        460.0000	         90.0000
        470.0000	         90.0000
        480.0000	         90.0000
        490.0000	         90.0000
        500.0000	         90.0000
        510.0000	         90.0000
        520.0000	         90.0000
        530.0000	         90.0000
        540.0000	         90.0000
        550.0000	         90.0000
        560.0000	         90.0000
        570.0000	         90.0000
        580.0000	         90.0000
        590.0000	         90.0000
        600.0000	         90.0000
          0.0000	        100.0000
         10.0000	        100.0000
         20.0000	        100.0000
         30.0000	        100.0000
         40.0000	        100.0000
         50.0000	        100.0000
         60.0000	        100.0000
         70.0000	        100.0000
         80.0000	        100.0000
         90.0000	        100.0000
        100.0000	        100.0000
        110.0000	        100.0000
        120.0000	        100.0000
        130.0000	        100.0000
        140.0000	        100.0000
        150.0000	        100.0000
        160.0000	        100.0000
        170.0000	        100.0000
        180.0000	        100.0000
        190.0000	        100.0000
        200.0000	        100.0000
        210.0000	        100.0000
        220.0000	        100.0000
        230.0000	        100.0000
        240.0000	        100.0000
        250.0000	        100.0000
        260.0000	        100.0000
        270.0000	        100.0000
        280.0000	        100.0000
        290.0000	        100.0000
        300.0000	        100.0000
        310.0000	        100.0000
        320.0000	        100.0000
        330.0000	        100.0000
        340.0000	        100.0000
        350.0000	        100.0000
        360.0000	        100.0000
        370.0000	        100.0000
        380.0000	        100.0000
        390.0000	        100.0000
        400.0000	        100.0000
        410.0000	        100.0000
        420.0000	        100.0000
        430.0000	        100.0000
        440.0000	        100.0000
        450.0000	        100.0000
        460.0000	        100.0000
        470.0000	        100.0000
        480.0000	        100.0000
        490.0000	        100.0000
        500.0000	        100.0000
        510.0000	        100.0000
        520.0000	        100.0000
        530.0000	        100.0000
        540.0000	        100.0000
        550.0000	        100.0000
        560.0000	        100.0000
        570.0000	        100.0000
        580.0000	        100.0000
        590.0000	        100.0000
        600.0000	        100.0000
          0.0000	        110.0000
         10.0000	        110.0000
         20.0000	        110.0000
         30.0000	        110.0000
         40.0000	        110.0000
         50.0000	        110.0000
         60.0000	        110.0000
         70.0000	        110.0000
         80.0000	        110.0000
         90.0000	        110.0000
        100.0000	        110.0000
        110.0000	        110.0000
        120.0000	        110.0000
        130.0000	        110.0000
        140.0000	        110.0000
        150.0000	        110.0000
        160.0000	        110.0000
        170.0000	        110.0000
        180.0000	        110.0000
        190.0000	        110.0000
        200.0000	        110.0000
        210.0000	        110.0000
        220.0000	        110.0000
        230.0000	        110.0000
        240.0000	        110.0000
        250.0000	        110.0000
        260.0000	        110.0000
        270.0000	        110.0000
        280.0000	        110.0000
        290.0000	        110.0000
        300.0000	        110.0000
        310.0000	        110.0000
        320.0000	        110.0000
        330.0000	        110.0000
        340.0000	        110.0000
        350.0000	        110.0000
        360.0000	        110.0000
        370.0000	        110.0000
        380.0000	        110.0000
        390.0000	        110.0000
        400.0000	        110.0000
        410.0000	        110.0000
        420.0000	        110.0000
        430.0000	        110.0000
        440.0000	        110.0000
        450.0000	        110.0000
        460.0000	        110.0000
        470.0000	        110.0000
        480.0000	        110.0000
        490.0000	        110.0000
        500.0000	        110.0000
        510.0000	        110.0000
        520.0000	        110.0000
        530.0000	        110.0000
        540.0000	        110.0000
        550.0000	        110.0000
        560.0000	        110.0000
        570.0000	        110.0000
        580.0000	        110.0000
        590.0000	        110.0000
        600.0000	        110.0000
          0.0000	        120.0000
         10.0000	        120.0000
         20.0000	        120.0000
         30.0000	        120.0000
         40.0000	        120.0000
         50.0000	        120.0000
         60.0000	        120.0000
         70.0000	        120.0000
         80.0000	        120.0000
         90.0000	        120.0000
        100.0000	        120.0000
        110.0000	        120.0000
        120.0000	        120.0000
        130.0000	        120.0000
        140.0000	        120.0000
        150.0000	        120.0000
        160.0000	        120.0000
        170.0000	        120.0000
        180.0000	        120.0000
        190.0000	        120.0000
        200.0000	        120.0000
        210.0000	        120.0000
        220.0000	        120.0000
        230.0000	        120.0000
        240.0000	        120.0000
        250.0000	        120.0000
        260.0000	        120.0000
        270.0000	        120.0000
        280.0000	        120.0000
        290.0000	        120.0000
        300.0000	        120.0000
        310.0000	        120.0000
        320.0000	        120.0000
        330.0000	        120.0000
        340.0000	        120.0000
        350.0000	        120.0000
        360.0000	        120.0000
        370.0000	        120.0000
        380.0000	        120.0000
        390.0000	        120.0000
        400.0000	        120.0000
        410.0000	        120.0000
        420.0000	        120.0000
        430.0000	        120.0000
        440.0000	        120.0000
        450.0000	        120.0000
        460.0000	        120.0000
        470.0000	        120.0000
        480.0000	        120.0000
        490.0000	        120.0000
        500.0000	        120.0000
        510.0000	        120.0000
        520.0000	        120.0000
        530.0000	        120.0000
        540.0000	        120.0000
        550.0000	        120.0000
        560.0000	        120.0000
        570.0000	        120.0000
        580.0000	        120.0000
        590.0000	        120.0000
        600.0000	        120.0000
          0.0000	        130.0000
         10.0000	        130.0000
         20.0000	        130.0000
         30.0000	        130.0000
         40.0000	        130.0000
         50.0000	        130.0000
         60.0000	        130.0000
         70.0000	        130.0000
         80.0000	        130.0000
         90.0000	        130.0000
        100.0000	        130.0000
        110.0000	        130.0000
        120.0000	        130.0000
        130.0000	        130.0000
        140.0000	        130.0000
        150.0000	        130.0000
        160.0000	        130.0000
        170.0000	        130.0000
        180.0000	        130.0000
        190.0000	        130.0000
        200.0000	        130.0000
        210.0000	        130.0000
        220.0000	        130.0000
        230.0000	        130.0000
        240.0000	        130.0000
        250.0000	        130.0000
        260.0000	        130.0000
        270.0000	        130.0000
        280.0000	        130.0000
        290.0000	        130.0000
        300.0000	        130.0000
        310.0000	        130.0000
        320.0000	        130.0000
        330.0000	        130.0000
        340.0000	        130.0000
        350.0000	        130.0000
        360.0000	        130.0000
        370.0000	        130.0000
        380.0000	        130.0000
        390.0000	        130.0000
        400.0000	        130.0000
        410.0000	        130.0000
        420.0000	        130.0000
        430.0000	        130.0000
        440.0000	        130.0000
        450.0000	        130.0000
        460.0000	        130.0000
        470.0000	        130.0000
        480.0000	        130.0000
        490.0000	        130.0000
        500.0000	        130.0000
        510.0000	        130.0000
        520.0000	        130.0000
        530.0000	        130.0000
        540.0000	        130.0000
        550.0000	        130.0000
        560.0000	        130.0000
        570.0000	        130.0000
        580.0000	        130.0000
        590.0000	        130.0000
        600.0000	        130.0000
          0.0000	        140.0000
         10.0000	        140.0000
         20.0000	        140.0000
         30.0000	        140.0000
         40.0000	        140.0000
         50.0000	        140.0000
         60.0000	        140.0000
         70.0000	        140.0000
         80.0000	        140.0000
         90.0000	        140.0000
        100.0000	        140.0000
        110.0000	        140.0000
        120.0000	        140.0000
        130.0000	        140.0000
        140.0000	        140.0000
        150.0000	        140.0000
        160.0000	        140.0000
        170.0000	        140.0000
        180.0000	        140.0000
        190.0000	        140.0000
        200.0000	        140.0000
        210.0000	        140.0000
        220.0000	        140.0000
        230.0000	        140.0000
        240.0000	        140.0000
        250.0000	        140.0000
        260.0000	        140.0000
        270.0000	        140.0000
        280.0000	        140.0000
        290.0000	        140.0000
        300.0000	        140.0000
        310.0000	        140.0000
        320.0000	        140.0000
        330.0000	        140.0000
        340.0000	        140.0000
        350.0000	        140.0000
        360.0000	        140.0000
        370.0000	        140.0000
        380.0000	        140.0000
        390.0000	        140.0000
        400.0000	        140.0000
        410.0000	        140.0000
        420.0000	        140.0000
        430.0000	        140.0000
        440.0000	        140.0000
        450.0000	        140.0000
        460.0000	        140.0000
        470.0000	        140.0000
        480.0000	        140.0000
        490.0000	        140.0000
        500.0000	        140.0000
        510.0000	        140.0000
        520.0000	        140.0000
        530.0000	        140.0000
        540.0000	        140.0000
        550.0000	        140.0000
        560.0000	        140.0000
        570.0000	        140.0000
        580.0000	        140.0000
        590.0000	        140.0000
        600.0000	        140.0000
          0.0000	        150.0000
         10.0000	        150.0000
         20.0000	        150.0000
         30.0000	        150.0000
         40.0000	        150.0000
         50.0000	        150.0000
         60.0000	        150.0000
         70.0000	        150.0000
         80.0000	        150.0000
         90.0000	        150.0000
        100.0000	        150.0000
        110.0000	        150.0000
        120.0000	        150.0000
        130.0000	        150.0000
        140.0000	        150.0000
        150.0000	        150.0000
        160.0000	        150.0000
        170.0000	        150.0000
        180.0000	        150.0000
        190.0000	        150.0000
        200.0000	        150.0000
        210.0000	        150.0000
        220.0000	        150.0000
        230.0000	        150.0000
        240.0000	        150.0000
        250.0000	        150.0000
        260.0000	        150.0000
        270.0000	        150.0000
        280.0000	        150.0000
        290.0000	        150.0000
        300.0000	        150.0000
        310.0000	        150.0000
        320.0000	        150.0000
        330.0000	        150.0000
        340.0000	        150.0000
        350.0000	        150.0000
        360.0000	        150.0000
        370.0000	        150.0000
        380.0000	        150.0000
        390.0000	        150.0000
        400.0000	        150.0000
        410.0000	        150.0000
        420.0000	        150.0000
        430.0000	        150.0000
        440.0000	        150.0000
        450.0000	        150.0000
        460.0000	        150.0000
        470.0000	        150.0000
        480.0000	        150.0000
        490.0000	        150.0000
        500.0000	        150.0000
        510.0000	        150.0000
        520.0000	        150.0000
        530.0000	        150.0000
        540.0000	        150.0000
        550.0000	        150.0000
        560.0000	        150.0000
        570.0000	        150.0000
        580.0000	        150.0000
        590.0000	        150.0000
        600.0000	        150.0000
          0.0000	        160.0000
         10.0000	        160.0000
         20.0000	        160.0000
         30.0000	        160.0000
         40.0000	        160.0000
         50.0000	        160.0000
         60.0000	        160.0000
         70.0000	        160.0000
         80.0000	        160.0000
         90.0000	        160.0000
        100.0000	        160.0000
        110.0000	        160.0000
        120.0000	        160.0000
        130.0000	        160.0000
        140.0000	        160.0000
        150.0000	        160.0000
        160.0000	        160.0000
        170.0000	        160.0000
        180.0000	        160.0000
        190.0000	        160.0000
        200.0000	        160.0000
        210.0000	        160.0000
        220.0000	        160.0000
        230.0000	        160.0000
        240.0000	        160.0000
        250.0000	        160.0000
        260.0000	        160.0000
        270.0000	        160.0000
        280.0000	        160.0000
        290.0000	        160.0000
        300.0000	        160.0000
        310.0000	        160.0000
        320.0000	        160.0000
        330.0000	        160.0000
        340.0000	        160.0000
        350.0000	        160.0000
        360.0000	        160.0000
        370.0000	        160.0000
        380.0000	        160.0000
        390.0000	        160.0000
        400.0000	        160.0000
        410.0000	        160.0000
        420.0000	        160.0000
        430.0000	        160.0000
        440.0000	        160.0000
        450.0000	        160.0000
        460.0000	        160.0000
        470.0000	        160.0000
        480.0000	        160.0000
        490.0000	        160.0000
        500.0000	        160.0000
        510.0000	        160.0000
        520.0000	        160.0000
        530.0000	        160.0000
        540.0000	        160.0000
        550.0000	        160.0000
        560.0000	        160.0000
        570.0000	        160.0000
        580.0000	        160.0000
        590.0000	        160.0000
        600.0000	        160.0000
          0.0000	        170.0000
         10.0000	        170.0000
         20.0000	        170.0000
         30.0000	        170.0000
         40.0000	        170.0000
         50.0000	        170.0000
         60.0000	        170.0000
         70.0000	        170.0000
         80.0000	        170.0000
         90.0000	        170.0000
        100.0000	        170.0000
        110.0000	        170.0000
        120.0000	        170.0000
        130.0000	        170.0000
        140.0000	        170.0000
        150.0000	        170.0000
        160.0000	        170.0000
        170.0000	        170.0000
        180.0000	        170.0000
        190.0000	        170.0000
        200.0000	        170.0000
        210.0000	        170.0000
        220.0000	        170.0000
        230.0000	        170.0000
        240.0000	        170.0000
        250.0000	        170.0000
        260.0000	        170.0000
        270.0000	        170.0000
        280.0000	        170.0000
        290.0000	        170.0000
        300.0000	        170.0000
        310.0000	        170.0000
        320.0000	        170.0000
        330.0000	        170.0000
        340.0000	        170.0000
        350.0000	        170.0000
        360.0000	        170.0000
        370.0000	        170.0000
        380.0000	        170.0000
        390.0000	        170.0000
        400.0000	        170.0000
        410.0000	        170.0000
        420.0000	        170.0000
        430.0000	        170.0000
        440.0000	        170.0000
        450.0000	        170.0000
        460.0000	        170.0000
        470.0000	        170.0000
        480.0000	        170.0000
        490.0000	        170.0000
        500.0000	        170.0000
        510.0000	        170.0000
        520.0000	        170.0000
        530.0000	        170.0000
        540.0000	        170.0000
        550.0000	        170.0000
        560.0000	        170.0000
        570.0000	        170.0000
        580.0000	        170.0000
        590.0000	        170.0000
        600.0000	        170.0000
          0.0000	        180.0000
         10.0000	        180.0000
         20.0000	        180.0000
         30.0000	        180.0000
         40.0000	        180.0000
         50.0000	        180.0000
         60.0000	        180.0000
         70.0000	        180.0000
         80.0000	        180.0000
         90.0000	        180.0000
        100.0000	        180.0000
        110.0000	        180.0000
        120.0000	        180.0000
        130.0000	        180.0000
        140.0000	        180.0000
        150.0000	        180.0000
        160.0000	        180.0000
        170.0000	        180.0000
        180.0000	        180.0000
        190.0000	        180.0000
        200.0000	        180.0000
        210.0000	        180.0000
        220.0000	        180.0000
        230.0000	        180.0000
        240.0000	        180.0000
        250.0000	        180.0000
        260.0000	        180.0000
        270.0000	        180.0000
        280.0000	        180.0000
        290.0000	        180.0000
        300.0000	        180.0000
        310.0000	        180.0000
        320.0000	        180.0000
        330.0000	        180.0000
        340.0000	        180.0000
        350.0000	        180.0000
        360.0000	        180.0000
        370.0000	        180.0000
        380.0000	        180.0000
        390.0000	        180.0000
        400.0000	        180.0000
        410.0000	        180.0000
        420.0000	        180.0000
        430.0000	        180.0000
        440.0000	        180.0000
        450.0000	        180.0000
        460.0000	        180.0000
        470.0000	        180.0000
        480.0000	        180.0000
        490.0000	        180.0000
        500.0000	        180.0000
        510.0000	        180.0000
        520.0000	        180.0000
        530.0000	        180.0000
        540.0000	        180.0000
        550.0000	        180.0000
        560.0000	        180.0000
        570.0000	        180.0000
        580.0000	        180.0000
        590.0000	        180.0000
        600.0000	        180.0000
          0.0000	        190.0000
         10.0000	        190.0000
         20.0000	        190.0000
         30.0000	        190.0000
         40.0000	        190.0000
         50.0000	        190.0000
         60.0000	        190.0000
         70.0000	        190.0000
         80.0000	        190.0000
         90.0000	        190.0000
        100.0000	        190.0000
        110.0000	        190.0000
        120.0000	        190.0000
        130.0000	        190.0000
        140.0000	        190.0000
        150.0000	        190.0000
        160.0000	        190.0000
        170.0000	        190.0000
        180.0000	        190.0000
        190.0000	        190.0000
        200.0000	        190.0000
        210.0000	        190.0000
        220.0000	        190.0000
        230.0000	        190.0000
        240.0000	        190.0000
        250.0000	        190.0000
        260.0000	        190.0000
        270.0000	        190.0000
        280.0000	        190.0000
        290.0000	        190.0000
        300.0000	        190.0000
        310.0000	        190.0000
        320.0000	        190.0000
        330.0000	        190.0000
        340.0000	        190.0000
        350.0000	        190.0000
        360.0000	        190.0000
        370.0000	        190.0000
        380.0000	        190.0000
        390.0000	        190.0000
        400.0000	        190.0000
        410.0000	        190.0000
        420.0000	        190.0000
        430.0000	        190.0000
        440.0000	        190.0000
        450.0000	        190.0000
        460.0000	        190.0000
        470.0000	        190.0000
        480.0000	        190.0000
        490.0000	        190.0000
        500.0000	        190.0000
        510.0000	        190.0000
        520.0000	        190.0000
        530.0000	        190.0000
        540.0000	        190.0000
        550.0000	        190.0000
        560.0000	        190.0000
        570.0000	        190.0000
        580.0000	        190.0000
        590.0000	        190.0000
        600.0000	        190.0000
          0.0000	        200.0000
         10.0000	        200.0000
         20.0000	        200.0000
         30.0000	        200.0000
         40.0000	        200.0000
         50.0000	        200.0000
         60.0000	        200.0000
         70.0000	        200.0000
         80.0000	        200.0000
         90.0000	        200.0000
        100.0000	        200.0000
        110.0000	        200.0000
        120.0000	        200.0000
        130.0000	        200.0000
        140.0000	        200.0000
        150.0000	        200.0000
        160.0000	        200.0000
        170.0000	        200.0000
        180.0000	        200.0000
        190.0000	        200.0000
        200.0000	        200.0000
        210.0000	        200.0000
        220.0000	        200.0000
        230.0000	        200.0000
        240.0000	        200.0000
        250.0000	        200.0000
        260.0000	        200.0000
        270.0000	        200.0000
        280.0000	        200.0000
        290.0000	        200.0000
        300.0000	        200.0000
        310.0000	        200.0000
        320.0000	        200.0000
        330.0000	        200.0000
        340.0000	        200.0000
        350.0000	        200.0000
        360.0000	        200.0000
        370.0000	        200.0000
        380.0000	        200.0000
        390.0000	        200.0000
        400.0000	        200.0000
        410.0000	        200.0000
        420.0000	        200.0000
        430.0000	        200.0000
        440.0000	        200.0000
        450.0000	        200.0000
        460.0000	        200.0000
        470.0000	        200.0000
        480.0000	        200.0000
        490.0000	        200.0000
        500.0000	        200.0000
        510.0000	        200.0000
        520.0000	        200.0000
        530.0000	        200.0000
        540.0000	        200.0000
        550.0000	        200.0000
        560.0000	        200.0000
        570.0000	        200.0000
        580.0000	        200.0000
        590.0000	        200.0000
        600.0000	        200.0000
          0.0000	        210.0000
         10.0000	        210.0000
         20.0000	        210.0000
         30.0000	        210.0000
         40.0000	        210.0000
         50.0000	        210.0000
         60.0000	        210.0000
         70.0000	        210.0000
         80.0000	        210.0000
         90.0000	        210.0000
        100.0000	        210.0000
        110.0000	        210.0000
        120.0000	        210.0000
        130.0000	        210.0000
        140.0000	        210.0000
        150.0000	        210.0000
        160.0000	        210.0000
        170.0000	        210.0000
        180.0000	        210.0000
        190.0000	        210.0000
        200.0000	        210.0000
        210.0000	        210.0000
        220.0000	        210.0000
        230.0000	        210.0000
        240.0000	        210.0000
        250.0000	        210.0000
        260.0000	        210.0000
        270.0000	        210.0000
        280.0000	        210.0000
        290.0000	        210.0000
        300.0000	        210.0000
        310.0000	        210.0000
        320.0000	        210.0000
        330.0000	        210.0000
        340.0000	        210.0000
        350.0000	        210.0000
        360.0000	        210.0000
        370.0000	        210.0000
        380.0000	        210.0000
        390.0000	        210.0000
        400.0000	        210.0000
        410.0000	        210.0000
        420.0000	        210.0000
        430.0000	        210.0000
        440.0000	        210.0000
        450.0000	        210.0000
        460.0000	        210.0000
        470.0000	        210.0000
        480.0000	        210.0000
        490.0000	        210.0000
        500.0000	        210.0000
        510.0000	        210.0000
        520.0000	        210.0000
        530.0000	        210.0000
        540.0000	        210.0000
        550.0000	        210.0000
        560.0000	        210.0000
        570.0000	        210.0000
        580.0000	        210.0000
        590.0000	        210.0000
        600.0000	        210.0000
          0.0000	        220.0000
         10.0000	        220.0000
         20.0000	        220.0000
         30.0000	        220.0000
         40.0000	        220.0000
         50.0000	        220.0000
         60.0000	        220.0000
         70.0000	        220.0000
         80.0000	        220.0000
         90.0000	        220.0000
        100.0000	        220.0000
        110.0000	        220.0000
        120.0000	        220.0000
        130.0000	        220.0000
        140.0000	        220.0000
        150.0000	        220.0000
        160.0000	        220.0000
        170.0000	        220.0000
        180.0000	        220.0000
        190.0000	        220.0000
        200.0000	        220.0000
        210.0000	        220.0000
        220.0000	        220.0000
        230.0000	        220.0000
        240.0000	        220.0000
        250.0000	        220.0000
        260.0000	        220.0000
        270.0000	        220.0000
        280.0000	        220.0000
        290.0000	        220.0000
        300.0000	        220.0000
        310.0000	        220.0000
        320.0000	        220.0000
        330.0000	        220.0000
        340.0000	        220.0000
        350.0000	        220.0000
        360.0000	        220.0000
        370.0000	        220.0000
        380.0000	        220.0000
        390.0000	        220.0000
        400.0000	        220.0000
        410.0000	        220.0000
        420.0000	        220.0000
        430.0000	        220.0000
        440.0000	        220.0000
        450.0000	        220.0000
        460.0000	        220.0000
        470.0000	        220.0000
        480.0000	        220.0000
        490.0000	        220.0000
        500.0000	        220.0000
        510.0000	        220.0000
        520.0000	        220.0000
        530.0000	        220.0000
        540.0000	        220.0000
        550.0000	        220.0000
        560.0000	        220.0000
        570.0000	        220.0000
        580.0000	        220.0000
        590.0000	        220.0000
        600.0000	        220.0000
          0.0000	        230.0000
         10.0000	        230.0000
         20.0000	        230.0000
         30.0000	        230.0000
         40.0000	        230.0000
         50.0000	        230.0000
         60.0000	        230.0000
         70.0000	        230.0000
         80.0000	        230.0000
         90.0000	        230.0000
        100.0000	        230.0000
        110.0000	        230.0000
        120.0000	        230.0000
        130.0000	        230.0000
        140.0000	        230.0000
        150.0000	        230.0000
        160.0000	        230.0000
        170.0000	        230.0000
        180.0000	        230.0000
        190.0000	        230.0000
        200.0000	        230.0000
        210.0000	        230.0000
        220.0000	        230.0000
        230.0000	        230.0000
        240.0000	        230.0000
        250.0000	        230.0000
        260.0000	        230.0000
        270.0000	        230.0000
        280.0000	        230.0000
        290.0000	        230.0000
        300.0000	        230.0000
        310.0000	        230.0000
        320.0000	        230.0000
        330.0000	        230.0000
        340.0000	        230.0000
        350.0000	        230.0000
        360.0000	        230.0000
        370.0000	        230.0000
        380.0000	        230.0000
        390.0000	        230.0000
        400.0000	        230.0000
        410.0000	        230.0000
        420.0000	        230.0000
        430.0000	        230.0000
        440.0000	        230.0000
        450.0000	        230.0000
        460.0000	        230.0000
        470.0000	        230.0000
        480.0000	        230.0000
        490.0000	        230.0000
        500.0000	        230.0000
        510.0000	        230.0000
        520.0000	        230.0000
        530.0000	        230.0000
        540.0000	        230.0000
        550.0000	        230.0000
        560.0000	        230.0000
        570.0000	        230.0000
        580.0000	        230.0000
        590.0000	        230.0000
        600.0000	        230.0000
          0.0000	        240.0000
         10.0000	        240.0000
         20.0000	        240.0000
         30.0000	        240.0000
         40.0000	        240.0000
         50.0000	        240.0000
         60.0000	        240.0000
         70.0000	        240.0000
         80.0000	        240.0000
         90.0000	        240.0000
        100.0000	        240.0000
        110.0000	        240.0000
        120.0000	        240.0000
        130.0000	        240.0000
        140.0000	        240.0000
        150.0000	        240.0000
        160.0000	        240.0000
        170.0000	        240.0000
        180.0000	        240.0000
        190.0000	        240.0000
        200.0000	        240.0000
        210.0000	        240.0000
        220.0000	        240.0000
        230.0000	        240.0000
        240.0000	        240.0000
        250.0000	        240.0000
        260.0000	        240.0000
        270.0000	        240.0000
        280.0000	        240.0000
        290.0000	        240.0000
        300.0000	        240.0000
        310.0000	        240.0000
        320.0000	        240.0000
        330.0000	        240.0000
        340.0000	        240.0000
        350.0000	        240.0000
        360.0000	        240.0000
        370.0000	        240.0000
        380.0000	        240.0000
        390.0000	        240.0000
        400.0000	        240.0000
        410.0000	        240.0000
        420.0000	        240.0000
        430.0000	        240.0000
        440.0000	        240.0000
        450.0000	        240.0000
        460.0000	        240.0000
        470.0000	        240.0000
        480.0000	        240.0000
        490.0000	        240.0000
        500.0000	        240.0000
        510.0000	        240.0000
        520.0000	        240.0000
        530.0000	        240.0000
        540.0000	        240.0000
        550.0000	        240.0000
        560.0000	        240.0000
        570.0000	        240.0000
        580.0000	        240.0000
        590.0000	        240.0000
        600.0000	        240.0000
          0.0000	        250.0000
         10.0000	        250.0000
         20.0000	        250.0000
         30.0000	        250.0000
         40.0000	        250.0000
         50.0000	        250.0000
         60.0000	        250.0000
         70.0000	        250.0000
         80.0000	        250.0000
         90.0000	        250.0000
        100.0000	        250.0000
        110.0000	        250.0000
        120.0000	        250.0000
        130.0000	        250.0000
        140.0000	        250.0000
        150.0000	        250.0000
        160.0000	        250.0000
        170.0000	        250.0000
        180.0000	        250.0000
        190.0000	        250.0000
        200.0000	        250.0000
        210.0000	        250.0000
        220.0000	        250.0000
        230.0000	        250.0000
        240.0000	        250.0000
        250.0000	        250.0000
        260.0000	        250.0000
        270.0000	        250.0000
        280.0000	        250.0000
        290.0000	        250.0000
        300.0000	        250.0000
        310.0000	        250.0000
        320.0000	        250.0000
        330.0000	        250.0000
        340.0000	        250.0000
        350.0000	        250.0000
        360.0000	        250.0000
        370.0000	        250.0000
        380.0000	        250.0000
        390.0000	        250.0000
        400.0000	        250.0000
        410.0000	        250.0000
        420.0000	        250.0000
        430.0000	        250.0000
        440.0000	        250.0000
        450.0000	        250.0000
        460.0000	        250.0000
        470.0000	        250.0000
        480.0000	        250.0000
        490.0000	        250.0000
        500.0000	        250.0000
        510.0000	        250.0000
        520.0000	        250.0000
        530.0000	        250.0000
        540.0000	        250.0000
        550.0000	        250.0000
        560.0000	        250.0000
        570.0000	        250.0000
        580.0000	        250.0000
        590.0000	        250.0000
        600.0000	        250.0000
          0.0000	        260.0000
         10.0000	        260.0000
         20.0000	        260.0000
         30.0000	        260.0000
         40.0000	        260.0000
         50.0000	        260.0000
         60.0000	        260.0000
         70.0000	        260.0000
         80.0000	        260.0000
         90.0000	        260.0000
        100.0000	        260.0000
        110.0000	        260.0000
        120.0000	        260.0000
        130.0000	        260.0000
        140.0000	        260.0000
        150.0000	        260.0000
        160.0000	        260.0000
        170.0000	        260.0000
        180.0000	        260.0000
        190.0000	        260.0000
        200.0000	        260.0000
        210.0000	        260.0000
        220.0000	        260.0000
        230.0000	        260.0000
        240.0000	        260.0000
        250.0000	        260.0000
        260.0000	        260.0000
        270.0000	        260.0000
        280.0000	        260.0000
        290.0000	        260.0000
        300.0000	        260.0000
        310.0000	        260.0000
        320.0000	        260.0000
        330.0000	        260.0000
        340.0000	        260.0000
        350.0000	        260.0000
        360.0000	        260.0000
        370.0000	        260.0000
        380.0000	        260.0000
        390.0000	        260.0000
        400.0000	        260.0000
        410.0000	        260.0000
        420.0000	        260.0000
        430.0000	        260.0000
        440.0000	        260.0000
        450.0000	        260.0000
        460.0000	        260.0000
        470.0000	        260.0000
        480.0000	        260.0000
        490.0000	        260.0000
        500.0000	        260.0000
        510.0000	        260.0000
        520.0000	        260.0000
        530.0000	        260.0000
        540.0000	        260.0000
        550.0000	        260.0000
        560.0000	        260.0000
        570.0000	        260.0000
        580.0000	        260.0000
        590.0000	        260.0000
        600.0000	        260.0000
          0.0000	        270.0000
         10.0000	        270.0000
         20.0000	        270.0000
         30.0000	        270.0000
         40.0000	        270.0000
         50.0000	        270.0000
         60.0000	        270.0000
         70.0000	        270.0000
         80.0000	        270.0000
         90.0000	        270.0000
        100.0000	        270.0000
        110.0000	        270.0000
        120.0000	        270.0000
        130.0000	        270.0000
        140.0000	        270.0000
        150.0000	        270.0000
        160.0000	        270.0000
        170.0000	        270.0000
        180.0000	        270.0000
        190.0000	        270.0000
        200.0000	        270.0000
        210.0000	        270.0000
        220.0000	        270.0000
        230.0000	        270.0000
        240.0000	        270.0000
        250.0000	        270.0000
        260.0000	        270.0000
        270.0000	        270.0000
        280.0000	        270.0000
        290.0000	        270.0000
        300.0000	        270.0000
        310.0000	        270.0000
        320.0000	        270.0000
        330.0000	        270.0000
        340.0000	        270.0000
        350.0000	        270.0000
        360.0000	        270.0000
        370.0000	        270.0000
        380.0000	        270.0000
        390.0000	        270.0000
        400.0000	        270.0000
        410.0000	        270.0000
        420.0000	        270.0000
        430.0000	        270.0000
        440.0000	        270.0000
        450.0000	        270.0000
        460.0000	        270.0000
        470.0000	        270.0000
        480.0000	        270.0000
        490.0000	        270.0000
        500.0000	        270.0000
        510.0000	        270.0000
        520.0000	        270.0000
        530.0000	        270.0000
        540.0000	        270.0000
        550.0000	        270.0000
        560.0000	        270.0000
        570.0000	        270.0000
        580.0000	        270.0000
        590.0000	        270.0000
        600.0000	        270.0000
          0.0000	        280.0000
         10.0000	        280.0000
         20.0000	        280.0000
         30.0000	        280.0000
         40.0000	        280.0000
         50.0000	        280.0000
         60.0000	        280.0000
         70.0000	        280.0000
         80.0000	        280.0000
         90.0000	        280.0000
        100.0000	        280.0000
        110.0000	        280.0000
        120.0000	        280.0000
        130.0000	        280.0000
        140.0000	        280.0000
        150.0000	        280.0000
        160.0000	        280.0000
        170.0000	        280.0000
        180.0000	        280.0000
        190.0000	        280.0000
        200.0000	        280.0000
        210.0000	        280.0000
        220.0000	        280.0000
        230.0000	        280.0000
        240.0000	        280.0000
        250.0000	        280.0000
        260.0000	        280.0000
        270.0000	        280.0000
        280.0000	        280.0000
        290.0000	        280.0000
        300.0000	        280.0000
        310.0000	        280.0000
        320.0000	        280.0000
        330.0000	        280.0000
        340.0000	        280.0000
        350.0000	        280.0000
        360.0000	        280.0000
        370.0000	        280.0000
        380.0000	        280.0000
        390.0000	        280.0000
        400.0000	        280.0000
        410.0000	        280.0000
        420.0000	        280.0000
        430.0000	        280.0000
        440.0000	        280.0000
        450.0000	        280.0000
        460.0000	        280.0000
        470.0000	        280.0000
        480.0000	        280.0000
        490.0000	        280.0000
        500.0000	        280.0000
        510.0000	        280.0000
        520.0000	        280.0000
        530.0000	        280.0000
        540.0000	        280.0000
        550.0000	        280.0000
        560.0000	        280.0000
        570.0000	        280.0000
        580.0000	        280.0000
        590.0000	        280.0000
        600.0000	        280.0000
          0.0000	        290.0000
         10.0000	        290.0000
         20.0000	        290.0000
         30.0000	        290.0000
         40.0000	        290.0000
         50.0000	        290.0000
         60.0000	        290.0000
         70.0000	        290.0000
         80.0000	        290.0000
         90.0000	        290.0000
        100.0000	        290.0000
        110.0000	        290.0000
        120.0000	        290.0000
        130.0000	        290.0000
        140.0000	        290.0000
        150.0000	        290.0000
        160.0000	        290.0000
        170.0000	        290.0000
        180.0000	        290.0000
        190.0000	        290.0000
        200.0000	        290.0000
        210.0000	        290.0000
        220.0000	        290.0000
        230.0000	        290.0000
        240.0000	        290.0000
        250.0000	        290.0000
        260.0000	        290.0000
        270.0000	        290.0000
        280.0000	        290.0000
        290.0000	        290.0000
        300.0000	        290.0000
        310.0000	        290.0000
        320.0000	        290.0000
        330.0000	        290.0000
        340.0000	        290.0000
        350.0000	        290.0000
        360.0000	        290.0000
        370.0000	        290.0000
        380.0000	        290.0000
        390.0000	        290.0000
        400.0000	        290.0000
        410.0000	        290.0000
        420.0000	        290.0000
        430.0000	        290.0000
        440.0000	        290.0000
        450.0000	        290.0000
        460.0000	        290.0000
        470.0000	        290.0000
        480.0000	        290.0000
        490.0000	        290.0000
        500.0000	        290.0000
        510.0000	        290.0000
        520.0000	        290.0000
        530.0000	        290.0000
        540.0000	        290.0000
        550.0000	        290.0000
        560.0000	        290.0000
        570.0000	        290.0000
        580.0000	        290.0000
        590.0000	        290.0000
        600.0000	        290.0000
          0.0000	        300.0000
         10.0000	        300.0000
         20.0000	        300.0000
         30.0000	        300.0000
         40.0000	        300.0000
         50.0000	        300.0000
         60.0000	        300.0000
         70.0000	        300.0000
         80.0000	        300.0000
         90.0000	        300.0000
        100.0000	        300.0000
        110.0000	        300.0000
        120.0000	        300.0000
        130.0000	        300.0000
        140.0000	        300.0000
        150.0000	        300.0000
        160.0000	        300.0000
        170.0000	        300.0000
        180.0000	        300.0000
        190.0000	        300.0000
        200.0000	        300.0000
        210.0000	        300.0000
        220.0000	        300.0000
        230.0000	        300.0000
        240.0000	        300.0000
        250.0000	        300.0000
        260.0000	        300.0000
        270.0000	        300.0000
        280.0000	        300.0000
        290.0000	        300.0000
        300.0000	        300.0000
        310.0000	        300.0000
        320.0000	        300.0000
        330.0000	        300.0000
        340.0000	        300.0000
        350.0000	        300.0000
        360.0000	        300.0000
        370.0000	        300.0000
        380.0000	        300.0000
        390.0000	        300.0000
        400.0000	        300.0000
        410.0000	        300.0000
        420.0000	        300.0000
        430.0000	        300.0000
        440.0000	        300.0000
        450.0000	        300.0000
        460.0000	        300.0000
        470.0000	        300.0000
        480.0000	        300.0000
        490.0000	        300.0000
        500.0000	        300.0000
        510.0000	        300.0000
        520.0000	        300.0000
        530.0000	        300.0000
        540.0000	        300.0000
        550.0000	        300.0000
        560.0000	        300.0000
        570.0000	        300.0000
        580.0000	        300.0000
        590.0000	        300.0000
        600.0000	        300.0000
          0.0000	        310.0000
         10.0000	        310.0000
         20.0000	        310.0000
         30.0000	        310.0000
         40.0000	        310.0000
         50.0000	        310.0000
         60.0000	        310.0000
         70.0000	        310.0000
         80.0000	        310.0000
         90.0000	        310.0000
        100.0000	        310.0000
        110.0000	        310.0000
        120.0000	        310.0000
        130.0000	        310.0000
        140.0000	        310.0000
        150.0000	        310.0000
        160.0000	        310.0000
        170.0000	        310.0000
        180.0000	        310.0000
        190.0000	        310.0000
        200.0000	        310.0000
        210.0000	        310.0000
        220.0000	        310.0000
        230.0000	        310.0000
        240.0000	        310.0000
        250.0000	        310.0000
        260.0000	        310.0000
        270.0000	        310.0000
        280.0000	        310.0000
        290.0000	        310.0000
        300.0000	        310.0000
        310.0000	        310.0000
        320.0000	        310.0000
        330.0000	        310.0000
        340.0000	        310.0000
        350.0000	        310.0000
        360.0000	        310.0000
        370.0000	        310.0000
        380.0000	        310.0000
        390.0000	        310.0000
        400.0000	        310.0000
        410.0000	        310.0000
        420.0000	        310.0000
        430.0000	        310.0000
        440.0000	        310.0000
        450.0000	        310.0000
        460.0000	        310.0000
        470.0000	        310.0000
        480.0000	        310.0000
        490.0000	        310.0000
        500.0000	        310.0000
        510.0000	        310.0000
        520.0000	        310.0000
        530.0000	        310.0000
        540.0000	        310.0000
        550.0000	        310.0000
        560.0000	        310.0000
        570.0000	        310.0000
        580.0000	        310.0000
        590.0000	        310.0000
        600.0000	        310.0000
          0.0000	        320.0000
         10.0000	        320.0000
         20.0000	        320.0000
         30.0000	        320.0000
         40.0000	        320.0000
         50.0000	        320.0000
         60.0000	        320.0000
         70.0000	        320.0000
         80.0000	        320.0000
         90.0000	        320.0000
        100.0000	        320.0000
        110.0000	        320.0000
        120.0000	        320.0000
        130.0000	        320.0000
        140.0000	        320.0000
        150.0000	        320.0000
        160.0000	        320.0000
        170.0000	        320.0000
        180.0000	        320.0000
        190.0000	        320.0000
        200.0000	        320.0000
        210.0000	        320.0000
        220.0000	        320.0000
        230.0000	        320.0000
        240.0000	        320.0000
        250.0000	        320.0000
        260.0000	        320.0000
        270.0000	        320.0000
        280.0000	        320.0000
        290.0000	        320.0000
        300.0000	        320.0000
        310.0000	        320.0000
        320.0000	        320.0000
        330.0000	        320.0000
        340.0000	        320.0000
        350.0000	        320.0000
        360.0000	        320.0000
        370.0000	        320.0000
        380.0000	        320.0000
        390.0000	        320.0000
        400.0000	        320.0000
        410.0000	        320.0000
        420.0000	        320.0000
        430.0000	        320.0000
        440.0000	        320.0000
        450.0000	        320.0000
        460.0000	        320.0000
        470.0000	        320.0000
        480.0000	        320.0000
        490.0000	        320.0000
        500.0000	        320.0000
        510.0000	        320.0000
        520.0000	        320.0000
        530.0000	        320.0000
        540.0000	        320.0000
        550.0000	        320.0000
        560.0000	        320.0000
        570.0000	        320.0000
        580.0000	        320.0000
        590.0000	        320.0000
        600.0000	        320.0000
          0.0000	        330.0000
         10.0000	        330.0000
         20.0000	        330.0000
         30.0000	        330.0000
         40.0000	        330.0000
         50.0000	        330.0000
         60.0000	        330.0000
         70.0000	        330.0000
         80.0000	        330.0000
         90.0000	        330.0000
        100.0000	        330.0000
        110.0000	        330.0000
        120.0000	        330.0000
        130.0000	        330.0000
        140.0000	        330.0000
        150.0000	        330.0000
        160.0000	        330.0000
        170.0000	        330.0000
        180.0000	        330.0000
        190.0000	        330.0000
        200.0000	        330.0000
        210.0000	        330.0000
        220.0000	        330.0000
        230.0000	        330.0000
        240.0000	        330.0000
        250.0000	        330.0000
        260.0000	        330.0000
        270.0000	        330.0000
        280.0000	        330.0000
        290.0000	        330.0000
        300.0000	        330.0000
        310.0000	        330.0000
        320.0000	        330.0000
        330.0000	        330.0000
        340.0000	        330.0000
        350.0000	        330.0000
        360.0000	        330.0000
        370.0000	        330.0000
        380.0000	        330.0000
        390.0000	        330.0000
        400.0000	        330.0000
        410.0000	        330.0000
        420.0000	        330.0000
        430.0000	        330.0000
        440.0000	        330.0000
        450.0000	        330.0000
        460.0000	        330.0000
        470.0000	        330.0000
        480.0000	        330.0000
        490.0000	        330.0000
        500.0000	        330.0000
        510.0000	        330.0000
        520.0000	        330.0000
        530.0000	        330.0000
        540.0000	        330.0000
        550.0000	        330.0000
        560.0000	        330.0000
        570.0000	        330.0000
        580.0000	        330.0000
        590.0000	        330.0000
        600.0000	        330.0000
          0.0000	        340.0000
         10.0000	        340.0000
         20.0000	        340.0000
         30.0000	        340.0000
         40.0000	        340.0000
         50.0000	        340.0000
         60.0000	        340.0000
         70.0000	        340.0000
         80.0000	        340.0000
         90.0000	        340.0000
        100.0000	        340.0000
        110.0000	        340.0000
        120.0000	        340.0000
        130.0000	        340.0000
        140.0000	        340.0000
        150.0000	        340.0000
        160.0000	        340.0000
        170.0000	        340.0000
        180.0000	        340.0000
        190.0000	        340.0000
        200.0000	        340.0000
        210.0000	        340.0000
        220.0000	        340.0000
        230.0000	        340.0000
        240.0000	        340.0000
        250.0000	        340.0000
        260.0000	        340.0000
        270.0000	        340.0000
        280.0000	        340.0000
        290.0000	        340.0000
        300.0000	        340.0000
        310.0000	        340.0000
        320.0000	        340.0000
        330.0000	        340.0000
        340.0000	        340.0000
        350.0000	        340.0000
        360.0000	        340.0000
        370.0000	        340.0000
        380.0000	        340.0000
        390.0000	        340.0000
        400.0000	        340.0000
        410.0000	        340.0000
        420.0000	        340.0000
        430.0000	        340.0000
        440.0000	        340.0000
        450.0000	        340.0000
        460.0000	        340.0000
        470.0000	        340.0000
        480.0000	        340.0000
        490.0000	        340.0000
        500.0000	        340.0000
        510.0000	        340.0000
        520.0000	        340.0000
        530.0000	        340.0000
        540.0000	        340.0000
        550.0000	        340.0000
        560.0000	        340.0000
        570.0000	        340.0000
        580.0000	        340.0000
        590.0000	        340.0000
        600.0000	        340.0000
          0.0000	        350.0000
         10.0000	        350.0000
         20.0000	        350.0000
         30.0000	        350.0000
         40.0000	        350.0000
         50.0000	        350.0000
         60.0000	        350.0000
         70.0000	        350.0000
         80.0000	        350.0000
         90.0000	        350.0000
        100.0000	        350.0000
        110.0000	        350.0000
        120.0000	        350.0000
        130.0000	        350.0000
        140.0000	        350.0000
        150.0000	        350.0000
        160.0000	        350.0000
        170.0000	        350.0000
        180.0000	        350.0000
        190.0000	        350.0000
        200.0000	        350.0000
        210.0000	        350.0000
        220.0000	        350.0000
        230.0000	        350.0000
        240.0000	        350.0000
        250.0000	        350.0000
        260.0000	        350.0000
        270.0000	        350.0000
        280.0000	        350.0000
        290.0000	        350.0000
        300.0000	        350.0000
        310.0000	        350.0000
        320.0000	        350.0000
        330.0000	        350.0000
        340.0000	        350.0000
        350.0000	        350.0000
        360.0000	        350.0000
        370.0000	        350.0000
        380.0000	        350.0000
        390.0000	        350.0000
        400.0000	        350.0000
        410.0000	        350.0000
        420.0000	        350.0000
        430.0000	        350.0000
        440.0000	        350.0000
        450.0000	        350.0000
        460.0000	        350.0000
        470.0000	        350.0000
        480.0000	        350.0000
        490.0000	        350.0000
        500.0000	        350.0000
        510.0000	        350.0000
        520.0000	        350.0000
        530.0000	        350.0000
        540.0000	        350.0000
        550.0000	        350.0000
        560.0000	        350.0000
        570.0000	        350.0000
        580.0000	        350.0000
        590.0000	        350.0000
        600.0000	        350.0000
          0.0000	        360.0000
         10.0000	        360.0000
         20.0000	        360.0000
         30.0000	        360.0000
         40.0000	        360.0000
         50.0000	        360.0000
         60.0000	        360.0000
         70.0000	        360.0000
         80.0000	        360.0000
         90.0000	        360.0000
        100.0000	        360.0000
        110.0000	        360.0000
        120.0000	        360.0000
        130.0000	        360.0000
        140.0000	        360.0000
        150.0000	        360.0000
        160.0000	        360.0000
        170.0000	        360.0000
        180.0000	        360.0000
        190.0000	        360.0000
        200.0000	        360.0000
        210.0000	        360.0000
        220.0000	        360.0000
        230.0000	        360.0000
        240.0000	        360.0000
        250.0000	        360.0000
        260.0000	        360.0000
        270.0000	        360.0000
        280.0000	        360.0000
        290.0000	        360.0000
        300.0000	        360.0000
        310.0000	        360.0000
        320.0000	        360.0000
        330.0000	        360.0000
        340.0000	        360.0000
        350.0000	        360.0000
        360.0000	        360.0000
        370.0000	        360.0000
        380.0000	        360.0000
        390.0000	        360.0000
        400.0000	        360.0000
        410.0000	        360.0000
        420.0000	        360.0000
        430.0000	        360.0000
        440.0000	        360.0000
        450.0000	        360.0000
        460.0000	        360.0000
        470.0000	        360.0000
        480.0000	        360.0000
        490.0000	        360.0000
        500.0000	        360.0000
        510.0000	        360.0000
        520.0000	        360.0000
        530.0000	        360.0000
        540.0000	        360.0000
        550.0000	        360.0000
        560.0000	        360.0000
        570.0000	        360.0000
        580.0000	        360.0000
        590.0000	        360.0000
        600.0000	        360.0000
          0.0000	        370.0000
         10.0000	        370.0000
         20.0000	        370.0000
         30.0000	        370.0000
         40.0000	        370.0000
         50.0000	        370.0000
         60.0000	        370.0000
         70.0000	        370.0000
         80.0000	        370.0000
         90.0000	        370.0000
        100.0000	        370.0000
        110.0000	        370.0000
        120.0000	        370.0000
        130.0000	        370.0000
        140.0000	        370.0000
        150.0000	        370.0000
        160.0000	        370.0000
        170.0000	        370.0000
        180.0000	        370.0000
        190.0000	        370.0000
        200.0000	        370.0000
        210.0000	        370.0000
        220.0000	        370.0000
        230.0000	        370.0000
        240.0000	        370.0000
        250.0000	        370.0000
        260.0000	        370.0000
        270.0000	        370.0000
        280.0000	        370.0000
        290.0000	        370.0000
        300.0000	        370.0000
        310.0000	        370.0000
        320.0000	        370.0000
        330.0000	        370.0000
        340.0000	        370.0000
        350.0000	        370.0000
        360.0000	        370.0000
        370.0000	        370.0000
        380.0000	        370.0000
        390.0000	        370.0000
        400.0000	        370.0000
        410.0000	        370.0000
        420.0000	        370.0000
        430.0000	        370.0000
        440.0000	        370.0000
        450.0000	        370.0000
        460.0000	        370.0000
        470.0000	        370.0000
        480.0000	        370.0000
        490.0000	        370.0000
        500.0000	        370.0000
        510.0000	        370.0000
        520.0000	        370.0000
        530.0000	        370.0000
        540.0000	        370.0000
        550.0000	        370.0000
        560.0000	        370.0000
        570.0000	        370.0000
        580.0000	        370.0000
        590.0000	        370.0000
        600.0000	        370.0000
          0.0000	        380.0000
         10.0000	        380.0000
         20.0000	        380.0000
         30.0000	        380.0000
         40.0000	        380.0000
         50.0000	        380.0000
         60.0000	        380.0000
         70.0000	        380.0000
         80.0000	        380.0000
         90.0000	        380.0000
        100.0000	        380.0000
        110.0000	        380.0000
        120.0000	        380.0000
        130.0000	        380.0000
        140.0000	        380.0000
        150.0000	        380.0000
        160.0000	        380.0000
        170.0000	        380.0000
        180.0000	        380.0000
        190.0000	        380.0000
        200.0000	        380.0000
        210.0000	        380.0000
        220.0000	        380.0000
        230.0000	        380.0000
        240.0000	        380.0000
        250.0000	        380.0000
        260.0000	        380.0000
        270.0000	        380.0000
        280.0000	        380.0000
        290.0000	        380.0000
        300.0000	        380.0000
        310.0000	        380.0000
        320.0000	        380.0000
        330.0000	        380.0000
        340.0000	        380.0000
        350.0000	        380.0000
        360.0000	        380.0000
        370.0000	        380.0000
        380.0000	        380.0000
        390.0000	        380.0000
        400.0000	        380.0000
        410.0000	        380.0000
        420.0000	        380.0000
        430.0000	        380.0000
        440.0000	        380.0000
        450.0000	        380.0000
        460.0000	        380.0000
        470.0000	        380.0000
        480.0000	        380.0000
        490.0000	        380.0000
        500.0000	        380.0000
        510.0000	        380.0000
        520.0000	        380.0000
        530.0000	        380.0000
        540.0000	        380.0000
        550.0000	        380.0000
        560.0000	        380.0000
        570.0000	        380.0000
        580.0000	        380.0000
        590.0000	        380.0000
        600.0000	        380.0000
          0.0000	        390.0000
         10.0000	        390.0000
         20.0000	        390.0000
         30.0000	        390.0000
         40.0000	        390.0000
         50.0000	        390.0000
         60.0000	        390.0000
         70.0000	        390.0000
         80.0000	        390.0000
         90.0000	        390.0000
        100.0000	        390.0000
        110.0000	        390.0000
        120.0000	        390.0000
        130.0000	        390.0000
        140.0000	        390.0000
        150.0000	        390.0000
        160.0000	        390.0000
        170.0000	        390.0000
        180.0000	        390.0000
        190.0000	        390.0000
        200.0000	        390.0000
        210.0000	        390.0000
        220.0000	        390.0000
        230.0000	        390.0000
        240.0000	        390.0000
        250.0000	        390.0000
        260.0000	        390.0000
        270.0000	        390.0000
        280.0000	        390.0000
        290.0000	        390.0000
        300.0000	        390.0000
        310.0000	        390.0000
        320.0000	        390.0000
        330.0000	        390.0000
        340.0000	        390.0000
        350.0000	        390.0000
        360.0000	        390.0000
        370.0000	        390.0000
        380.0000	        390.0000
        390.0000	        390.0000
        400.0000	        390.0000
        410.0000	        390.0000
        420.0000	        390.0000
        430.0000	        390.0000
        440.0000	        390.0000
        450.0000	        390.0000
        460.0000	        390.0000
        470.0000	        390.0000
        480.0000	        390.0000
        490.0000	        390.0000
        500.0000	        390.0000
        510.0000	        390.0000
        520.0000	        390.0000
        530.0000	        390.0000
        540.0000	        390.0000
        550.0000	        390.0000
        560.0000	        390.0000
        570.0000	        390.0000
        580.0000	        390.0000
        590.0000	        390.0000
        600.0000	        390.0000
          0.0000	        400.0000
         10.0000	        400.0000
         20.0000	        400.0000
         30.0000	        400.0000
         40.0000	        400.0000
         50.0000	        400.0000
         60.0000	        400.0000
         70.0000	        400.0000
         80.0000	        400.0000
         90.0000	        400.0000
        100.0000	        400.0000
        110.0000	        400.0000
        120.0000	        400.0000
        130.0000	        400.0000
        140.0000	        400.0000
        150.0000	        400.0000
        160.0000	        400.0000
        170.0000	        400.0000
        180.0000	        400.0000
        190.0000	        400.0000
        200.0000	        400.0000
        210.0000	        400.0000
        220.0000	        400.0000
        230.0000	        400.0000
        240.0000	        400.0000
        250.0000	        400.0000
        260.0000	        400.0000
        270.0000	        400.0000
        280.0000	        400.0000
        290.0000	        400.0000
        300.0000	        400.0000
        310.0000	        400.0000
        320.0000	        400.0000
        330.0000	        400.0000
        340.0000	        400.0000
        350.0000	        400.0000
        360.0000	        400.0000
        370.0000	        400.0000
        380.0000	        400.0000
        390.0000	        400.0000
        400.0000	        400.0000
        410.0000	        400.0000
        420.0000	        400.0000
        430.0000	        400.0000
        440.0000	        400.0000
        450.0000	        400.0000
        460.0000	        400.0000
        470.0000	        400.0000
        480.0000	        400.0000
        490.0000	        400.0000
        500.0000	        400.0000
        510.0000	        400.0000
        520.0000	        400.0000
        530.0000	        400.0000
        540.0000	        400.0000
        550.0000	        400.0000
        560.0000	        400.0000
        570.0000	        400.0000
        580.0000	        400.0000
        590.0000	        400.0000
        600.0000	        400.0000
0	1	62	61
1	2	63	62
2	3	64	63
3	4	65	64
4	5	66	65
5	6	67	66
6	7	68	67
7	8	69	68
8	9	70	69
9	10	71	70
10	11	72	71
11	12	73	72
12	13	74	73
13	14	75	74
14	15	76	75
15	16	77	76
16	17	78	77
17	18	79	78
18	19	80	79
19	20	81	80
20	21	82	81
21	22	83	82
22	23	84	83
23	24	85	84
24	25	86	85
25	26	87	86
26	27	88	87
27	28	89	88
28	29	90	89
29	30	91	90
30	31	92	91
31	32	93	92
32	33	94	93
33	34	95	94
34	35	96	95
35	36	97	96
36	37	98	97
37	38	99	98
38	39	100	99
39	40	101	100
40	41	102	101
41	42	103	102
42	43	104	103
43	44	105	104
44	45	106	105
45	46	107	106
46	47	108	107
47	48	109	108
48	49	110	109
49	50	111	110
50	51	112	111
51	52	113	112
52	53	114	113
53	54	115	114
54	55	116	115
55	56	117	116
56	57	118	117
57	58	119	118
58	59	120	119
59	60	121	120
61	62	123	122
62	63	124	123
63	64	125	124
64	65	126	125
65	66	127	126
66	67	128	127
67	68	129	128
68	69	130	129
69	70	131	130
70	71	132	131
71	72	133	132
72	73	134	133
73	74	135	134
74	75	136	135
75	76	137	136
76	77	138	137
77	78	139	138
78	79	140	139
79	80	141	140
80	81	142	141
81	82	143	142
82	83	144	143
83	84	145	144
84	85	146	145
85	86	147	146
86	87	148	147
87	88	149	148
88	89	150	149
89	90	151	150
90	91	152	151
91	92	153	152
92	93	154	153
93	94	155	154
94	95	156	155
95	96	157	156
96	97	158	157
97	98	159	158
98	99	160	159
99	100	161	160
100	101	162	161
101	102	163	162
102	103	164	163
103	104	165	164
104	105	166	165
105	106	167	166
106	107	168	167
107	108	169	168
108	109	170	169
109	110	171	170
110	111	172	171
111	112	173	172
112	113	174	173
113	114	175	174
114	115	176	175
115	116	177	176
116	117	178	177
117	118	179	178
118	119	180	179
119	120	181	180
120	121	182	181
122	123	184	183
123	124	185	184
124	125	186	185
125	126	187	186
126	127	188	187
127	128	189	188
128	129	190	189
129	130	191	190
130	131	192	191
131	132	193	192
132	133	194	193
133	134	195	194
134	135	196	195
135	136	197	196
136	137	198	197
137	138	199	198
138	139	200	199
139	140	201	200
140	141	202	201
141	142	203	202
142	143	204	203
143	144	205	204
144	145	206	205
145	146	207	206
146	147	208	207
147	148	209	208
148	149	210	209
149	150	211	210
150	151	212	211
151	152	213	212
152	153	214	213
153	154	215	214
154	155	216	215
155	156	217	216
156	157	218	217
157	158	219	218
158	159	220	219
159	160	221	220
160	161	222	221
161	162	223	222
162	163	224	223
163	164	225	224
164	165	226	225
165	166	227	226
166	167	228	227
167	168	229	228
168	169	230	229
169	170	231	230
170	171	232	231
171	172	233	232
172	173	234	233
173	174	235	234
174	175	236	235
175	176	237	236
176	177	238	237
177	178	239	238
178	179	240	239
179	180	241	240
180	181	242	241
181	182	243	242
183	184	245	244
184	185	246	245
185	186	247	246
186	187	248	247
187	188	249	248
188	189	250	249
189	190	251	250
190	191	252	251
191	192	253	252
192	193	254	253
193	194	255	254
194	195	256	255
195	196	257	256
196	197	258	257
197	198	259	258
198	199	260	259
199	200	261	260
200	201	262	261
201	202	263	262
202	203	264	263
203	204	265	264
204	205	266	265
205	206	267	266
206	207	268	267
207	208	269	268
208	209	270	269
209	210	271	270
210	211	272	271
211	212	273	272
212	213	274	273
213	214	275	274
214	215	276	275
215	216	277	276
216	217	278	277
217	218	279	278
218	219	280	279
219	220	281	280
220	221	282	281
221	222	283	282
222	223	284	283
223	224	285	284
224	225	286	285
225	226	287	286
226	227	288	287
227	228	289	288
228	229	290	289
229	230	291	290
230	231	292	291
231	232	293	292
232	233	294	293
233	234	295	294
234	235	296	295
235	236	297	296
236	237	298	297
237	238	299	298
238	239	300	299
239	240	301	300
240	241	302	301
241	242	303	302
242	243	304	303
244	245	306	305
245	246	307	306
246	247	308	307
247	248	309	308
248	249	310	309
249	250	311	310
250	251	312	311
251	252	313	312
252	253	314	313
253	254	315	314
254	255	316	315
255	256	317	316
256	257	318	317
257	258	319	318
258	259	320	319
259	260	321	320
260	261	322	321
261	262	323	322
262	263	324	323
263	264	325	324
264	265	326	325
265	266	327	326
266	267	328	327
267	268	329	328
268	269	330	329
269	270	331	330
270	271	332	331
271	272	333	332
272	273	334	333
273	274	335	334
274	275	336	335
275	276	337	336
276	277	338	337
277	278	339	338
278	279	340	339
279	280	341	340
280	281	342	341
281	282	343	342
282	283	344	343
283	284	345	344
284	285	346	345
285	286	347	346
286	287	348	347
287	288	349	348
288	289	350	349
289	290	351	350
290	291	352	351
291	292	353	352
292	293	354	353
293	294	355	354
294	295	356	355
295	296	357	356
296	297	358	357
297	298	359	358
298	299	360	359
299	300	361	360
300	301	362	361
301	302	363	362
302	303	364	363
303	304	365	364
305	306	367	366
306	307	368	367
307	308	369	368
308	309	370	369
309	310	371	370
310	311	372	371
311	312	373	372
312	313	374	373
313	314	375	374
314	315	376	375
315	316	377	376
316	317	378	377
317	318	379	378
318	319	380	379
319	320	381	380
320	321	382	381
321	322	383	382
322	323	384	383
323	324	385	384
324	325	386	385
325	326	387	386
326	327	388	387
327	328	389	388
328	329	390	389
329	330	391	390
330	331	392	391
331	332	393	392
332	333	394	393
333	334	395	394
334	335	396	395
335	336	397	396
336	337	398	397
337	338	399	398
338	339	400	399
339	340	401	400
340	341	402	401
341	342	403	402
342	343	404	403
343	344	405	404
344	345	406	405
345	346	407	406
346	347	408	407
347	348	409	408
348	349	410	409
349	350	411	410
350	351	412	411
351	352	413	412
352	353	414	413
353	354	415	414
354	355	416	415
355	356	417	416
356	357	418	417
357	358	419	418
358	359	420	419
359	360	421	420
360	361	422	421
361	362	423	422
362	363	424	423
363	364	425	424
364	365	426	425
366	367	428	427
367	368	429	428
368	369	430	429
369	370	431	430
370	371	432	431
371	372	433	432
372	373	434	433
373	374	435	434
374	375	436	435
375	376	437	436
376	377	438	437
377	378	439	438
378	379	440	439
379	380	441	440
380	381	442	441
381	382	443	442
382	383	444	443
383	384	445	444
384	385	446	445
385	386	447	446
386	387	448	447
387	388	449	448
388	389	450	449
389	390	451	450
390	391	452	451
391	392	453	452
392	393	454	453
393	394	455	454
394	395	456	455
395	396	457	456
396	397	458	457
397	398	459	458
398	399	460	459
399	400	461	460
400	401	462	461
401	402	463	462
402	403	464	463
403	404	465	464
404	405	466	465
405	406	467	466
406	407	468	467
407	408	469	468
408	409	470	469
409	410	471	470
410	411	472	471
411	412	473	472
412	413	474	473
413	414	475	474
414	415	476	475
415	416	477	476
416	417	478	477
417	418	479	478
418	419	480	479
419	420	481	480
420	421	482	481
421	422	483	482
422	423	484	483
423	424	485	484
424	425	486	485
425	426	487	486
427	428	489	488
428	429	490	489
429	430	491	490
430	431	492	491
431	432	493	492
432	433	494	493
433	434	495	494
434	435	496	495
435	436	497	496
436	437	498	497
437	438	499	498
438	439	500	499
439	440	501	500
440	441	502	501
441	442	503	502
442	443	504	503
443	444	505	504
444	445	506	505
445	446	507	506
446	447	508	507
447	448	509	508
448	449	510	509
449	450	511	510
450	451	512	511
451	452	513	512
452	453	514	513
453	454	515	514
454	455	516	515
455	456	517	516
456	457	518	517
457	458	519	518
458	459	520	519
459	460	521	520
460	461	522	521
461	462	523	522
462	463	524	523
463	464	525	524
464	465	526	525
465	466	527	526
466	467	528	527
467	468	529	528
468	469	530	529
469	470	531	530
470	471	532	531
471	472	533	532
472	473	534	533
473	474	535	534
474	475	536	535
475	476	537	536
476	477	538	537
477	478	539	538
478	479	540	539
479	480	541	540
480	481	542	541
481	482	543	542
482	483	544	543
483	484	545	544
484	485	546	545
485	486	547	546
486	487	548	547
488	489	550	549
489	490	551	550
490	491	552	551
491	492	553	552
492	493	554	553
493	494	555	554
494	495	556	555
495	496	557	556
496	497	558	557
497	498	559	558
498	499	560	559
499	500	561	560
500	501	562	561
501	502	563	562
502	503	564	563
503	504	565	564
504	505	566	565
505	506	567	566
506	507	568	567
507	508	569	568
508	509	570	569
509	510	571	570
510	511	572	571
511	512	573	572
512	513	574	573
513	514	575	574
514	515	576	575
515	516	577	576
516	517	578	577
517	518	579	578
518	519	580	579
519	520	581	580
520	521	582	581
521	522	583	582
522	523	584	583
523	524	585	584
524	525	586	585
525	526	587	586
526	527	588	587
527	528	589	588
528	529	590	589
529	530	591	590
530	531	592	591
531	532	593	592
532	533	594	593
533	534	595	594
534	535	596	595
535	536	597	596
536	537	598	597
537	538	599	598
538	539	600	599
539	540	601	600
540	541	602	601
541	542	603	602
542	543	604	603
543	544	605	604
544	545	606	605
545	546	607	606
546	547	608	607
547	548	609	608
549	550	611	610
550	551	612	611
551	552	613	612
552	553	614	613
553	554	615	614
554	555	616	615
555	556	617	616
556	557	618	617
557	558	619	618
558	559	620	619
559	560	621	620
560	561	622	621
561	562	623	622
562	563	624	623
563	564	625	624
564	565	626	625
565	566	627	626
566	567	628	627
567	568	629	628
568	569	630	629
569	570	631	630
570	571	632	631
571	572	633	632
572	573	634	633
573	574	635	634
574	575	636	635
575	576	637	636
576	577	638	637
577	578	639	638
578	579	640	639
579	580	641	640
580	581	642	641
581	582	643	642
582	583	644	643
583	584	645	644
584	585	646	645
585	586	647	646
586	587	648	647
587	588	649	648
588	589	650	649
589	590	651	650
590	591	652	651
591	592	653	652
592	593	654	653
593	594	655	654
594	595	656	655
595	596	657	656
596	597	658	657
597	598	659	658
598	599	660	659
599	600	661	660
600	601	662	661
601	602	663	662
602	603	664	663
603	604	665	664
604	605	666	665
605	606	667	666
606	607	668	667
607	608	669	668
608	609	670	669
610	611	672	671
611	612	673	672
612	613	674	673
613	614	675	674
614	615	676	675
615	616	677	676
616	617	678	677
617	618	679	678
618	619	680	679
619	620	681	680
620	621	682	681
621	622	683	682
622	623	684	683
623	624	685	684
624	625	686	685
625	626	687	686
626	627	688	687
627	628	689	688
628	629	690	689
629	630	691	690
630	631	692	691
631	632	693	692
632	633	694	693
633	634	695	694
634	635	696	695
635	636	697	696
636	637	698	697
637	638	699	698
638	639	700	699
639	640	701	700
640	641	702	701
641	642	703	702
642	643	704	703
643	644	705	704
644	645	706	705
645	646	707	706
646	647	708	707
647	648	709	708
648	649	710	709
649	650	711	710
650	651	712	711
651	652	713	712
652	653	714	713
653	654	715	714
654	655	716	715
655	656	717	716
656	657	718	717
657	658	719	718
658	659	720	719
659	660	721	720
660	661	722	721
661	662	723	722
662	663	724	723
663	664	725	724
664	665	726	725
665	666	727	726
666	667	728	727
667	668	729	728
668	669	730	729
669	670	731	730
671	672	733	732
672	673	734	733
673	674	735	734
674	675	736	735
675	676	737	736
676	677	738	737
677	678	739	738
678	679	740	739
679	680	741	740
680	681	742	741
681	682	743	742
682	683	744	743
683	684	745	744
684	685	746	745
685	686	747	746
686	687	748	747
687	688	749	748
688	689	750	749
689	690	751	750
690	691	752	751
691	692	753	752
692	693	754	753
693	694	755	754
694	695	756	755
695	696	757	756
696	697	758	757
697	698	759	758
698	699	760	759
699	700	761	760
700	701	762	761
701	702	763	762
702	703	764	763
703	704	765	764
704	705	766	765
705	706	767	766
706	707	768	767
707	708	769	768
708	709	770	769
709	710	771	770
710	711	772	771
711	712	773	772
712	713	774	773
713	714	775	774
714	715	776	775
715	716	777	776
716	717	778	777
717	718	779	778
718	719	780	779
719	720	781	780
720	721	782	781
721	722	783	782
722	723	784	783
723	724	785	784
724	725	786	785
725	726	787	786
726	727	788	787
727	728	789	788
728	729	790	789
729	730	791	790
730	731	792	791
732	733	794	793
733	734	795	794
734	735	796	795
735	736	797	796
736	737	798	797
737	738	799	798
738	739	800	799
739	740	801	800
740	741	802	801
741	742	803	802
742	743	804	803
743	744	805	804
744	745	806	805
745	746	807	806
746	747	808	807
747	748	809	808
748	749	810	809
749	750	811	810
750	751	812	811
751	752	813	812
752	753	814	813
753	754	815	814
754	755	816	815
755	756	817	816
756	757	818	817
757	758	819	818
758	759	820	819
759	760	821	820
760	761	822	821
761	762	823	822
762	763	824	823
763	764	825	824
764	765	826	825
765	766	827	826
766	767	828	827
767	768	829	828
768	769	830	829
769	770	831	830
770	771	832	831
771	772	833	832
772	773	834	833
773	774	835	834
774	775	836	835
775	776	837	836
776	777	838	837
777	778	839	838
778	779	840	839
779	780	841	840
780	781	842	841
781	782	843	842
782	783	844	843
783	784	845	844
784	785	846	845
785	786	847	846
786	787	848	847
787	788	849	848
788	789	850	849
789	790	851	850
790	791	852	851
791	792	853	852
793	794	855	854
794	795	856	855
795	796	857	856
796	797	858	857
797	798	859	858
798	799	860	859
799	800	861	860
800	801	862	861
801	802	863	862
802	803	864	863
803	804	865	864
804	805	866	865
805	806	867	866
806	807	868	867
807	808	869	868
808	809	870	869
809	810	871	870
810	811	872	871
811	812	873	872
812	813	874	873
813	814	875	874
814	815	876	875
815	816	877	876
816	817	878	877
817	818	879	878
818	819	880	879
819	820	881	880
820	821	882	881
821	822	883	882
822	823	884	883
823	824	885	884
824	825	886	885
825	826	887	886
826	827	888	887
827	828	889	888
828	829	890	889
829	830	891	890
830	831	892	891
831	832	893	892
832	833	894	893
833	834	895	894
834	835	896	895
835	836	897	896
836	837	898	897
837	838	899	898
838	839	900	899
839	840	901	900
840	841	902	901
841	842	903	902
842	843	904	903
843	844	905	904
844	845	906	905
845	846	907	906
846	847	908	907
847	848	909	908
848	849	910	909
849	850	911	910
850	851	912	911
851	852	913	912
852	853	914	913
854	855	916	915
855	856	917	916
856	857	918	917
857	858	919	918
858	859	920	919
859	860	921	920
860	861	922	921
861	862	923	922
862	863	924	923
863	864	925	924
864	865	926	925
865	866	927	926
866	867	928	927
867	868	929	928
868	869	930	929
869	870	931	930
870	871	932	931
871	872	933	932
872	873	934	933
873	874	935	934
874	875	936	935
875	876	937	936
876	877	938	937
877	878	939	938
878	879	940	939
879	880	941	940
880	881	942	941
881	882	943	942
882	883	944	943
883	884	945	944
884	885	946	945
885	886	947	946
886	887	948	947
887	888	949	948
888	889	950	949
889	890	951	950
890	891	952	951
891	892	953	952
892	893	954	953
893	894	955	954
894	895	956	955
895	896	957	956
896	897	958	957
897	898	959	958
898	899	960	959
899	900	961	960
900	901	962	961
901	902	963	962
902	903	964	963
903	904	965	964
904	905	966	965
905	906	967	966
906	907	968	967
907	908	969	968
908	909	970	969
909	910	971	970
910	911	972	971
911	912	973	972
912	913	974	973
913	914	975	974
915	916	977	976
916	917	978	977
917	918	979	978
918	919	980	979
919	920	981	980
920	921	982	981
921	922	983	982
922	923	984	983
923	924	985	984
924	925	986	985
925	926	987	986
926	927	988	987
927	928	989	988
928	929	990	989
929	930	991	990
930	931	992	991
931	932	993	992
932	933	994	993
933	934	995	994
934	935	996	995
935	936	997	996
936	937	998	997
937	938	999	998
938	939	1000	999
939	940	1001	1000
940	941	1002	1001
941	942	1003	1002
942	943	1004	1003
943	944	1005	1004
944	945	1006	1005
945	946	1007	1006
946	947	1008	1007
947	948	1009	1008
948	949	1010	1009
949	950	1011	1010
950	951	1012	1011
951	952	1013	1012
952	953	1014	1013
953	954	1015	1014
954	955	1016	1015
955	956	1017	1016
956	957	1018	1017
957	958	1019	1018
958	959	1020	1019
959	960	1021	1020
960	961	1022	1021
961	962	1023	1022
962	963	1024	1023
963	964	1025	1024
964	965	1026	1025
965	966	1027	1026
966	967	1028	1027
967	968	1029	1028
968	969	1030	1029
969	970	1031	1030
970	971	1032	1031
971	972	1033	1032
972	973	1034	1033
973	974	1035	1034
974	975	1036	1035
976	977	1038	1037
977	978	1039	1038
978	979	1040	1039
979	980	1041	1040
980	981	1042	1041
981	982	1043	1042
982	983	1044	1043
983	984	1045	1044
984	985	1046	1045
985	986	1047	1046
986	987	1048	1047
987	988	1049	1048
988	989	1050	1049
989	990	1051	1050
990	991	1052	1051
991	992	1053	1052
992	993	1054	1053
993	994	1055	1054
994	995	1056	1055
995	996	1057	1056
996	997	1058	1057
997	998	1059	1058
998	999	1060	1059
999	1000	1061	1060
1000	1001	1062	1061
1001	1002	1063	1062
1002	1003	1064	1063
1003	1004	1065	1064
1004	1005	1066	1065
1005	1006	1067	1066
1006	1007	1068	1067
1007	1008	1069	1068
1008	1009	1070	1069
1009	1010	1071	1070
1010	1011	1072	1071
1011	1012	1073	1072
1012	1013	1074	1073
1013	1014	1075	1074
1014	1015	1076	1075
1015	1016	1077	1076
1016	1017	1078	1077
1017	1018	1079	1078
1018	1019	1080	1079
1019	1020	1081	1080
1020	1021	1082	1081
1021	1022	1083	1082
1022	1023	1084	1083
1023	1024	1085	1084
1024	1025	1086	1085
1025	1026	1087	1086
1026	1027	1088	1087
1027	1028	1089	1088
1028	1029	1090	1089
1029	1030	1091	1090
1030	1031	1092	1091
1031	1032	1093	1092
1032	1033	1094	1093
1033	1034	1095	1094
1034	1035	1096	1095
1035	1036	1097	1096
1037	1038	1099	1098
1038	1039	1100	1099
1039	1040	1101	1100
1040	1041	1102	1101
1041	1042	1103	1102
1042	1043	1104	1103
1043	1044	1105	1104
1044	1045	1106	1105
1045	1046	1107	1106
1046	1047	1108	1107
1047	1048	1109	1108
1048	1049	1110	1109
1049	1050	1111	1110
1050	1051	1112	1111
1051	1052	1113	1112
1052	1053	1114	1113
1053	1054	1115	1114
1054	1055	1116	1115
1055	1056	1117	1116
1056	1057	1118	1117
1057	1058	1119	1118
1058	1059	1120	1119
1059	1060	1121	1120
1060	1061	1122	1121
1061	1062	1123	1122
1062	1063	1124	1123
1063	1064	1125	1124
1064	1065	1126	1125
1065	1066	1127	1126
1066	1067	1128	1127
1067	1068	1129	1128
1068	1069	1130	1129
1069	1070	1131	1130
1070	1071	1132	1131
1071	1072	1133	1132
1072	1073	1134	1133
1073	1074	1135	1134
1074	1075	1136	1135
1075	1076	1137	1136
1076	1077	1138	1137
1077	1078	1139	1138
1078	1079	1140	1139
1079	1080	1141	1140
1080	1081	1142	1141
1081	1082	1143	1142
1082	1083	1144	1143
1083	1084	1145	1144
1084	1085	1146	1145
1085	1086	1147	1146
1086	1087	1148	1147
1087	1088	1149	1148
1088	1089	1150	1149
1089	1090	1151	1150
1090	1091	1152	1151
1091	1092	1153	1152
1092	1093	1154	1153
1093	1094	1155	1154
1094	1095	1156	1155
1095	1096	1157	1156
1096	1097	1158	1157
1098	1099	1160	1159
1099	1100	1161	1160
1100	1101	1162	1161
1101	1102	1163	1162
1102	1103	1164	1163
1103	1104	1165	1164
1104	1105	1166	1165
1105	1106	1167	1166
1106	1107	1168	1167
1107	1108	1169	1168
1108	1109	1170	1169
1109	1110	1171	1170
1110	1111	1172	1171
1111	1112	1173	1172
1112	1113	1174	1173
1113	1114	1175	1174
1114	1115	1176	1175
1115	1116	1177	1176
1116	1117	1178	1177
1117	1118	1179	1178
1118	1119	1180	1179
1119	1120	1181	1180
1120	1121	1182	1181
1121	1122	1183	1182
1122	1123	1184	1183
1123	1124	1185	1184
1124	1125	1186	1185
1125	1126	1187	1186
1126	1127	1188	1187
1127	1128	1189	1188
1128	1129	1190	1189
1129	1130	1191	1190
1130	1131	1192	1191
1131	1132	1193	1192
1132	1133	1194	1193
1133	1134	1195	1194
1134	1135	1196	1195
1135	1136	1197	1196
1136	1137	1198	1197
1137	1138	1199	1198
1138	1139	1200	1199
1139	1140	1201	1200
1140	1141	1202	1201
1141	1142	1203	1202
1142	1143	1204	1203
1143	1144	1205	1204
1144	1145	1206	1205
1145	1146	1207	1206
1146	1147	1208	1207
1147	1148	1209	1208
1148	1149	1210	1209
1149	1150	1211	1210
1150	1151	1212	1211
1151	1152	1213	1212
1152	1153	1214	1213
1153	1154	1215	1214
1154	1155	1216	1215
1155	1156	1217	1216
1156	1157	1218	1217
1157	1158	1219	1218
1159	1160	1221	1220
1160	1161	1222	1221
1161	1162	1223	1222
1162	1163	1224	1223
1163	1164	1225	1224
1164	1165	1226	1225
1165	1166	1227	1226
1166	1167	1228	1227
1167	1168	1229	1228
1168	1169	1230	1229
1169	1170	1231	1230
1170	1171	1232	1231
1171	1172	1233	1232
1172	1173	1234	1233
1173	1174	1235	1234
1174	1175	1236	1235
1175	1176	1237	1236
1176	1177	1238	1237
1177	1178	1239	1238
1178	1179	1240	1239
1179	1180	1241	1240
1180	1181	1242	1241
1181	1182	1243	1242
1182	1183	1244	1243
1183	1184	1245	1244
1184	1185	1246	1245
1185	1186	1247	1246
1186	1187	1248	1247
1187	1188	1249	1248
1188	1189	1250	1249
1189	1190	1251	1250
1190	1191	1252	1251
1191	1192	1253	1252
1192	1193	1254	1253
1193	1194	1255	1254
1194	1195	1256	1255
1195	1196	1257	1256
1196	1197	1258	1257
1197	1198	1259	1258
1198	1199	1260	1259
1199	1200	1261	1260
1200	1201	1262	1261
1201	1202	1263	1262
1202	1203	1264	1263
1203	1204	1265	1264
1204	1205	1266	1265
1205	1206	1267	1266
1206	1207	1268	1267
1207	1208	1269	1268
1208	1209	1270	1269
1209	1210	1271	1270
1210	1211	1272	1271
1211	1212	1273	1272
1212	1213	1274	1273
1213	1214	1275	1274
1214	1215	1276	1275
1215	1216	1277	1276
1216	1217	1278	1277
1217	1218	1279	1278
1218	1219	1280	1279
1220	1221	1282	1281
1221	1222	1283	1282
1222	1223	1284	1283
1223	1224	1285	1284
1224	1225	1286	1285
1225	1226	1287	1286
1226	1227	1288	1287
1227	1228	1289	1288
1228	1229	1290	1289
1229	1230	1291	1290
1230	1231	1292	1291
1231	1232	1293	1292
1232	1233	1294	1293
1233	1234	1295	1294
1234	1235	1296	1295
1235	1236	1297	1296
1236	1237	1298	1297
1237	1238	1299	1298
1238	1239	1300	1299
1239	1240	1301	1300
1240	1241	1302	1301
1241	1242	1303	1302
1242	1243	1304	1303
1243	1244	1305	1304
1244	1245	1306	1305
1245	1246	1307	1306
1246	1247	1308	1307
1247	1248	1309	1308
1248	1249	1310	1309
1249	1250	1311	1310
1250	1251	1312	1311
1251	1252	1313	1312
1252	1253	1314	1313
1253	1254	1315	1314
1254	1255	1316	1315
1255	1256	1317	1316
1256	1257	1318	1317
1257	1258	1319	1318
1258	1259	1320	1319
1259	1260	1321	1320
1260	1261	1322	1321
1261	1262	1323	1322
1262	1263	1324	1323
1263	1264	1325	1324
1264	1265	1326	1325
1265	1266	1327	1326
1266	1267	1328	1327
1267	1268	1329	1328
1268	1269	1330	1329
1269	1270	1331	1330
1270	1271	1332	1331
1271	1272	1333	1332
1272	1273	1334	1333
1273	1274	1335	1334
1274	1275	1336	1335
1275	1276	1337	1336
1276	1277	1338	1337
1277	1278	1339	1338
1278	1279	1340	1339
1279	1280	1341	1340
1281	1282	1343	1342
1282	1283	1344	1343
1283	1284	1345	1344
1284	1285	1346	1345
1285	1286	1347	1346
1286	1287	1348	1347
1287	1288	1349	1348
1288	1289	1350	1349
1289	1290	1351	1350
1290	1291	1352	1351
1291	1292	1353	1352
1292	1293	1354	1353
1293	1294	1355	1354
1294	1295	1356	1355
1295	1296	1357	1356
1296	1297	1358	1357
1297	1298	1359	1358
1298	1299	1360	1359
1299	1300	1361	1360
1300	1301	1362	1361
1301	1302	1363	1362
1302	1303	1364	1363
1303	1304	1365	1364
1304	1305	1366	1365
1305	1306	1367	1366
1306	1307	1368	1367
1307	1308	1369	1368
1308	1309	1370	1369
1309	1310	1371	1370
1310	1311	1372	1371
1311	1312	1373	1372
1312	1313	1374	1373
1313	1314	1375	1374
1314	1315	1376	1375
1315	1316	1377	1376
1316	1317	1378	1377
1317	1318	1379	1378
1318	1319	1380	1379
1319	1320	1381	1380
1320	1321	1382	1381
1321	1322	1383	1382
1322	1323	1384	1383
1323	1324	1385	1384
1324	1325	1386	1385
1325	1326	1387	1386
1326	1327	1388	1387
1327	1328	1389	1388
1328	1329	1390	1389
1329	1330	1391	1390
1330	1331	1392	1391
1331	1332	1393	1392
1332	1333	1394	1393
1333	1334	1395	1394
1334	1335	1396	1395
1335	1336	1397	1396
1336	1337	1398	1397
1337	1338	1399	1398
1338	1339	1400	1399
1339	1340	1401	1400
1340	1341	1402	1401
1342	1343	1404	1403
1343	1344	1405	1404
1344	1345	1406	1405
1345	1346	1407	1406
1346	1347	1408	1407
1347	1348	1409	1408
1348	1349	1410	1409
1349	1350	1411	1410
1350	1351	1412	1411
1351	1352	1413	1412
1352	1353	1414	1413
1353	1354	1415	1414
1354	1355	1416	1415
1355	1356	1417	1416
1356	1357	1418	1417
1357	1358	1419	1418
1358	1359	1420	1419
1359	1360	1421	1420
1360	1361	1422	1421
1361	1362	1423	1422
1362	1363	1424	1423
1363	1364	1425	1424
1364	1365	1426	1425
1365	1366	1427	1426
1366	1367	1428	1427
1367	1368	1429	1428
1368	1369	1430	1429
1369	1370	1431	1430
1370	1371	1432	1431
1371	1372	1433	1432
1372	1373	1434	1433
1373	1374	1435	1434
1374	1375	1436	1435
1375	1376	1437	1436
1376	1377	1438	1437
1377	1378	1439	1438
1378	1379	1440	1439
1379	1380	1441	1440
1380	1381	1442	1441
1381	1382	1443	1442
1382	1383	1444	1443
1383	1384	1445	1444
1384	1385	1446	1445
1385	1386	1447	1446
1386	1387	1448	1447
1387	1388	1449	1448
1388	1389	1450	1449
1389	1390	1451	1450
1390	1391	1452	1451
1391	1392	1453	1452
1392	1393	1454	1453
1393	1394	1455	1454
1394	1395	1456	1455
1395	1396	1457	1456
1396	1397	1458	1457
1397	1398	1459	1458
1398	1399	1460	1459
1399	1400	1461	1460
1400	1401	1462	1461
1401	1402	1463	1462
1403	1404	1465	1464
1404	1405	1466	1465
1405	1406	1467	1466
1406	1407	1468	1467
1407	1408	1469	1468
1408	1409	1470	1469
1409	1410	1471	1470
1410	1411	1472	1471
1411	1412	1473	1472
1412	1413	1474	1473
1413	1414	1475	1474
1414	1415	1476	1475
1415	1416	1477	1476
1416	1417	1478	1477
1417	1418	1479	1478
1418	1419	1480	1479
1419	1420	1481	1480
1420	1421	1482	1481
1421	1422	1483	1482
1422	1423	1484	1483
1423	1424	1485	1484
1424	1425	1486	1485
1425	1426	1487	1486
1426	1427	1488	1487
1427	1428	1489	1488
1428	1429	1490	1489
1429	1430	1491	1490
1430	1431	1492	1491
1431	1432	1493	1492
1432	1433	1494	1493
1433	1434	1495	1494
1434	1435	1496	1495
1435	1436	1497	1496
1436	1437	1498	1497
1437	1438	1499	1498
1438	1439	1500	1499
1439	1440	1501	1500
1440	1441	1502	1501
1441	1442	1503	1502
1442	1443	1504	1503
1443	1444	1505	1504
1444	1445	1506	1505
1445	1446	1507	1506
1446	1447	1508	1507
1447	1448	1509	1508
1448	1449	1510	1509
1449	1450	1511	1510
1450	1451	1512	1511
1451	1452	1513	1512
1452	1453	1514	1513
1453	1454	1515	1514
1454	1455	1516	1515
1455	1456	1517	1516
1456	1457	1518	1517
1457	1458	1519	1518
1458	1459	1520	1519
1459	1460	1521	1520
1460	1461	1522	1521
1461	1462	1523	1522
1462	1463	1524	1523
1464	1465	1526	1525
1465	1466	1527	1526
1466	1467	1528	1527
1467	1468	1529	1528
1468	1469	1530	1529
1469	1470	1531	1530
1470	1471	1532	1531
1471	1472	1533	1532
1472	1473	1534	1533
1473	1474	1535	1534
1474	1475	1536	1535
1475	1476	1537	1536
1476	1477	1538	1537
1477	1478	1539	1538
1478	1479	1540	1539
1479	1480	1541	1540
1480	1481	1542	1541
1481	1482	1543	1542
1482	1483	1544	1543
1483	1484	1545	1544
1484	1485	1546	1545
1485	1486	1547	1546
1486	1487	1548	1547
1487	1488	1549	1548
1488	1489	1550	1549
1489	1490	1551	1550
1490	1491	1552	1551
1491	1492	1553	1552
1492	1493	1554	1553
1493	1494	1555	1554
1494	1495	1556	1555
1495	1496	1557	1556
1496	1497	1558	1557
1497	1498	1559	1558
1498	1499	1560	1559
1499	1500	1561	1560
1500	1501	1562	1561
1501	1502	1563	1562
1502	1503	1564	1563
1503	1504	1565	1564
1504	1505	1566	1565
1505	1506	1567	1566
1506	1507	1568	1567
1507	1508	1569	1568
1508	1509	1570	1569
1509	1510	1571	1570
1510	1511	1572	1571
1511	1512	1573	1572
1512	1513	1574	1573
1513	1514	1575	1574
1514	1515	1576	1575
1515	1516	1577	1576
1516	1517	1578	1577
1517	1518	1579	1578
1518	1519	1580	1579
1519	1520	1581	1580
1520	1521	1582	1581
1521	1522	1583	1582
1522	1523	1584	1583
1523	1524	1585	1584
1525	1526	1587	1586
1526	1527	1588	1587
1527	1528	1589	1588
1528	1529	1590	1589
1529	1530	1591	1590
1530	1531	1592	1591
1531	1532	1593	1592
1532	1533	1594	1593
1533	1534	1595	1594
1534	1535	1596	1595
1535	1536	1597	1596
1536	1537	1598	1597
1537	1538	1599	1598
1538	1539	1600	1599
1539	1540	1601	1600
1540	1541	1602	1601
1541	1542	1603	1602
1542	1543	1604	1603
1543	1544	1605	1604
1544	1545	1606	1605
1545	1546	1607	1606
1546	1547	1608	1607
1547	1548	1609	1608
1548	1549	1610	1609
1549	1550	1611	1610
1550	1551	1612	1611
1551	1552	1613	1612
1552	1553	1614	1613
1553	1554	1615	1614
1554	1555	1616	1615
1555	1556	1617	1616
1556	1557	1618	1617
1557	1558	1619	1618
1558	1559	1620	1619
1559	1560	1621	1620
1560	1561	1622	1621
1561	1562	1623	1622
1562	1563	1624	1623
1563	1564	1625	1624
1564	1565	1626	1625
1565	1566	1627	1626
1566	1567	1628	1627
1567	1568	1629	1628
1568	1569	1630	1629
1569	1570	1631	1630
1570	1571	1632	1631
1571	1572	1633	1632
1572	1573	1634	1633
1573	1574	1635	1634
1574	1575	1636	1635
1575	1576	1637	1636
1576	1577	1638	1637
1577	1578	1639	1638
1578	1579	1640	1639
1579	1580	1641	1640
1580	1581	1642	1641
1581	1582	1643	1642
1582	1583	1644	1643
1583	1584	1645	1644
1584	1585	1646	1645
1586	1587	1648	1647
1587	1588	1649	1648
1588	1589	1650	1649
1589	1590	1651	1650
1590	1591	1652	1651
1591	1592	1653	1652
1592	1593	1654	1653
1593	1594	1655	1654
1594	1595	1656	1655
1595	1596	1657	1656
1596	1597	1658	1657
1597	1598	1659	1658
1598	1599	1660	1659
1599	1600	1661	1660
1600	1601	1662	1661
1601	1602	1663	1662
1602	1603	1664	1663
1603	1604	1665	1664
1604	1605	1666	1665
1605	1606	1667	1666
1606	1607	1668	1667
1607	1608	1669	1668
1608	1609	1670	1669
1609	1610	1671	1670
1610	1611	1672	1671
1611	1612	1673	1672
1612	1613	1674	1673
1613	1614	1675	1674
1614	1615	1676	1675
1615	1616	1677	1676
1616	1617	1678	1677
1617	1618	1679	1678
1618	1619	1680	1679
1619	1620	1681	1680
1620	1621	1682	1681
1621	1622	1683	1682
1622	1623	1684	1683
1623	1624	1685	1684
1624	1625	1686	1685
1625	1626	1687	1686
1626	1627	1688	1687
1627	1628	1689	1688
1628	1629	1690	1689
1629	1630	1691	1690
1630	1631	1692	1691
1631	1632	1693	1692
1632	1633	1694	1693
1633	1634	1695	1694
1634	1635	1696	1695
1635	1636	1697	1696
1636	1637	1698	1697
1637	1638	1699	1698
1638	1639	1700	1699
1639	1640	1701	1700
1640	1641	1702	1701
1641	1642	1703	1702
1642	1643	1704	1703
1643	1644	1705	1704
1644	1645	1706	1705
1645	1646	1707	1706
1647	1648	1709	1708
1648	1649	1710	1709
1649	1650	1711	1710
1650	1651	1712	1711
1651	1652	1713	1712
1652	1653	1714	1713
1653	1654	1715	1714
1654	1655	1716	1715
1655	1656	1717	1716
1656	1657	1718	1717
1657	1658	1719	1718
1658	1659	1720	1719
1659	1660	1721	1720
1660	1661	1722	1721
1661	1662	1723	1722
1662	1663	1724	1723
1663	1664	1725	1724
1664	1665	1726	1725
1665	1666	1727	1726
1666	1667	1728	1727
1667	1668	1729	1728
1668	1669	1730	1729
1669	1670	1731	1730
1670	1671	1732	1731
1671	1672	1733	1732
1672	1673	1734	1733
1673	1674	1735	1734
1674	1675	1736	1735
1675	1676	1737	1736
1676	1677	1738	1737
1677	1678	1739	1738
1678	1679	1740	1739
1679	1680	1741	1740
1680	1681	1742	1741
1681	1682	1743	1742
1682	1683	1744	1743
1683	1684	1745	1744
1684	1685	1746	1745
1685	1686	1747	1746
1686	1687	1748	1747
1687	1688	1749	1748
1688	1689	1750	1749
1689	1690	1751	1750
1690	1691	1752	1751
1691	1692	1753	1752
1692	1693	1754	1753
1693	1694	1755	1754
1694	1695	1756	1755
1695	1696	1757	1756
1696	1697	1758	1757
1697	1698	1759	1758
1698	1699	1760	1759
1699	1700	1761	1760
1700	1701	1762	1761
1701	1702	1763	1762
1702	1703	1764	1763
1703	1704	1765	1764
1704	1705	1766	1765
1705	1706	1767	1766
1706	1707	1768	1767
1708	1709	1770	1769
1709	1710	1771	1770
1710	1711	1772	1771
1711	1712	1773	1772
1712	1713	1774	1773
1713	1714	1775	1774
1714	1715	1776	1775
1715	1716	1777	1776
1716	1717	1778	1777
1717	1718	1779	1778
1718	1719	1780	1779
1719	1720	1781	1780
1720	1721	1782	1781
1721	1722	1783	1782
1722	1723	1784	1783
1723	1724	1785	1784
1724	1725	1786	1785
1725	1726	1787	1786
1726	1727	1788	1787
1727	1728	1789	1788
1728	1729	1790	1789
1729	1730	1791	1790
1730	1731	1792	1791
1731	1732	1793	1792
1732	1733	1794	1793
1733	1734	1795	1794
1734	1735	1796	1795
1735	1736	1797	1796
1736	1737	1798	1797
1737	1738	1799	1798
1738	1739	1800	1799
1739	1740	1801	1800
1740	1741	1802	1801
1741	1742	1803	1802
1742	1743	1804	1803
1743	1744	1805	1804
1744	1745	1806	1805
1745	1746	1807	1806
1746	1747	1808	1807
1747	1748	1809	1808
1748	1749	1810	1809
1749	1750	1811	1810
1750	1751	1812	1811
1751	1752	1813	1812
1752	1753	1814	1813
1753	1754	1815	1814
1754	1755	1816	1815
1755	1756	1817	1816
1756	1757	1818	1817
1757	1758	1819	1818
1758	1759	1820	1819
1759	1760	1821	1820
1760	1761	1822	1821
1761	1762	1823	1822
1762	1763	1824	1823
1763	1764	1825	1824
1764	1765	1826	1825
1765	1766	1827	1826
1766	1767	1828	1827
1767	1768	1829	1828
1769	1770	1831	1830
1770	1771	1832	1831
1771	1772	1833	1832
1772	1773	1834	1833
1773	1774	1835	1834
1774	1775	1836	1835
1775	1776	1837	1836
1776	1777	1838	1837
1777	1778	1839	1838
1778	1779	1840	1839
1779	1780	1841	1840
1780	1781	1842	1841
1781	1782	1843	1842
1782	1783	1844	1843
1783	1784	1845	1844
1784	1785	1846	1845
1785	1786	1847	1846
1786	1787	1848	1847
1787	1788	1849	1848
1788	1789	1850	1849
1789	1790	1851	1850
1790	1791	1852	1851
1791	1792	1853	1852
1792	1793	1854	1853
1793	1794	1855	1854
1794	1795	1856	1855
1795	1796	1857	1856
1796	1797	1858	1857
1797	1798	1859	1858
1798	1799	1860	1859
1799	1800	1861	1860
1800	1801	1862	1861
1801	1802	1863	1862
1802	1803	1864	1863
1803	1804	1865	1864
1804	1805	1866	1865
1805	1806	1867	1866
1806	1807	1868	1867
1807	1808	1869	1868
1808	1809	1870	1869
1809	1810	1871	1870
1810	1811	1872	1871
1811	1812	1873	1872
1812	1813	1874	1873
1813	1814	1875	1874
1814	1815	1876	1875
1815	1816	1877	1876
1816	1817	1878	1877
1817	1818	1879	1878
1818	1819	1880	1879
1819	1820	1881	1880
1820	1821	1882	1881
1821	1822	1883	1882
1822	1823	1884	1883
1823	1824	1885	1884
1824	1825	1886	1885
1825	1826	1887	1886
1826	1827	1888	1887
1827	1828	1889	1888
1828	1829	1890	1889
1830	1831	1892	1891
1831	1832	1893	1892
1832	1833	1894	1893
1833	1834	1895	1894
1834	1835	1896	1895
1835	1836	1897	1896
1836	1837	1898	1897
1837	1838	1899	1898
1838	1839	1900	1899
1839	1840	1901	1900
1840	1841	1902	1901
1841	1842	1903	1902
1842	1843	1904	1903
1843	1844	1905	1904
1844	1845	1906	1905
1845	1846	1907	1906
1846	1847	1908	1907
1847	1848	1909	1908
1848	1849	1910	1909
1849	1850	1911	1910
1850	1851	1912	1911
1851	1852	1913	1912
1852	1853	1914	1913
1853	1854	1915	1914
1854	1855	1916	1915
1855	1856	1917	1916
1856	1857	1918	1917
1857	1858	1919	1918
1858	1859	1920	1919
1859	1860	1921	1920
1860	1861	1922	1921
1861	1862	1923	1922
1862	1863	1924	1923
1863	1864	1925	1924
1864	1865	1926	1925
1865	1866	1927	1926
1866	1867	1928	1927
1867	1868	1929	1928
1868	1869	1930	1929
1869	1870	1931	1930
1870	1871	1932	1931
1871	1872	1933	1932
1872	1873	1934	1933
1873	1874	1935	1934
1874	1875	1936	1935
1875	1876	1937	1936
1876	1877	1938	1937
1877	1878	1939	1938
1878	1879	1940	1939
1879	1880	1941	1940
1880	1881	1942	1941
1881	1882	1943	1942
1882	1883	1944	1943
1883	1884	1945	1944
1884	1885	1946	1945
1885	1886	1947	1946
1886	1887	1948	1947
1887	1888	1949	1948
1888	1889	1950	1949
1889	1890	1951	1950
1891	1892	1953	1952
1892	1893	1954	1953
1893	1894	1955	1954
1894	1895	1956	1955
1895	1896	1957	1956
1896	1897	1958	1957
1897	1898	1959	1958
1898	1899	1960	1959
1899	1900	1961	1960
1900	1901	1962	1961
1901	1902	1963	1962
1902	1903	1964	1963
1903	1904	1965	1964
1904	1905	1966	1965
1905	1906	1967	1966
1906	1907	1968	1967
1907	1908	1969	1968
1908	1909	1970	1969
1909	1910	1971	1970
1910	1911	1972	1971
1911	1912	1973	1972
1912	1913	1974	1973
1913	1914	1975	1974
1914	1915	1976	1975
1915	1916	1977	1976
1916	1917	1978	1977
1917	1918	1979	1978
1918	1919	1980	1979
1919	1920	1981	1980
1920	1921	1982	1981
1921	1922	1983	1982
1922	1923	1984	1983
1923	1924	1985	1984
1924	1925	1986	1985
1925	1926	1987	1986
1926	1927	1988	1987
1927	1928	1989	1988
1928	1929	1990	1989
1929	1930	1991	1990
1930	1931	1992	1991
1931	1932	1993	1992
1932	1933	1994	1993
1933	1934	1995	1994
1934	1935	1996	1995
1935	1936	1997	1996
1936	1937	1998	1997
1937	1938	1999	1998
1938	1939	2000	1999
1939	1940	2001	2000
1940	1941	2002	2001
1941	1942	2003	2002
1942	1943	2004	2003
1943	1944	2005	2004
1944	1945	2006	2005
1945	1946	2007	2006
1946	1947	2008	2007
1947	1948	2009	2008
1948	1949	2010	2009
1949	1950	2011	2010
1950	1951	2012	2011
1952	1953	2014	2013
1953	1954	2015	2014
1954	1955	2016	2015
1955	1956	2017	2016
1956	1957	2018	2017
1957	1958	2019	2018
1958	1959	2020	2019
1959	1960	2021	2020
1960	1961	2022	2021
1961	1962	2023	2022
1962	1963	2024	2023
1963	1964	2025	2024
1964	1965	2026	2025
1965	1966	2027	2026
1966	1967	2028	2027
1967	1968	2029	2028
1968	1969	2030	2029
1969	1970	2031	2030
1970	1971	2032	2031
1971	1972	2033	2032
1972	1973	2034	2033
1973	1974	2035	2034
1974	1975	2036	2035
1975	1976	2037	2036
1976	1977	2038	2037
1977	1978	2039	2038
1978	1979	2040	2039
1979	1980	2041	2040
1980	1981	2042	2041
1981	1982	2043	2042
1982	1983	2044	2043
1983	1984	2045	2044
1984	1985	2046	2045
1985	1986	2047	2046
1986	1987	2048	2047
1987	1988	2049	2048
1988	1989	2050	2049
1989	1990	2051	2050
1990	1991	2052	2051
1991	1992	2053	2052
1992	1993	2054	2053
1993	1994	2055	2054
1994	1995	2056	2055
1995	1996	2057	2056
1996	1997	2058	2057
1997	1998	2059	2058
1998	1999	2060	2059
1999	2000	2061	2060
2000	2001	2062	2061
2001	2002	2063	2062
2002	2003	2064	2063
2003	2004	2065	2064
2004	2005	2066	2065
2005	2006	2067	2066
2006	2007	2068	2067
2007	2008	2069	2068
2008	2009	2070	2069
2009	2010	2071	2070
2010	2011	2072	2071
2011	2012	2073	2072
2013	2014	2075	2074
2014	2015	2076	2075
2015	2016	2077	2076
2016	2017	2078	2077
2017	2018	2079	2078
2018	2019	2080	2079
2019	2020	2081	2080
2020	2021	2082	2081
2021	2022	2083	2082
2022	2023	2084	2083
2023	2024	2085	2084
2024	2025	2086	2085
2025	2026	2087	2086
2026	2027	2088	2087
2027	2028	2089	2088
2028	2029	2090	2089
2029	2030	2091	2090
2030	2031	2092	2091
2031	2032	2093	2092
2032	2033	2094	2093
2033	2034	2095	2094
2034	2035	2096	2095
2035	2036	2097	2096
2036	2037	2098	2097
2037	2038	2099	2098
2038	2039	2100	2099
2039	2040	2101	2100
2040	2041	2102	2101
2041	2042	2103	2102
2042	2043	2104	2103
2043	2044	2105	2104
2044	2045	2106	2105
2045	2046	2107	2106
2046	2047	2108	2107
2047	2048	2109	2108
2048	2049	2110	2109
2049	2050	2111	2110
2050	2051	2112	2111
2051	2052	2113	2112
2052	2053	2114	2113
2053	2054	2115	2114
2054	2055	2116	2115
2055	2056	2117	2116
2056	2057	2118	2117
2057	2058	2119	2118
2058	2059	2120	2119
2059	2060	2121	2120
2060	2061	2122	2121
2061	2062	2123	2122
2062	2063	2124	2123
2063	2064	2125	2124
2064	2065	2126	2125
2065	2066	2127	2126
2066	2067	2128	2127
2067	2068	2129	2128
2068	2069	2130	2129
2069	2070	2131	2130
2070	2071	2132	2131
2071	2072	2133	2132
2072	2073	2134	2133
2074	2075	2136	2135
2075	2076	2137	2136
2076	2077	2138	2137
2077	2078	2139	2138
2078	2079	2140	2139
2079	2080	2141	2140
2080	2081	2142	2141
2081	2082	2143	2142
2082	2083	2144	2143
2083	2084	2145	2144
2084	2085	2146	2145
2085	2086	2147	2146
2086	2087	2148	2147
2087	2088	2149	2148
2088	2089	2150	2149
2089	2090	2151	2150
2090	2091	2152	2151
2091	2092	2153	2152
2092	2093	2154	2153
2093	2094	2155	2154
2094	2095	2156	2155
2095	2096	2157	2156
2096	2097	2158	2157
2097	2098	2159	2158
2098	2099	2160	2159
2099	2100	2161	2160
2100	2101	2162	2161
2101	2102	2163	2162
2102	2103	2164	2163
2103	2104	2165	2164
2104	2105	2166	2165
2105	2106	2167	2166
2106	2107	2168	2167
2107	2108	2169	2168
2108	2109	2170	2169
2109	2110	2171	2170
2110	2111	2172	2171
2111	2112	2173	2172
2112	2113	2174	2173
2113	2114	2175	2174
2114	2115	2176	2175
2115	2116	2177	2176
2116	2117	2178	2177
2117	2118	2179	2178
2118	2119	2180	2179
2119	2120	2181	2180
2120	2121	2182	2181
2121	2122	2183	2182
2122	2123	2184	2183
2123	2124	2185	2184
2124	2125	2186	2185
2125	2126	2187	2186
2126	2127	2188	2187
2127	2128	2189	2188
2128	2129	2190	2189
2129	2130	2191	2190
2130	2131	2192	2191
2131	2132	2193	2192
2132	2133	2194	2193
2133	2134	2195	2194
2135	2136	2197	2196
2136	2137	2198	2197
2137	2138	2199	2198
2138	2139	2200	2199
2139	2140	2201	2200
2140	2141	2202	2201
2141	2142	2203	2202
2142	2143	2204	2203
2143	2144	2205	2204
2144	2145	2206	2205
2145	2146	2207	2206
2146	2147	2208	2207
2147	2148	2209	2208
2148	2149	2210	2209
2149	2150	2211	2210
2150	2151	2212	2211
2151	2152	2213	2212
2152	2153	2214	2213
2153	2154	2215	2214
2154	2155	2216	2215
2155	2156	2217	2216
2156	2157	2218	2217
2157	2158	2219	2218
2158	2159	2220	2219
2159	2160	2221	2220
2160	2161	2222	2221
2161	2162	2223	2222
2162	2163	2224	2223
2163	2164	2225	2224
2164	2165	2226	2225
2165	2166	2227	2226
2166	2167	2228	2227
2167	2168	2229	2228
2168	2169	2230	2229
2169	2170	2231	2230
2170	2171	2232	2231
2171	2172	2233	2232
2172	2173	2234	2233
2173	2174	2235	2234
2174	2175	2236	2235
2175	2176	2237	2236
2176	2177	2238	2237
2177	2178	2239	2238
2178	2179	2240	2239
2179	2180	2241	2240
2180	2181	2242	2241
2181	2182	2243	2242
2182	2183	2244	2243
2183	2184	2245	2244
2184	2185	2246	2245
2185	2186	2247	2246
2186	2187	2248	2247
2187	2188	2249	2248
2188	2189	2250	2249
2189	2190	2251	2250
2190	2191	2252	2251
2191	2192	2253	2252
2192	2193	2254	2253
2193	2194	2255	2254
2194	2195	2256	2255
2196	2197	2258	2257
2197	2198	2259	2258
2198	2199	2260	2259
2199	2200	2261	2260
2200	2201	2262	2261
2201	2202	2263	2262
2202	2203	2264	2263
2203	2204	2265	2264
2204	2205	2266	2265
2205	2206	2267	2266
2206	2207	2268	2267
2207	2208	2269	2268
2208	2209	2270	2269
2209	2210	2271	2270
2210	2211	2272	2271
2211	2212	2273	2272
2212	2213	2274	2273
2213	2214	2275	2274
2214	2215	2276	2275
2215	2216	2277	2276
2216	2217	2278	2277
2217	2218	2279	2278
2218	2219	2280	2279
2219	2220	2281	2280
2220	2221	2282	2281
2221	2222	2283	2282
2222	2223	2284	2283
2223	2224	2285	2284
2224	2225	2286	2285
2225	2226	2287	2286
2226	2227	2288	2287
2227	2228	2289	2288
2228	2229	2290	2289
2229	2230	2291	2290
2230	2231	2292	2291
2231	2232	2293	2292
2232	2233	2294	2293
2233	2234	2295	2294
2234	2235	2296	2295
2235	2236	2297	2296
2236	2237	2298	2297
2237	2238	2299	2298
2238	2239	2300	2299
2239	2240	2301	2300
2240	2241	2302	2301
2241	2242	2303	2302
2242	2243	2304	2303
2243	2244	2305	2304
2244	2245	2306	2305
2245	2246	2307	2306
2246	2247	2308	2307
2247	2248	2309	2308
2248	2249	2310	2309
2249	2250	2311	2310
2250	2251	2312	2311
2251	2252	2313	2312
2252	2253	2314	2313
2253	2254	2315	2314
2254	2255	2316	2315
2255	2256	2317	2316
2257	2258	2319	2318
2258	2259	2320	2319
2259	2260	2321	2320
2260	2261	2322	2321
2261	2262	2323	2322
2262	2263	2324	2323
2263	2264	2325	2324
2264	2265	2326	2325
2265	2266	2327	2326
2266	2267	2328	2327
2267	2268	2329	2328
2268	2269	2330	2329
2269	2270	2331	2330
2270	2271	2332	2331
2271	2272	2333	2332
2272	2273	2334	2333
2273	2274	2335	2334
2274	2275	2336	2335
2275	2276	2337	2336
2276	2277	2338	2337
2277	2278	2339	2338
2278	2279	2340	2339
2279	2280	2341	2340
2280	2281	2342	2341
2281	2282	2343	2342
2282	2283	2344	2343
2283	2284	2345	2344
2284	2285	2346	2345
2285	2286	2347	2346
2286	2287	2348	2347
2287	2288	2349	2348
2288	2289	2350	2349
2289	2290	2351	2350
2290	2291	2352	2351
2291	2292	2353	2352
2292	2293	2354	2353
2293	2294	2355	2354
2294	2295	2356	2355
2295	2296	2357	2356
2296	2297	2358	2357
2297	2298	2359	2358
2298	2299	2360	2359
2299	2300	2361	2360
2300	2301	2362	2361
2301	2302	2363	2362
2302	2303	2364	2363
2303	2304	2365	2364
2304	2305	2366	2365
2305	2306	2367	2366
2306	2307	2368	2367
2307	2308	2369	2368
2308	2309	2370	2369
2309	2310	2371	2370
2310	2311	2372	2371
2311	2312	2373	2372
2312	2313	2374	2373
2313	2314	2375	2374
2314	2315	2376	2375
2315	2316	2377	2376
2316	2317	2378	2377
2318	2319	2380	2379
2319	2320	2381	2380
2320	2321	2382	2381
2321	2322	2383	2382
2322	2323	2384	2383
2323	2324	2385	2384
2324	2325	2386	2385
2325	2326	2387	2386
2326	2327	2388	2387
2327	2328	2389	2388
2328	2329	2390	2389
2329	2330	2391	2390
2330	2331	2392	2391
2331	2332	2393	2392
2332	2333	2394	2393
2333	2334	2395	2394
2334	2335	2396	2395
2335	2336	2397	2396
2336	2337	2398	2397
2337	2338	2399	2398
2338	2339	2400	2399
2339	2340	2401	2400
2340	2341	2402	2401
2341	2342	2403	2402
2342	2343	2404	2403
2343	2344	2405	2404
2344	2345	2406	2405
2345	2346	2407	2406
2346	2347	2408	2407
2347	2348	2409	2408
2348	2349	2410	2409
2349	2350	2411	2410
2350	2351	2412	2411
2351	2352	2413	2412
2352	2353	2414	2413
2353	2354	2415	2414
2354	2355	2416	2415
2355	2356	2417	2416
2356	2357	2418	2417
2357	2358	2419	2418
2358	2359	2420	2419
2359	2360	2421	2420
2360	2361	2422	2421
2361	2362	2423	2422
2362	2363	2424	2423
2363	2364	2425	2424
2364	2365	2426	2425
2365	2366	2427	2426
2366	2367	2428	2427
2367	2368	2429	2428
2368	2369	2430	2429
2369	2370	2431	2430
2370	2371	2432	2431
2371	2372	2433	2432
2372	2373	2434	2433
2373	2374	2435	2434
2374	2375	2436	2435
2375	2376	2437	2436
2376	2377	2438	2437
2377	2378	2439	2438
2379	2380	2441	2440
2380	2381	2442	2441
2381	2382	2443	2442
2382	2383	2444	2443
2383	2384	2445	2444
2384	2385	2446	2445
2385	2386	2447	2446
2386	2387	2448	2447
2387	2388	2449	2448
2388	2389	2450	2449
2389	2390	2451	2450
2390	2391	2452	2451
2391	2392	2453	2452
2392	2393	2454	2453
2393	2394	2455	2454
2394	2395	2456	2455
2395	2396	2457	2456
2396	2397	2458	2457
2397	2398	2459	2458
2398	2399	2460	2459
2399	2400	2461	2460
2400	2401	2462	2461
2401	2402	2463	2462
2402	2403	2464	2463
2403	2404	2465	2464
2404	2405	2466	2465
2405	2406	2467	2466
2406	2407	2468	2467
2407	2408	2469	2468
2408	2409	2470	2469
2409	2410	2471	2470
2410	2411	2472	2471
2411	2412	2473	2472
2412	2413	2474	2473
2413	2414	2475	2474
2414	2415	2476	2475
2415	2416	2477	2476
2416	2417	2478	2477
2417	2418	2479	2478
2418	2419	2480	2479
2419	2420	2481	2480
2420	2421	2482	2481
2421	2422	2483	2482
2422	2423	2484	2483
2423	2424	2485	2484
2424	2425	2486	2485
2425	2426	2487	2486
2426	2427	2488	2487
2427	2428	2489	2488
2428	2429	2490	2489
2429	2430	2491	2490
2430	2431	2492	2491
2431	2432	2493	2492
2432	2433	2494	2493
2433	2434	2495	2494
2434	2435	2496	2495
2435	2436	2497	2496
2436	2437	2498	2497
2437	2438	2499	2498
2438	2439	2500	2499
