	6002	3000
          0.0000	          0.0000
          2.0000	          0.0000
          0.0000	          2.0000
          2.0000	          2.0000
          0.0000	          4.0000
          2.0000	          4.0000
          0.0000	          6.0000
          2.0000	          6.0000
          0.0000	          8.0000
          2.0000	          8.0000
          0.0000	         10.0000
          2.0000	         10.0000
          0.0000	         12.0000
          2.0000	         12.0000
          0.0000	         14.0000
          2.0000	         14.0000
          0.0000	         16.0000
          2.0000	         16.0000
          0.0000	         18.0000
          2.0000	         18.0000
          0.0000	         20.0000
          2.0000	         20.0000
          0.0000	         22.0000
          2.0000	         22.0000
          0.0000	         24.0000
          2.0000	         24.0000
          0.0000	         26.0000
          2.0000	         26.0000
          0.0000	         28.0000
          2.0000	         28.0000
          0.0000	         30.0000
          2.0000	         30.0000
          0.0000	         32.0000
          2.0000	         32.0000
          0.0000	         34.0000
          2.0000	         34.0000
          0.0000	         36.0000
          2.0000	         36.0000
          0.0000	         38.0000
          2.0000	         38.0000
          0.0000	         40.0000
          2.0000	         40.0000
          0.0000	         42.0000
          2.0000	         42.0000
          0.0000	         44.0000
          2.0000	         44.0000
          0.0000	         46.0000
          2.0000	         46.0000
          0.0000	         48.0000
          2.0000	         48.0000
          0.0000	         50.0000
          2.0000	         50.0000
          0.0000	         52.0000
          2.0000	         52.0000
          0.0000	         54.0000
          2.0000	         54.0000
          0.0000	         56.0000
          2.0000	         56.0000
          0.0000	         58.0000
          2.0000	         58.0000
          0.0000	         60.0000
          2.0000	         60.0000
          0.0000	         62.0000
          2.0000	         62.0000
          0.0000	         64.0000
          2.0000	         64.0000
          0.0000	         66.0000
          2.0000	         66.0000
          0.0000	         68.0000
          2.0000	         68.0000
          0.0000	         70.0000
          2.0000	         70.0000
          0.0000	         72.0000
          2.0000	         72.0000
          0.0000	         74.0000
          2.0000	         74.0000
          0.0000	         76.0000
          2.0000	         76.0000
          0.0000	         78.0000
          2.0000	         78.0000
          0.0000	         80.0000
          2.0000	         80.0000
          0.0000	         82.0000
          2.0000	         82.0000
          0.0000	         84.0000
          2.0000	         84.0000
          0.0000	         86.0000
          2.0000	         86.0000
          0.0000	         88.0000
          2.0000	         88.0000
          0.0000	         90.0000
          2.0000	         90.0000
          0.0000	         92.0000
          2.0000	         92.0000
          0.0000	         94.0000
          2.0000	         94.0000
          0.0000	         96.0000
          2.0000	         96.0000
          0.0000	         98.0000
          2.0000	         98.0000
          0.0000	        100.0000
          2.0000	        100.0000
          0.0000	        102.0000
          2.0000	        102.0000
          0.0000	        104.0000
          2.0000	        104.0000
          0.0000	        106.0000
          2.0000	        106.0000
          0.0000	        108.0000
          2.0000	        108.0000
          0.0000	        110.0000
          2.0000	        110.0000
          0.0000	        112.0000
          2.0000	        112.0000
          0.0000	        114.0000
          2.0000	        114.0000
          0.0000	        116.0000
          2.0000	        116.0000
          0.0000	        118.0000
          2.0000	        118.0000
          0.0000	        120.0000
          2.0000	        120.0000
          0.0000	        122.0000
          2.0000	        122.0000
          0.0000	        124.0000
          2.0000	        124.0000
          0.0000	        126.0000
          2.0000	        126.0000
          0.0000	        128.0000
          2.0000	        128.0000
          0.0000	        130.0000
          2.0000	        130.0000
          0.0000	        132.0000
          2.0000	        132.0000
          0.0000	        134.0000
          2.0000	        134.0000
          0.0000	        136.0000
          2.0000	        136.0000
          0.0000	        138.0000
          2.0000	        138.0000
          0.0000	        140.0000
          2.0000	        140.0000
          0.0000	        142.0000
          2.0000	        142.0000
          0.0000	        144.0000
          2.0000	        144.0000
          0.0000	        146.0000
          2.0000	        146.0000
          0.0000	        148.0000
          2.0000	        148.0000
          0.0000	        150.0000
          2.0000	        150.0000
          0.0000	        152.0000
          2.0000	        152.0000
          0.0000	        154.0000
          2.0000	        154.0000
          0.0000	        156.0000
          2.0000	        156.0000
          0.0000	        158.0000
          2.0000	        158.0000
          0.0000	        160.0000
          2.0000	        160.0000
          0.0000	        162.0000
          2.0000	        162.0000
          0.0000	        164.0000
          2.0000	        164.0000
          0.0000	        166.0000
          2.0000	        166.0000
          0.0000	        168.0000
          2.0000	        168.0000
          0.0000	        170.0000
          2.0000	        170.0000
          0.0000	        172.0000
          2.0000	        172.0000
          0.0000	        174.0000
          2.0000	        174.0000
          0.0000	        176.0000
          2.0000	        176.0000
          0.0000	        178.0000
          2.0000	        178.0000
          0.0000	        180.0000
          2.0000	        180.0000
          0.0000	        182.0000
          2.0000	        182.0000
          0.0000	        184.0000
          2.0000	        184.0000
          0.0000	        186.0000
          2.0000	        186.0000
          0.0000	        188.0000
          2.0000	        188.0000
          0.0000	        190.0000
          2.0000	        190.0000
          0.0000	        192.0000
          2.0000	        192.0000
          0.0000	        194.0000
          2.0000	        194.0000
          0.0000	        196.0000
          2.0000	        196.0000
          0.0000	        198.0000
          2.0000	        198.0000
          0.0000	        200.0000
          2.0000	        200.0000
          0.0000	        202.0000
          2.0000	        202.0000
          0.0000	        204.0000
          2.0000	        204.0000
          0.0000	        206.0000
          2.0000	        206.0000
          0.0000	        208.0000
          2.0000	        208.0000
          0.0000	        210.0000
          2.0000	        210.0000
          0.0000	        212.0000
          2.0000	        212.0000
          0.0000	        214.0000
          2.0000	        214.0000
          0.0000	        216.0000
          2.0000	        216.0000
          0.0000	        218.0000
          2.0000	        218.0000
          0.0000	        220.0000
          2.0000	        220.0000
          0.0000	        222.0000
          2.0000	        222.0000
          0.0000	        224.0000
          2.0000	        224.0000
          0.0000	        226.0000
          2.0000	        226.0000
          0.0000	        228.0000
          2.0000	        228.0000
          0.0000	        230.0000
          2.0000	        230.0000
          0.0000	        232.0000
          2.0000	        232.0000
          0.0000	        234.0000
          2.0000	        234.0000
          0.0000	        236.0000
          2.0000	        236.0000
          0.0000	        238.0000
          2.0000	        238.0000
          0.0000	        240.0000
          2.0000	        240.0000
          0.0000	        242.0000
          2.0000	        242.0000
          0.0000	        244.0000
          2.0000	        244.0000
          0.0000	        246.0000
          2.0000	        246.0000
          0.0000	        248.0000
          2.0000	        248.0000
          0.0000	        250.0000
          2.0000	        250.0000
          0.0000	        252.0000
          2.0000	        252.0000
          0.0000	        254.0000
          2.0000	        254.0000
          0.0000	        256.0000
          2.0000	        256.0000
          0.0000	        258.0000
          2.0000	        258.0000
          0.0000	        260.0000
          2.0000	        260.0000
          0.0000	        262.0000
          2.0000	        262.0000
          0.0000	        264.0000
          2.0000	        264.0000
          0.0000	        266.0000
          2.0000	        266.0000
          0.0000	        268.0000
          2.0000	        268.0000
          0.0000	        270.0000
          2.0000	        270.0000
          0.0000	        272.0000
          2.0000	        272.0000
          0.0000	        274.0000
          2.0000	        274.0000
          0.0000	        276.0000
          2.0000	        276.0000
          0.0000	        278.0000
          2.0000	        278.0000
          0.0000	        280.0000
          2.0000	        280.0000
          0.0000	        282.0000
          2.0000	        282.0000
          0.0000	        284.0000
          2.0000	        284.0000
          0.0000	        286.0000
          2.0000	        286.0000
          0.0000	        288.0000
          2.0000	        288.0000
          0.0000	        290.0000
          2.0000	        290.0000
          0.0000	        292.0000
          2.0000	        292.0000
          0.0000	        294.0000
          2.0000	        294.0000
          0.0000	        296.0000
          2.0000	        296.0000
          0.0000	        298.0000
          2.0000	        298.0000
          0.0000	        300.0000
          2.0000	        300.0000
          0.0000	        302.0000
          2.0000	        302.0000
          0.0000	        304.0000
          2.0000	        304.0000
          0.0000	        306.0000
          2.0000	        306.0000
          0.0000	        308.0000
          2.0000	        308.0000
          0.0000	        310.0000
          2.0000	        310.0000
          0.0000	        312.0000
          2.0000	        312.0000
          0.0000	        314.0000
          2.0000	        314.0000
          0.0000	        316.0000
          2.0000	        316.0000
          0.0000	        318.0000
          2.0000	        318.0000
          0.0000	        320.0000
          2.0000	        320.0000
          0.0000	        322.0000
          2.0000	        322.0000
          0.0000	        324.0000
          2.0000	        324.0000
          0.0000	        326.0000
          2.0000	        326.0000
          0.0000	        328.0000
          2.0000	        328.0000
          0.0000	        330.0000
          2.0000	        330.0000
          0.0000	        332.0000
          2.0000	        332.0000
          0.0000	        334.0000
          2.0000	        334.0000
          0.0000	        336.0000
          2.0000	        336.0000
          0.0000	        338.0000
          2.0000	        338.0000
          0.0000	        340.0000
          2.0000	        340.0000
          0.0000	        342.0000
          2.0000	        342.0000
          0.0000	        344.0000
          2.0000	        344.0000
          0.0000	        346.0000
          2.0000	        346.0000
          0.0000	        348.0000
          2.0000	        348.0000
          0.0000	        350.0000
          2.0000	        350.0000
          0.0000	        352.0000
          2.0000	        352.0000
          0.0000	        354.0000
          2.0000	        354.0000
          0.0000	        356.0000
          2.0000	        356.0000
          0.0000	        358.0000
          2.0000	        358.0000
          0.0000	        360.0000
          2.0000	        360.0000
          0.0000	        362.0000
          2.0000	        362.0000
          0.0000	        364.0000
          2.0000	        364.0000
          0.0000	        366.0000
          2.0000	        366.0000
          0.0000	        368.0000
          2.0000	        368.0000
          0.0000	        370.0000
          2.0000	        370.0000
          0.0000	        372.0000
          2.0000	        372.0000
          0.0000	        374.0000
          2.0000	        374.0000
          0.0000	        376.0000
          2.0000	        376.0000
          0.0000	        378.0000
          2.0000	        378.0000
          0.0000	        380.0000
          2.0000	        380.0000
          0.0000	        382.0000
          2.0000	        382.0000
          0.0000	        384.0000
          2.0000	        384.0000
          0.0000	        386.0000
          2.0000	        386.0000
          0.0000	        388.0000
          2.0000	        388.0000
          0.0000	        390.0000
          2.0000	        390.0000
          0.0000	        392.0000
          2.0000	        392.0000
          0.0000	        394.0000
          2.0000	        394.0000
          0.0000	        396.0000
          2.0000	        396.0000
          0.0000	        398.0000
          2.0000	        398.0000
          0.0000	        400.0000
          2.0000	        400.0000
          0.0000	        402.0000
          2.0000	        402.0000
          0.0000	        404.0000
          2.0000	        404.0000
          0.0000	        406.0000
          2.0000	        406.0000
          0.0000	        408.0000
          2.0000	        408.0000
          0.0000	        410.0000
          2.0000	        410.0000
          0.0000	        412.0000
          2.0000	        412.0000
          0.0000	        414.0000
          2.0000	        414.0000
          0.0000	        416.0000
          2.0000	        416.0000
          0.0000	        418.0000
          2.0000	        418.0000
          0.0000	        420.0000
          2.0000	        420.0000
          0.0000	        422.0000
          2.0000	        422.0000
          0.0000	        424.0000
          2.0000	        424.0000
          0.0000	        426.0000
          2.0000	        426.0000
          0.0000	        428.0000
          2.0000	        428.0000
          0.0000	        430.0000
          2.0000	        430.0000
          0.0000	        432.0000
          2.0000	        432.0000
          0.0000	        434.0000
          2.0000	        434.0000
          0.0000	        436.0000
          2.0000	        436.0000
          0.0000	        438.0000
          2.0000	        438.0000
          0.0000	        440.0000
          2.0000	        440.0000
          0.0000	        442.0000
          2.0000	        442.0000
          0.0000	        444.0000
          2.0000	        444.0000
          0.0000	        446.0000
          2.0000	        446.0000
          0.0000	        448.0000
          2.0000	        448.0000
          0.0000	        450.0000
          2.0000	        450.0000
          0.0000	        452.0000
          2.0000	        452.0000
          0.0000	        454.0000
          2.0000	        454.0000
          0.0000	        456.0000
          2.0000	        456.0000
          0.0000	        458.0000
          2.0000	        458.0000
          0.0000	        460.0000
          2.0000	        460.0000
          0.0000	        462.0000
          2.0000	        462.0000
          0.0000	        464.0000
          2.0000	        464.0000
          0.0000	        466.0000
          2.0000	        466.0000
          0.0000	        468.0000
          2.0000	        468.0000
          0.0000	        470.0000
          2.0000	        470.0000
          0.0000	        472.0000
          2.0000	        472.0000
          0.0000	        474.0000
          2.0000	        474.0000
          0.0000	        476.0000
          2.0000	        476.0000
          0.0000	        478.0000
          2.0000	        478.0000
          0.0000	        480.0000
          2.0000	        480.0000
          0.0000	        482.0000
          2.0000	        482.0000
          0.0000	        484.0000
          2.0000	        484.0000
          0.0000	        486.0000
          2.0000	        486.0000
          0.0000	        488.0000
          2.0000	        488.0000
          0.0000	        490.0000
          2.0000	        490.0000
          0.0000	        492.0000
          2.0000	        492.0000
          0.0000	        494.0000
          2.0000	        494.0000
          0.0000	        496.0000
          2.0000	        496.0000
          0.0000	        498.0000
          2.0000	        498.0000
          0.0000	        500.0000
          2.0000	        500.0000
          0.0000	        502.0000
          2.0000	        502.0000
          0.0000	        504.0000
          2.0000	        504.0000
          0.0000	        506.0000
          2.0000	        506.0000
          0.0000	        508.0000
          2.0000	        508.0000
          0.0000	        510.0000
          2.0000	        510.0000
          0.0000	        512.0000
          2.0000	        512.0000
          0.0000	        514.0000
          2.0000	        514.0000
          0.0000	        516.0000
          2.0000	        516.0000
          0.0000	        518.0000
          2.0000	        518.0000
          0.0000	        520.0000
          2.0000	        520.0000
          0.0000	        522.0000
          2.0000	        522.0000
          0.0000	        524.0000
          2.0000	        524.0000
          0.0000	        526.0000
          2.0000	        526.0000
          0.0000	        528.0000
          2.0000	        528.0000
          0.0000	        530.0000
          2.0000	        530.0000
          0.0000	        532.0000
          2.0000	        532.0000
          0.0000	        534.0000
          2.0000	        534.0000
          0.0000	        536.0000
          2.0000	        536.0000
          0.0000	        538.0000
          2.0000	        538.0000
          0.0000	        540.0000
          2.0000	        540.0000
          0.0000	        542.0000
          2.0000	        542.0000
          0.0000	        544.0000
          2.0000	        544.0000
          0.0000	        546.0000
          2.0000	        546.0000
          0.0000	        548.0000
          2.0000	        548.0000
          0.0000	        550.0000
          2.0000	        550.0000
          0.0000	        552.0000
          2.0000	        552.0000
          0.0000	        554.0000
          2.0000	        554.0000
          0.0000	        556.0000
          2.0000	        556.0000
          0.0000	        558.0000
          2.0000	        558.0000
          0.0000	        560.0000
          2.0000	        560.0000
          0.0000	        562.0000
          2.0000	        562.0000
          0.0000	        564.0000
          2.0000	        564.0000
          0.0000	        566.0000
          2.0000	        566.0000
          0.0000	        568.0000
          2.0000	        568.0000
          0.0000	        570.0000
          2.0000	        570.0000
          0.0000	        572.0000
          2.0000	        572.0000
          0.0000	        574.0000
          2.0000	        574.0000
          0.0000	        576.0000
          2.0000	        576.0000
          0.0000	        578.0000
          2.0000	        578.0000
          0.0000	        580.0000
          2.0000	        580.0000
          0.0000	        582.0000
          2.0000	        582.0000
          0.0000	        584.0000
          2.0000	        584.0000
          0.0000	        586.0000
          2.0000	        586.0000
          0.0000	        588.0000
          2.0000	        588.0000
          0.0000	        590.0000
          2.0000	        590.0000
          0.0000	        592.0000
          2.0000	        592.0000
          0.0000	        594.0000
          2.0000	        594.0000
          0.0000	        596.0000
          2.0000	        596.0000
          0.0000	        598.0000
          2.0000	        598.0000
          0.0000	        600.0000
          2.0000	        600.0000
          0.0000	        602.0000
          2.0000	        602.0000
          0.0000	        604.0000
          2.0000	        604.0000
          0.0000	        606.0000
          2.0000	        606.0000
          0.0000	        608.0000
          2.0000	        608.0000
          0.0000	        610.0000
          2.0000	        610.0000
          0.0000	        612.0000
          2.0000	        612.0000
          0.0000	        614.0000
          2.0000	        614.0000
          0.0000	        616.0000
          2.0000	        616.0000
          0.0000	        618.0000
          2.0000	        618.0000
          0.0000	        620.0000
          2.0000	        620.0000
          0.0000	        622.0000
          2.0000	        622.0000
          0.0000	        624.0000
          2.0000	        624.0000
          0.0000	        626.0000
          2.0000	        626.0000
          0.0000	        628.0000
          2.0000	        628.0000
          0.0000	        630.0000
          2.0000	        630.0000
          0.0000	        632.0000
          2.0000	        632.0000
          0.0000	        634.0000
          2.0000	        634.0000
          0.0000	        636.0000
          2.0000	        636.0000
          0.0000	        638.0000
          2.0000	        638.0000
          0.0000	        640.0000
          2.0000	        640.0000
          0.0000	        642.0000
          2.0000	        642.0000
          0.0000	        644.0000
          2.0000	        644.0000
          0.0000	        646.0000
          2.0000	        646.0000
          0.0000	        648.0000
          2.0000	        648.0000
          0.0000	        650.0000
          2.0000	        650.0000
          0.0000	        652.0000
          2.0000	        652.0000
          0.0000	        654.0000
          2.0000	        654.0000
          0.0000	        656.0000
          2.0000	        656.0000
          0.0000	        658.0000
          2.0000	        658.0000
          0.0000	        660.0000
          2.0000	        660.0000
          0.0000	        662.0000
          2.0000	        662.0000
          0.0000	        664.0000
          2.0000	        664.0000
          0.0000	        666.0000
          2.0000	        666.0000
          0.0000	        668.0000
          2.0000	        668.0000
          0.0000	        670.0000
          2.0000	        670.0000
          0.0000	        672.0000
          2.0000	        672.0000
          0.0000	        674.0000
          2.0000	        674.0000
          0.0000	        676.0000
          2.0000	        676.0000
          0.0000	        678.0000
          2.0000	        678.0000
          0.0000	        680.0000
          2.0000	        680.0000
          0.0000	        682.0000
          2.0000	        682.0000
          0.0000	        684.0000
          2.0000	        684.0000
          0.0000	        686.0000
          2.0000	        686.0000
          0.0000	        688.0000
          2.0000	        688.0000
          0.0000	        690.0000
          2.0000	        690.0000
          0.0000	        692.0000
          2.0000	        692.0000
          0.0000	        694.0000
          2.0000	        694.0000
          0.0000	        696.0000
          2.0000	        696.0000
          0.0000	        698.0000
          2.0000	        698.0000
          0.0000	        700.0000
          2.0000	        700.0000
          0.0000	        702.0000
          2.0000	        702.0000
          0.0000	        704.0000
          2.0000	        704.0000
          0.0000	        706.0000
          2.0000	        706.0000
          0.0000	        708.0000
          2.0000	        708.0000
          0.0000	        710.0000
          2.0000	        710.0000
          0.0000	        712.0000
          2.0000	        712.0000
          0.0000	        714.0000
          2.0000	        714.0000
          0.0000	        716.0000
          2.0000	        716.0000
          0.0000	        718.0000
          2.0000	        718.0000
          0.0000	        720.0000
          2.0000	        720.0000
          0.0000	        722.0000
          2.0000	        722.0000
          0.0000	        724.0000
          2.0000	        724.0000
          0.0000	        726.0000
          2.0000	        726.0000
          0.0000	        728.0000
          2.0000	        728.0000
          0.0000	        730.0000
          2.0000	        730.0000
          0.0000	        732.0000
          2.0000	        732.0000
          0.0000	        734.0000
          2.0000	        734.0000
          0.0000	        736.0000
          2.0000	        736.0000
          0.0000	        738.0000
          2.0000	        738.0000
          0.0000	        740.0000
          2.0000	        740.0000
          0.0000	        742.0000
          2.0000	        742.0000
          0.0000	        744.0000
          2.0000	        744.0000
          0.0000	        746.0000
          2.0000	        746.0000
          0.0000	        748.0000
          2.0000	        748.0000
          0.0000	        750.0000
          2.0000	        750.0000
          0.0000	        752.0000
          2.0000	        752.0000
          0.0000	        754.0000
          2.0000	        754.0000
          0.0000	        756.0000
          2.0000	        756.0000
          0.0000	        758.0000
          2.0000	        758.0000
          0.0000	        760.0000
          2.0000	        760.0000
          0.0000	        762.0000
          2.0000	        762.0000
          0.0000	        764.0000
          2.0000	        764.0000
          0.0000	        766.0000
          2.0000	        766.0000
          0.0000	        768.0000
          2.0000	        768.0000
          0.0000	        770.0000
          2.0000	        770.0000
          0.0000	        772.0000
          2.0000	        772.0000
          0.0000	        774.0000
          2.0000	        774.0000
          0.0000	        776.0000
          2.0000	        776.0000
          0.0000	        778.0000
          2.0000	        778.0000
          0.0000	        780.0000
          2.0000	        780.0000
          0.0000	        782.0000
          2.0000	        782.0000
          0.0000	        784.0000
          2.0000	        784.0000
          0.0000	        786.0000
          2.0000	        786.0000
          0.0000	        788.0000
          2.0000	        788.0000
          0.0000	        790.0000
          2.0000	        790.0000
          0.0000	        792.0000
          2.0000	        792.0000
          0.0000	        794.0000
          2.0000	        794.0000
          0.0000	        796.0000
          2.0000	        796.0000
          0.0000	        798.0000
          2.0000	        798.0000
          0.0000	        800.0000
          2.0000	        800.0000
          0.0000	        802.0000
          2.0000	        802.0000
          0.0000	        804.0000
          2.0000	        804.0000
          0.0000	        806.0000
          2.0000	        806.0000
          0.0000	        808.0000
          2.0000	        808.0000
          0.0000	        810.0000
          2.0000	        810.0000
          0.0000	        812.0000
          2.0000	        812.0000
          0.0000	        814.0000
          2.0000	        814.0000
          0.0000	        816.0000
          2.0000	        816.0000
          0.0000	        818.0000
          2.0000	        818.0000
          0.0000	        820.0000
          2.0000	        820.0000
          0.0000	        822.0000
          2.0000	        822.0000
          0.0000	        824.0000
          2.0000	        824.0000
          0.0000	        826.0000
          2.0000	        826.0000
          0.0000	        828.0000
          2.0000	        828.0000
          0.0000	        830.0000
          2.0000	        830.0000
          0.0000	        832.0000
          2.0000	        832.0000
          0.0000	        834.0000
          2.0000	        834.0000
          0.0000	        836.0000
          2.0000	        836.0000
          0.0000	        838.0000
          2.0000	        838.0000
          0.0000	        840.0000
          2.0000	        840.0000
          0.0000	        842.0000
          2.0000	        842.0000
          0.0000	        844.0000
          2.0000	        844.0000
          0.0000	        846.0000
          2.0000	        846.0000
          0.0000	        848.0000
          2.0000	        848.0000
          0.0000	        850.0000
          2.0000	        850.0000
          0.0000	        852.0000
          2.0000	        852.0000
          0.0000	        854.0000
          2.0000	        854.0000
          0.0000	        856.0000
          2.0000	        856.0000
          0.0000	        858.0000
          2.0000	        858.0000
          0.0000	        860.0000
          2.0000	        860.0000
          0.0000	        862.0000
          2.0000	        862.0000
          0.0000	        864.0000
          2.0000	        864.0000
          0.0000	        866.0000
          2.0000	        866.0000
          0.0000	        868.0000
          2.0000	        868.0000
          0.0000	        870.0000
          2.0000	        870.0000
          0.0000	        872.0000
          2.0000	        872.0000
          0.0000	        874.0000
          2.0000	        874.0000
          0.0000	        876.0000
          2.0000	        876.0000
          0.0000	        878.0000
          2.0000	        878.0000
          0.0000	        880.0000
          2.0000	        880.0000
          0.0000	        882.0000
          2.0000	        882.0000
          0.0000	        884.0000
          2.0000	        884.0000
          0.0000	        886.0000
          2.0000	        886.0000
          0.0000	        888.0000
          2.0000	        888.0000
          0.0000	        890.0000
          2.0000	        890.0000
          0.0000	        892.0000
          2.0000	        892.0000
          0.0000	        894.0000
          2.0000	        894.0000
          0.0000	        896.0000
          2.0000	        896.0000
          0.0000	        898.0000
          2.0000	        898.0000
          0.0000	        900.0000
          2.0000	        900.0000
          0.0000	        902.0000
          2.0000	        902.0000
          0.0000	        904.0000
          2.0000	        904.0000
          0.0000	        906.0000
          2.0000	        906.0000
          0.0000	        908.0000
          2.0000	        908.0000
          0.0000	        910.0000
          2.0000	        910.0000
          0.0000	        912.0000
          2.0000	        912.0000
          0.0000	        914.0000
          2.0000	        914.0000
          0.0000	        916.0000
          2.0000	        916.0000
          0.0000	        918.0000
          2.0000	        918.0000
          0.0000	        920.0000
          2.0000	        920.0000
          0.0000	        922.0000
          2.0000	        922.0000
          0.0000	        924.0000
          2.0000	        924.0000
          0.0000	        926.0000
          2.0000	        926.0000
          0.0000	        928.0000
          2.0000	        928.0000
          0.0000	        930.0000
          2.0000	        930.0000
          0.0000	        932.0000
          2.0000	        932.0000
          0.0000	        934.0000
          2.0000	        934.0000
          0.0000	        936.0000
          2.0000	        936.0000
          0.0000	        938.0000
          2.0000	        938.0000
          0.0000	        940.0000
          2.0000	        940.0000
          0.0000	        942.0000
          2.0000	        942.0000
          0.0000	        944.0000
          2.0000	        944.0000
          0.0000	        946.0000
          2.0000	        946.0000
          0.0000	        948.0000
          2.0000	        948.0000
          0.0000	        950.0000
          2.0000	        950.0000
          0.0000	        952.0000
          2.0000	        952.0000
          0.0000	        954.0000
          2.0000	        954.0000
          0.0000	        956.0000
          2.0000	        956.0000
          0.0000	        958.0000
          2.0000	        958.0000
          0.0000	        960.0000
          2.0000	        960.0000
          0.0000	        962.0000
          2.0000	        962.0000
          0.0000	        964.0000
          2.0000	        964.0000
          0.0000	        966.0000
          2.0000	        966.0000
          0.0000	        968.0000
          2.0000	        968.0000
          0.0000	        970.0000
          2.0000	        970.0000
          0.0000	        972.0000
          2.0000	        972.0000
          0.0000	        974.0000
          2.0000	        974.0000
          0.0000	        976.0000
          2.0000	        976.0000
          0.0000	        978.0000
          2.0000	        978.0000
          0.0000	        980.0000
          2.0000	        980.0000
          0.0000	        982.0000
          2.0000	        982.0000
          0.0000	        984.0000
          2.0000	        984.0000
          0.0000	        986.0000
          2.0000	        986.0000
          0.0000	        988.0000
          2.0000	        988.0000
          0.0000	        990.0000
          2.0000	        990.0000
          0.0000	        992.0000
          2.0000	        992.0000
          0.0000	        994.0000
          2.0000	        994.0000
          0.0000	        996.0000
          2.0000	        996.0000
          0.0000	        998.0000
          2.0000	        998.0000
          0.0000	       1000.0000
          2.0000	       1000.0000
          0.0000	       1002.0000
          2.0000	       1002.0000
          0.0000	       1004.0000
          2.0000	       1004.0000
          0.0000	       1006.0000
          2.0000	       1006.0000
          0.0000	       1008.0000
          2.0000	       1008.0000
          0.0000	       1010.0000
          2.0000	       1010.0000
          0.0000	       1012.0000
          2.0000	       1012.0000
          0.0000	       1014.0000
          2.0000	       1014.0000
          0.0000	       1016.0000
          2.0000	       1016.0000
          0.0000	       1018.0000
          2.0000	       1018.0000
          0.0000	       1020.0000
          2.0000	       1020.0000
          0.0000	       1022.0000
          2.0000	       1022.0000
          0.0000	       1024.0000
          2.0000	       1024.0000
          0.0000	       1026.0000
          2.0000	       1026.0000
          0.0000	       1028.0000
          2.0000	       1028.0000
          0.0000	       1030.0000
          2.0000	       1030.0000
          0.0000	       1032.0000
          2.0000	       1032.0000
          0.0000	       1034.0000
          2.0000	       1034.0000
          0.0000	       1036.0000
          2.0000	       1036.0000
          0.0000	       1038.0000
          2.0000	       1038.0000
          0.0000	       1040.0000
          2.0000	       1040.0000
          0.0000	       1042.0000
          2.0000	       1042.0000
          0.0000	       1044.0000
          2.0000	       1044.0000
          0.0000	       1046.0000
          2.0000	       1046.0000
          0.0000	       1048.0000
          2.0000	       1048.0000
          0.0000	       1050.0000
          2.0000	       1050.0000
          0.0000	       1052.0000
          2.0000	       1052.0000
          0.0000	       1054.0000
          2.0000	       1054.0000
          0.0000	       1056.0000
          2.0000	       1056.0000
          0.0000	       1058.0000
          2.0000	       1058.0000
          0.0000	       1060.0000
          2.0000	       1060.0000
          0.0000	       1062.0000
          2.0000	       1062.0000
          0.0000	       1064.0000
          2.0000	       1064.0000
          0.0000	       1066.0000
          2.0000	       1066.0000
          0.0000	       1068.0000
          2.0000	       1068.0000
          0.0000	       1070.0000
          2.0000	       1070.0000
          0.0000	       1072.0000
          2.0000	       1072.0000
          0.0000	       1074.0000
          2.0000	       1074.0000
          0.0000	       1076.0000
          2.0000	       1076.0000
          0.0000	       1078.0000
          2.0000	       1078.0000
          0.0000	       1080.0000
          2.0000	       1080.0000
          0.0000	       1082.0000
          2.0000	       1082.0000
          0.0000	       1084.0000
          2.0000	       1084.0000
          0.0000	       1086.0000
          2.0000	       1086.0000
          0.0000	       1088.0000
          2.0000	       1088.0000
          0.0000	       1090.0000
          2.0000	       1090.0000
          0.0000	       1092.0000
          2.0000	       1092.0000
          0.0000	       1094.0000
          2.0000	       1094.0000
          0.0000	       1096.0000
          2.0000	       1096.0000
          0.0000	       1098.0000
          2.0000	       1098.0000
          0.0000	       1100.0000
          2.0000	       1100.0000
          0.0000	       1102.0000
          2.0000	       1102.0000
          0.0000	       1104.0000
          2.0000	       1104.0000
          0.0000	       1106.0000
          2.0000	       1106.0000
          0.0000	       1108.0000
          2.0000	       1108.0000
          0.0000	       1110.0000
          2.0000	       1110.0000
          0.0000	       1112.0000
          2.0000	       1112.0000
          0.0000	       1114.0000
          2.0000	       1114.0000
          0.0000	       1116.0000
          2.0000	       1116.0000
          0.0000	       1118.0000
          2.0000	       1118.0000
          0.0000	       1120.0000
          2.0000	       1120.0000
          0.0000	       1122.0000
          2.0000	       1122.0000
          0.0000	       1124.0000
          2.0000	       1124.0000
          0.0000	       1126.0000
          2.0000	       1126.0000
          0.0000	       1128.0000
          2.0000	       1128.0000
          0.0000	       1130.0000
          2.0000	       1130.0000
          0.0000	       1132.0000
          2.0000	       1132.0000
          0.0000	       1134.0000
          2.0000	       1134.0000
          0.0000	       1136.0000
          2.0000	       1136.0000
          0.0000	       1138.0000
          2.0000	       1138.0000
          0.0000	       1140.0000
          2.0000	       1140.0000
          0.0000	       1142.0000
          2.0000	       1142.0000
          0.0000	       1144.0000
          2.0000	       1144.0000
          0.0000	       1146.0000
          2.0000	       1146.0000
          0.0000	       1148.0000
          2.0000	       1148.0000
          0.0000	       1150.0000
          2.0000	       1150.0000
          0.0000	       1152.0000
          2.0000	       1152.0000
          0.0000	       1154.0000
          2.0000	       1154.0000
          0.0000	       1156.0000
          2.0000	       1156.0000
          0.0000	       1158.0000
          2.0000	       1158.0000
          0.0000	       1160.0000
          2.0000	       1160.0000
          0.0000	       1162.0000
          2.0000	       1162.0000
          0.0000	       1164.0000
          2.0000	       1164.0000
          0.0000	       1166.0000
          2.0000	       1166.0000
          0.0000	       1168.0000
          2.0000	       1168.0000
          0.0000	       1170.0000
          2.0000	       1170.0000
          0.0000	       1172.0000
          2.0000	       1172.0000
          0.0000	       1174.0000
          2.0000	       1174.0000
          0.0000	       1176.0000
          2.0000	       1176.0000
          0.0000	       1178.0000
          2.0000	       1178.0000
          0.0000	       1180.0000
          2.0000	       1180.0000
          0.0000	       1182.0000
          2.0000	       1182.0000
          0.0000	       1184.0000
          2.0000	       1184.0000
          0.0000	       1186.0000
          2.0000	       1186.0000
          0.0000	       1188.0000
          2.0000	       1188.0000
          0.0000	       1190.0000
          2.0000	       1190.0000
          0.0000	       1192.0000
          2.0000	       1192.0000
          0.0000	       1194.0000
          2.0000	       1194.0000
          0.0000	       1196.0000
          2.0000	       1196.0000
          0.0000	       1198.0000
          2.0000	       1198.0000
          0.0000	       1200.0000
          2.0000	       1200.0000
          0.0000	       1202.0000
          2.0000	       1202.0000
          0.0000	       1204.0000
          2.0000	       1204.0000
          0.0000	       1206.0000
          2.0000	       1206.0000
          0.0000	       1208.0000
          2.0000	       1208.0000
          0.0000	       1210.0000
          2.0000	       1210.0000
          0.0000	       1212.0000
          2.0000	       1212.0000
          0.0000	       1214.0000
          2.0000	       1214.0000
          0.0000	       1216.0000
          2.0000	       1216.0000
          0.0000	       1218.0000
          2.0000	       1218.0000
          0.0000	       1220.0000
          2.0000	       1220.0000
          0.0000	       1222.0000
          2.0000	       1222.0000
          0.0000	       1224.0000
          2.0000	       1224.0000
          0.0000	       1226.0000
          2.0000	       1226.0000
          0.0000	       1228.0000
          2.0000	       1228.0000
          0.0000	       1230.0000
          2.0000	       1230.0000
          0.0000	       1232.0000
          2.0000	       1232.0000
          0.0000	       1234.0000
          2.0000	       1234.0000
          0.0000	       1236.0000
          2.0000	       1236.0000
          0.0000	       1238.0000
          2.0000	       1238.0000
          0.0000	       1240.0000
          2.0000	       1240.0000
          0.0000	       1242.0000
          2.0000	       1242.0000
          0.0000	       1244.0000
          2.0000	       1244.0000
          0.0000	       1246.0000
          2.0000	       1246.0000
          0.0000	       1248.0000
          2.0000	       1248.0000
          0.0000	       1250.0000
          2.0000	       1250.0000
          0.0000	       1252.0000
          2.0000	       1252.0000
          0.0000	       1254.0000
          2.0000	       1254.0000
          0.0000	       1256.0000
          2.0000	       1256.0000
          0.0000	       1258.0000
          2.0000	       1258.0000
          0.0000	       1260.0000
          2.0000	       1260.0000
          0.0000	       1262.0000
          2.0000	       1262.0000
          0.0000	       1264.0000
          2.0000	       1264.0000
          0.0000	       1266.0000
          2.0000	       1266.0000
          0.0000	       1268.0000
          2.0000	       1268.0000
          0.0000	       1270.0000
          2.0000	       1270.0000
          0.0000	       1272.0000
          2.0000	       1272.0000
          0.0000	       1274.0000
          2.0000	       1274.0000
          0.0000	       1276.0000
          2.0000	       1276.0000
          0.0000	       1278.0000
          2.0000	       1278.0000
          0.0000	       1280.0000
          2.0000	       1280.0000
          0.0000	       1282.0000
          2.0000	       1282.0000
          0.0000	       1284.0000
          2.0000	       1284.0000
          0.0000	       1286.0000
          2.0000	       1286.0000
          0.0000	       1288.0000
          2.0000	       1288.0000
          0.0000	       1290.0000
          2.0000	       1290.0000
          0.0000	       1292.0000
          2.0000	       1292.0000
          0.0000	       1294.0000
          2.0000	       1294.0000
          0.0000	       1296.0000
          2.0000	       1296.0000
          0.0000	       1298.0000
          2.0000	       1298.0000
          0.0000	       1300.0000
          2.0000	       1300.0000
          0.0000	       1302.0000
          2.0000	       1302.0000
          0.0000	       1304.0000
          2.0000	       1304.0000
          0.0000	       1306.0000
          2.0000	       1306.0000
          0.0000	       1308.0000
          2.0000	       1308.0000
          0.0000	       1310.0000
          2.0000	       1310.0000
          0.0000	       1312.0000
          2.0000	       1312.0000
          0.0000	       1314.0000
          2.0000	       1314.0000
          0.0000	       1316.0000
          2.0000	       1316.0000
          0.0000	       1318.0000
          2.0000	       1318.0000
          0.0000	       1320.0000
          2.0000	       1320.0000
          0.0000	       1322.0000
          2.0000	       1322.0000
          0.0000	       1324.0000
          2.0000	       1324.0000
          0.0000	       1326.0000
          2.0000	       1326.0000
          0.0000	       1328.0000
          2.0000	       1328.0000
          0.0000	       1330.0000
          2.0000	       1330.0000
          0.0000	       1332.0000
          2.0000	       1332.0000
          0.0000	       1334.0000
          2.0000	       1334.0000
          0.0000	       1336.0000
          2.0000	       1336.0000
          0.0000	       1338.0000
          2.0000	       1338.0000
          0.0000	       1340.0000
          2.0000	       1340.0000
          0.0000	       1342.0000
          2.0000	       1342.0000
          0.0000	       1344.0000
          2.0000	       1344.0000
          0.0000	       1346.0000
          2.0000	       1346.0000
          0.0000	       1348.0000
          2.0000	       1348.0000
          0.0000	       1350.0000
          2.0000	       1350.0000
          0.0000	       1352.0000
          2.0000	       1352.0000
          0.0000	       1354.0000
          2.0000	       1354.0000
          0.0000	       1356.0000
          2.0000	       1356.0000
          0.0000	       1358.0000
          2.0000	       1358.0000
          0.0000	       1360.0000
          2.0000	       1360.0000
          0.0000	       1362.0000
          2.0000	       1362.0000
          0.0000	       1364.0000
          2.0000	       1364.0000
          0.0000	       1366.0000
          2.0000	       1366.0000
          0.0000	       1368.0000
          2.0000	       1368.0000
          0.0000	       1370.0000
          2.0000	       1370.0000
          0.0000	       1372.0000
          2.0000	       1372.0000
          0.0000	       1374.0000
          2.0000	       1374.0000
          0.0000	       1376.0000
          2.0000	       1376.0000
          0.0000	       1378.0000
          2.0000	       1378.0000
          0.0000	       1380.0000
          2.0000	       1380.0000
          0.0000	       1382.0000
          2.0000	       1382.0000
          0.0000	       1384.0000
          2.0000	       1384.0000
          0.0000	       1386.0000
          2.0000	       1386.0000
          0.0000	       1388.0000
          2.0000	       1388.0000
          0.0000	       1390.0000
          2.0000	       1390.0000
          0.0000	       1392.0000
          2.0000	       1392.0000
          0.0000	       1394.0000
          2.0000	       1394.0000
          0.0000	       1396.0000
          2.0000	       1396.0000
          0.0000	       1398.0000
          2.0000	       1398.0000
          0.0000	       1400.0000
          2.0000	       1400.0000
          0.0000	       1402.0000
          2.0000	       1402.0000
          0.0000	       1404.0000
          2.0000	       1404.0000
          0.0000	       1406.0000
          2.0000	       1406.0000
          0.0000	       1408.0000
          2.0000	       1408.0000
          0.0000	       1410.0000
          2.0000	       1410.0000
          0.0000	       1412.0000
          2.0000	       1412.0000
          0.0000	       1414.0000
          2.0000	       1414.0000
          0.0000	       1416.0000
          2.0000	       1416.0000
          0.0000	       1418.0000
          2.0000	       1418.0000
          0.0000	       1420.0000
          2.0000	       1420.0000
          0.0000	       1422.0000
          2.0000	       1422.0000
          0.0000	       1424.0000
          2.0000	       1424.0000
          0.0000	       1426.0000
          2.0000	       1426.0000
          0.0000	       1428.0000
          2.0000	       1428.0000
          0.0000	       1430.0000
          2.0000	       1430.0000
          0.0000	       1432.0000
          2.0000	       1432.0000
          0.0000	       1434.0000
          2.0000	       1434.0000
          0.0000	       1436.0000
          2.0000	       1436.0000
          0.0000	       1438.0000
          2.0000	       1438.0000
          0.0000	       1440.0000
          2.0000	       1440.0000
          0.0000	       1442.0000
          2.0000	       1442.0000
          0.0000	       1444.0000
          2.0000	       1444.0000
          0.0000	       1446.0000
          2.0000	       1446.0000
          0.0000	       1448.0000
          2.0000	       1448.0000
          0.0000	       1450.0000
          2.0000	       1450.0000
          0.0000	       1452.0000
          2.0000	       1452.0000
          0.0000	       1454.0000
          2.0000	       1454.0000
          0.0000	       1456.0000
          2.0000	       1456.0000
          0.0000	       1458.0000
          2.0000	       1458.0000
          0.0000	       1460.0000
          2.0000	       1460.0000
          0.0000	       1462.0000
          2.0000	       1462.0000
          0.0000	       1464.0000
          2.0000	       1464.0000
          0.0000	       1466.0000
          2.0000	       1466.0000
          0.0000	       1468.0000
          2.0000	       1468.0000
          0.0000	       1470.0000
          2.0000	       1470.0000
          0.0000	       1472.0000
          2.0000	       1472.0000
          0.0000	       1474.0000
          2.0000	       1474.0000
          0.0000	       1476.0000
          2.0000	       1476.0000
          0.0000	       1478.0000
          2.0000	       1478.0000
          0.0000	       1480.0000
          2.0000	       1480.0000
          0.0000	       1482.0000
          2.0000	       1482.0000
          0.0000	       1484.0000
          2.0000	       1484.0000
          0.0000	       1486.0000
          2.0000	       1486.0000
          0.0000	       1488.0000
          2.0000	       1488.0000
          0.0000	       1490.0000
          2.0000	       1490.0000
          0.0000	       1492.0000
          2.0000	       1492.0000
          0.0000	       1494.0000
          2.0000	       1494.0000
          0.0000	       1496.0000
          2.0000	       1496.0000
          0.0000	       1498.0000
          2.0000	       1498.0000
          0.0000	       1500.0000
          2.0000	       1500.0000
          0.0000	       1502.0000
          2.0000	       1502.0000
          0.0000	       1504.0000
          2.0000	       1504.0000
          0.0000	       1506.0000
          2.0000	       1506.0000
          0.0000	       1508.0000
          2.0000	       1508.0000
          0.0000	       1510.0000
          2.0000	       1510.0000
          0.0000	       1512.0000
          2.0000	       1512.0000
          0.0000	       1514.0000
          2.0000	       1514.0000
          0.0000	       1516.0000
          2.0000	       1516.0000
          0.0000	       1518.0000
          2.0000	       1518.0000
          0.0000	       1520.0000
          2.0000	       1520.0000
          0.0000	       1522.0000
          2.0000	       1522.0000
          0.0000	       1524.0000
          2.0000	       1524.0000
          0.0000	       1526.0000
          2.0000	       1526.0000
          0.0000	       1528.0000
          2.0000	       1528.0000
          0.0000	       1530.0000
          2.0000	       1530.0000
          0.0000	       1532.0000
          2.0000	       1532.0000
          0.0000	       1534.0000
          2.0000	       1534.0000
          0.0000	       1536.0000
          2.0000	       1536.0000
          0.0000	       1538.0000
          2.0000	       1538.0000
          0.0000	       1540.0000
          2.0000	       1540.0000
          0.0000	       1542.0000
          2.0000	       1542.0000
          0.0000	       1544.0000
          2.0000	       1544.0000
          0.0000	       1546.0000
          2.0000	       1546.0000
          0.0000	       1548.0000
          2.0000	       1548.0000
          0.0000	       1550.0000
          2.0000	       1550.0000
          0.0000	       1552.0000
          2.0000	       1552.0000
          0.0000	       1554.0000
          2.0000	       1554.0000
          0.0000	       1556.0000
          2.0000	       1556.0000
          0.0000	       1558.0000
          2.0000	       1558.0000
          0.0000	       1560.0000
          2.0000	       1560.0000
          0.0000	       1562.0000
          2.0000	       1562.0000
          0.0000	       1564.0000
          2.0000	       1564.0000
          0.0000	       1566.0000
          2.0000	       1566.0000
          0.0000	       1568.0000
          2.0000	       1568.0000
          0.0000	       1570.0000
          2.0000	       1570.0000
          0.0000	       1572.0000
          2.0000	       1572.0000
          0.0000	       1574.0000
          2.0000	       1574.0000
          0.0000	       1576.0000
          2.0000	       1576.0000
          0.0000	       1578.0000
          2.0000	       1578.0000
          0.0000	       1580.0000
          2.0000	       1580.0000
          0.0000	       1582.0000
          2.0000	       1582.0000
          0.0000	       1584.0000
          2.0000	       1584.0000
          0.0000	       1586.0000
          2.0000	       1586.0000
          0.0000	       1588.0000
          2.0000	       1588.0000
          0.0000	       1590.0000
          2.0000	       1590.0000
          0.0000	       1592.0000
          2.0000	       1592.0000
          0.0000	       1594.0000
          2.0000	       1594.0000
          0.0000	       1596.0000
          2.0000	       1596.0000
          0.0000	       1598.0000
          2.0000	       1598.0000
          0.0000	       1600.0000
          2.0000	       1600.0000
          0.0000	       1602.0000
          2.0000	       1602.0000
          0.0000	       1604.0000
          2.0000	       1604.0000
          0.0000	       1606.0000
          2.0000	       1606.0000
          0.0000	       1608.0000
          2.0000	       1608.0000
          0.0000	       1610.0000
          2.0000	       1610.0000
          0.0000	       1612.0000
          2.0000	       1612.0000
          0.0000	       1614.0000
          2.0000	       1614.0000
          0.0000	       1616.0000
          2.0000	       1616.0000
          0.0000	       1618.0000
          2.0000	       1618.0000
          0.0000	       1620.0000
          2.0000	       1620.0000
          0.0000	       1622.0000
          2.0000	       1622.0000
          0.0000	       1624.0000
          2.0000	       1624.0000
          0.0000	       1626.0000
          2.0000	       1626.0000
          0.0000	       1628.0000
          2.0000	       1628.0000
          0.0000	       1630.0000
          2.0000	       1630.0000
          0.0000	       1632.0000
          2.0000	       1632.0000
          0.0000	       1634.0000
          2.0000	       1634.0000
          0.0000	       1636.0000
          2.0000	       1636.0000
          0.0000	       1638.0000
          2.0000	       1638.0000
          0.0000	       1640.0000
          2.0000	       1640.0000
          0.0000	       1642.0000
          2.0000	       1642.0000
          0.0000	       1644.0000
          2.0000	       1644.0000
          0.0000	       1646.0000
          2.0000	       1646.0000
          0.0000	       1648.0000
          2.0000	       1648.0000
          0.0000	       1650.0000
          2.0000	       1650.0000
          0.0000	       1652.0000
          2.0000	       1652.0000
          0.0000	       1654.0000
          2.0000	       1654.0000
          0.0000	       1656.0000
          2.0000	       1656.0000
          0.0000	       1658.0000
          2.0000	       1658.0000
          0.0000	       1660.0000
          2.0000	       1660.0000
          0.0000	       1662.0000
          2.0000	       1662.0000
          0.0000	       1664.0000
          2.0000	       1664.0000
          0.0000	       1666.0000
          2.0000	       1666.0000
          0.0000	       1668.0000
          2.0000	       1668.0000
          0.0000	       1670.0000
          2.0000	       1670.0000
          0.0000	       1672.0000
          2.0000	       1672.0000
          0.0000	       1674.0000
          2.0000	       1674.0000
          0.0000	       1676.0000
          2.0000	       1676.0000
          0.0000	       1678.0000
          2.0000	       1678.0000
          0.0000	       1680.0000
          2.0000	       1680.0000
          0.0000	       1682.0000
          2.0000	       1682.0000
          0.0000	       1684.0000
          2.0000	       1684.0000
          0.0000	       1686.0000
          2.0000	       1686.0000
          0.0000	       1688.0000
          2.0000	       1688.0000
          0.0000	       1690.0000
          2.0000	       1690.0000
          0.0000	       1692.0000
          2.0000	       1692.0000
          0.0000	       1694.0000
          2.0000	       1694.0000
          0.0000	       1696.0000
          2.0000	       1696.0000
          0.0000	       1698.0000
          2.0000	       1698.0000
          0.0000	       1700.0000
          2.0000	       1700.0000
          0.0000	       1702.0000
          2.0000	       1702.0000
          0.0000	       1704.0000
          2.0000	       1704.0000
          0.0000	       1706.0000
          2.0000	       1706.0000
          0.0000	       1708.0000
          2.0000	       1708.0000
          0.0000	       1710.0000
          2.0000	       1710.0000
          0.0000	       1712.0000
          2.0000	       1712.0000
          0.0000	       1714.0000
          2.0000	       1714.0000
          0.0000	       1716.0000
          2.0000	       1716.0000
          0.0000	       1718.0000
          2.0000	       1718.0000
          0.0000	       1720.0000
          2.0000	       1720.0000
          0.0000	       1722.0000
          2.0000	       1722.0000
          0.0000	       1724.0000
          2.0000	       1724.0000
          0.0000	       1726.0000
          2.0000	       1726.0000
          0.0000	       1728.0000
          2.0000	       1728.0000
          0.0000	       1730.0000
          2.0000	       1730.0000
          0.0000	       1732.0000
          2.0000	       1732.0000
          0.0000	       1734.0000
          2.0000	       1734.0000
          0.0000	       1736.0000
          2.0000	       1736.0000
          0.0000	       1738.0000
          2.0000	       1738.0000
          0.0000	       1740.0000
          2.0000	       1740.0000
          0.0000	       1742.0000
          2.0000	       1742.0000
          0.0000	       1744.0000
          2.0000	       1744.0000
          0.0000	       1746.0000
          2.0000	       1746.0000
          0.0000	       1748.0000
          2.0000	       1748.0000
          0.0000	       1750.0000
          2.0000	       1750.0000
          0.0000	       1752.0000
          2.0000	       1752.0000
          0.0000	       1754.0000
          2.0000	       1754.0000
          0.0000	       1756.0000
          2.0000	       1756.0000
          0.0000	       1758.0000
          2.0000	       1758.0000
          0.0000	       1760.0000
          2.0000	       1760.0000
          0.0000	       1762.0000
          2.0000	       1762.0000
          0.0000	       1764.0000
          2.0000	       1764.0000
          0.0000	       1766.0000
          2.0000	       1766.0000
          0.0000	       1768.0000
          2.0000	       1768.0000
          0.0000	       1770.0000
          2.0000	       1770.0000
          0.0000	       1772.0000
          2.0000	       1772.0000
          0.0000	       1774.0000
          2.0000	       1774.0000
          0.0000	       1776.0000
          2.0000	       1776.0000
          0.0000	       1778.0000
          2.0000	       1778.0000
          0.0000	       1780.0000
          2.0000	       1780.0000
          0.0000	       1782.0000
          2.0000	       1782.0000
          0.0000	       1784.0000
          2.0000	       1784.0000
          0.0000	       1786.0000
          2.0000	       1786.0000
          0.0000	       1788.0000
          2.0000	       1788.0000
          0.0000	       1790.0000
          2.0000	       1790.0000
          0.0000	       1792.0000
          2.0000	       1792.0000
          0.0000	       1794.0000
          2.0000	       1794.0000
          0.0000	       1796.0000
          2.0000	       1796.0000
          0.0000	       1798.0000
          2.0000	       1798.0000
          0.0000	       1800.0000
          2.0000	       1800.0000
          0.0000	       1802.0000
          2.0000	       1802.0000
          0.0000	       1804.0000
          2.0000	       1804.0000
          0.0000	       1806.0000
          2.0000	       1806.0000
          0.0000	       1808.0000
          2.0000	       1808.0000
          0.0000	       1810.0000
          2.0000	       1810.0000
          0.0000	       1812.0000
          2.0000	       1812.0000
          0.0000	       1814.0000
          2.0000	       1814.0000
          0.0000	       1816.0000
          2.0000	       1816.0000
          0.0000	       1818.0000
          2.0000	       1818.0000
          0.0000	       1820.0000
          2.0000	       1820.0000
          0.0000	       1822.0000
          2.0000	       1822.0000
          0.0000	       1824.0000
          2.0000	       1824.0000
          0.0000	       1826.0000
          2.0000	       1826.0000
          0.0000	       1828.0000
          2.0000	       1828.0000
          0.0000	       1830.0000
          2.0000	       1830.0000
          0.0000	       1832.0000
          2.0000	       1832.0000
          0.0000	       1834.0000
          2.0000	       1834.0000
          0.0000	       1836.0000
          2.0000	       1836.0000
          0.0000	       1838.0000
          2.0000	       1838.0000
          0.0000	       1840.0000
          2.0000	       1840.0000
          0.0000	       1842.0000
          2.0000	       1842.0000
          0.0000	       1844.0000
          2.0000	       1844.0000
          0.0000	       1846.0000
          2.0000	       1846.0000
          0.0000	       1848.0000
          2.0000	       1848.0000
          0.0000	       1850.0000
          2.0000	       1850.0000
          0.0000	       1852.0000
          2.0000	       1852.0000
          0.0000	       1854.0000
          2.0000	       1854.0000
          0.0000	       1856.0000
          2.0000	       1856.0000
          0.0000	       1858.0000
          2.0000	       1858.0000
          0.0000	       1860.0000
          2.0000	       1860.0000
          0.0000	       1862.0000
          2.0000	       1862.0000
          0.0000	       1864.0000
          2.0000	       1864.0000
          0.0000	       1866.0000
          2.0000	       1866.0000
          0.0000	       1868.0000
          2.0000	       1868.0000
          0.0000	       1870.0000
          2.0000	       1870.0000
          0.0000	       1872.0000
          2.0000	       1872.0000
          0.0000	       1874.0000
          2.0000	       1874.0000
          0.0000	       1876.0000
          2.0000	       1876.0000
          0.0000	       1878.0000
          2.0000	       1878.0000
          0.0000	       1880.0000
          2.0000	       1880.0000
          0.0000	       1882.0000
          2.0000	       1882.0000
          0.0000	       1884.0000
          2.0000	       1884.0000
          0.0000	       1886.0000
          2.0000	       1886.0000
          0.0000	       1888.0000
          2.0000	       1888.0000
          0.0000	       1890.0000
          2.0000	       1890.0000
          0.0000	       1892.0000
          2.0000	       1892.0000
          0.0000	       1894.0000
          2.0000	       1894.0000
          0.0000	       1896.0000
          2.0000	       1896.0000
          0.0000	       1898.0000
          2.0000	       1898.0000
          0.0000	       1900.0000
          2.0000	       1900.0000
          0.0000	       1902.0000
          2.0000	       1902.0000
          0.0000	       1904.0000
          2.0000	       1904.0000
          0.0000	       1906.0000
          2.0000	       1906.0000
          0.0000	       1908.0000
          2.0000	       1908.0000
          0.0000	       1910.0000
          2.0000	       1910.0000
          0.0000	       1912.0000
          2.0000	       1912.0000
          0.0000	       1914.0000
          2.0000	       1914.0000
          0.0000	       1916.0000
          2.0000	       1916.0000
          0.0000	       1918.0000
          2.0000	       1918.0000
          0.0000	       1920.0000
          2.0000	       1920.0000
          0.0000	       1922.0000
          2.0000	       1922.0000
          0.0000	       1924.0000
          2.0000	       1924.0000
          0.0000	       1926.0000
          2.0000	       1926.0000
          0.0000	       1928.0000
          2.0000	       1928.0000
          0.0000	       1930.0000
          2.0000	       1930.0000
          0.0000	       1932.0000
          2.0000	       1932.0000
          0.0000	       1934.0000
          2.0000	       1934.0000
          0.0000	       1936.0000
          2.0000	       1936.0000
          0.0000	       1938.0000
          2.0000	       1938.0000
          0.0000	       1940.0000
          2.0000	       1940.0000
          0.0000	       1942.0000
          2.0000	       1942.0000
          0.0000	       1944.0000
          2.0000	       1944.0000
          0.0000	       1946.0000
          2.0000	       1946.0000
          0.0000	       1948.0000
          2.0000	       1948.0000
          0.0000	       1950.0000
          2.0000	       1950.0000
          0.0000	       1952.0000
          2.0000	       1952.0000
          0.0000	       1954.0000
          2.0000	       1954.0000
          0.0000	       1956.0000
          2.0000	       1956.0000
          0.0000	       1958.0000
          2.0000	       1958.0000
          0.0000	       1960.0000
          2.0000	       1960.0000
          0.0000	       1962.0000
          2.0000	       1962.0000
          0.0000	       1964.0000
          2.0000	       1964.0000
          0.0000	       1966.0000
          2.0000	       1966.0000
          0.0000	       1968.0000
          2.0000	       1968.0000
          0.0000	       1970.0000
          2.0000	       1970.0000
          0.0000	       1972.0000
          2.0000	       1972.0000
          0.0000	       1974.0000
          2.0000	       1974.0000
          0.0000	       1976.0000
          2.0000	       1976.0000
          0.0000	       1978.0000
          2.0000	       1978.0000
          0.0000	       1980.0000
          2.0000	       1980.0000
          0.0000	       1982.0000
          2.0000	       1982.0000
          0.0000	       1984.0000
          2.0000	       1984.0000
          0.0000	       1986.0000
          2.0000	       1986.0000
          0.0000	       1988.0000
          2.0000	       1988.0000
          0.0000	       1990.0000
          2.0000	       1990.0000
          0.0000	       1992.0000
          2.0000	       1992.0000
          0.0000	       1994.0000
          2.0000	       1994.0000
          0.0000	       1996.0000
          2.0000	       1996.0000
          0.0000	       1998.0000
          2.0000	       1998.0000
          0.0000	       2000.0000
          2.0000	       2000.0000
          0.0000	       2002.0000
          2.0000	       2002.0000
          0.0000	       2004.0000
          2.0000	       2004.0000
          0.0000	       2006.0000
          2.0000	       2006.0000
          0.0000	       2008.0000
          2.0000	       2008.0000
          0.0000	       2010.0000
          2.0000	       2010.0000
          0.0000	       2012.0000
          2.0000	       2012.0000
          0.0000	       2014.0000
          2.0000	       2014.0000
          0.0000	       2016.0000
          2.0000	       2016.0000
          0.0000	       2018.0000
          2.0000	       2018.0000
          0.0000	       2020.0000
          2.0000	       2020.0000
          0.0000	       2022.0000
          2.0000	       2022.0000
          0.0000	       2024.0000
          2.0000	       2024.0000
          0.0000	       2026.0000
          2.0000	       2026.0000
          0.0000	       2028.0000
          2.0000	       2028.0000
          0.0000	       2030.0000
          2.0000	       2030.0000
          0.0000	       2032.0000
          2.0000	       2032.0000
          0.0000	       2034.0000
          2.0000	       2034.0000
          0.0000	       2036.0000
          2.0000	       2036.0000
          0.0000	       2038.0000
          2.0000	       2038.0000
          0.0000	       2040.0000
          2.0000	       2040.0000
          0.0000	       2042.0000
          2.0000	       2042.0000
          0.0000	       2044.0000
          2.0000	       2044.0000
          0.0000	       2046.0000
          2.0000	       2046.0000
          0.0000	       2048.0000
          2.0000	       2048.0000
          0.0000	       2050.0000
          2.0000	       2050.0000
          0.0000	       2052.0000
          2.0000	       2052.0000
          0.0000	       2054.0000
          2.0000	       2054.0000
          0.0000	       2056.0000
          2.0000	       2056.0000
          0.0000	       2058.0000
          2.0000	       2058.0000
          0.0000	       2060.0000
          2.0000	       2060.0000
          0.0000	       2062.0000
          2.0000	       2062.0000
          0.0000	       2064.0000
          2.0000	       2064.0000
          0.0000	       2066.0000
          2.0000	       2066.0000
          0.0000	       2068.0000
          2.0000	       2068.0000
          0.0000	       2070.0000
          2.0000	       2070.0000
          0.0000	       2072.0000
          2.0000	       2072.0000
          0.0000	       2074.0000
          2.0000	       2074.0000
          0.0000	       2076.0000
          2.0000	       2076.0000
          0.0000	       2078.0000
          2.0000	       2078.0000
          0.0000	       2080.0000
          2.0000	       2080.0000
          0.0000	       2082.0000
          2.0000	       2082.0000
          0.0000	       2084.0000
          2.0000	       2084.0000
          0.0000	       2086.0000
          2.0000	       2086.0000
          0.0000	       2088.0000
          2.0000	       2088.0000
          0.0000	       2090.0000
          2.0000	       2090.0000
          0.0000	       2092.0000
          2.0000	       2092.0000
          0.0000	       2094.0000
          2.0000	       2094.0000
          0.0000	       2096.0000
          2.0000	       2096.0000
          0.0000	       2098.0000
          2.0000	       2098.0000
          0.0000	       2100.0000
          2.0000	       2100.0000
          0.0000	       2102.0000
          2.0000	       2102.0000
          0.0000	       2104.0000
          2.0000	       2104.0000
          0.0000	       2106.0000
          2.0000	       2106.0000
          0.0000	       2108.0000
          2.0000	       2108.0000
          0.0000	       2110.0000
          2.0000	       2110.0000
          0.0000	       2112.0000
          2.0000	       2112.0000
          0.0000	       2114.0000
          2.0000	       2114.0000
          0.0000	       2116.0000
          2.0000	       2116.0000
          0.0000	       2118.0000
          2.0000	       2118.0000
          0.0000	       2120.0000
          2.0000	       2120.0000
          0.0000	       2122.0000
          2.0000	       2122.0000
          0.0000	       2124.0000
          2.0000	       2124.0000
          0.0000	       2126.0000
          2.0000	       2126.0000
          0.0000	       2128.0000
          2.0000	       2128.0000
          0.0000	       2130.0000
          2.0000	       2130.0000
          0.0000	       2132.0000
          2.0000	       2132.0000
          0.0000	       2134.0000
          2.0000	       2134.0000
          0.0000	       2136.0000
          2.0000	       2136.0000
          0.0000	       2138.0000
          2.0000	       2138.0000
          0.0000	       2140.0000
          2.0000	       2140.0000
          0.0000	       2142.0000
          2.0000	       2142.0000
          0.0000	       2144.0000
          2.0000	       2144.0000
          0.0000	       2146.0000
          2.0000	       2146.0000
          0.0000	       2148.0000
          2.0000	       2148.0000
          0.0000	       2150.0000
          2.0000	       2150.0000
          0.0000	       2152.0000
          2.0000	       2152.0000
          0.0000	       2154.0000
          2.0000	       2154.0000
          0.0000	       2156.0000
          2.0000	       2156.0000
          0.0000	       2158.0000
          2.0000	       2158.0000
          0.0000	       2160.0000
          2.0000	       2160.0000
          0.0000	       2162.0000
          2.0000	       2162.0000
          0.0000	       2164.0000
          2.0000	       2164.0000
          0.0000	       2166.0000
          2.0000	       2166.0000
          0.0000	       2168.0000
          2.0000	       2168.0000
          0.0000	       2170.0000
          2.0000	       2170.0000
          0.0000	       2172.0000
          2.0000	       2172.0000
          0.0000	       2174.0000
          2.0000	       2174.0000
          0.0000	       2176.0000
          2.0000	       2176.0000
          0.0000	       2178.0000
          2.0000	       2178.0000
          0.0000	       2180.0000
          2.0000	       2180.0000
          0.0000	       2182.0000
          2.0000	       2182.0000
          0.0000	       2184.0000
          2.0000	       2184.0000
          0.0000	       2186.0000
          2.0000	       2186.0000
          0.0000	       2188.0000
          2.0000	       2188.0000
          0.0000	       2190.0000
          2.0000	       2190.0000
          0.0000	       2192.0000
          2.0000	       2192.0000
          0.0000	       2194.0000
          2.0000	       2194.0000
          0.0000	       2196.0000
          2.0000	       2196.0000
          0.0000	       2198.0000
          2.0000	       2198.0000
          0.0000	       2200.0000
          2.0000	       2200.0000
          0.0000	       2202.0000
          2.0000	       2202.0000
          0.0000	       2204.0000
          2.0000	       2204.0000
          0.0000	       2206.0000
          2.0000	       2206.0000
          0.0000	       2208.0000
          2.0000	       2208.0000
          0.0000	       2210.0000
          2.0000	       2210.0000
          0.0000	       2212.0000
          2.0000	       2212.0000
          0.0000	       2214.0000
          2.0000	       2214.0000
          0.0000	       2216.0000
          2.0000	       2216.0000
          0.0000	       2218.0000
          2.0000	       2218.0000
          0.0000	       2220.0000
          2.0000	       2220.0000
          0.0000	       2222.0000
          2.0000	       2222.0000
          0.0000	       2224.0000
          2.0000	       2224.0000
          0.0000	       2226.0000
          2.0000	       2226.0000
          0.0000	       2228.0000
          2.0000	       2228.0000
          0.0000	       2230.0000
          2.0000	       2230.0000
          0.0000	       2232.0000
          2.0000	       2232.0000
          0.0000	       2234.0000
          2.0000	       2234.0000
          0.0000	       2236.0000
          2.0000	       2236.0000
          0.0000	       2238.0000
          2.0000	       2238.0000
          0.0000	       2240.0000
          2.0000	       2240.0000
          0.0000	       2242.0000
          2.0000	       2242.0000
          0.0000	       2244.0000
          2.0000	       2244.0000
          0.0000	       2246.0000
          2.0000	       2246.0000
          0.0000	       2248.0000
          2.0000	       2248.0000
          0.0000	       2250.0000
          2.0000	       2250.0000
          0.0000	       2252.0000
          2.0000	       2252.0000
          0.0000	       2254.0000
          2.0000	       2254.0000
          0.0000	       2256.0000
          2.0000	       2256.0000
          0.0000	       2258.0000
          2.0000	       2258.0000
          0.0000	       2260.0000
          2.0000	       2260.0000
          0.0000	       2262.0000
          2.0000	       2262.0000
          0.0000	       2264.0000
          2.0000	       2264.0000
          0.0000	       2266.0000
          2.0000	       2266.0000
          0.0000	       2268.0000
          2.0000	       2268.0000
          0.0000	       2270.0000
          2.0000	       2270.0000
          0.0000	       2272.0000
          2.0000	       2272.0000
          0.0000	       2274.0000
          2.0000	       2274.0000
          0.0000	       2276.0000
          2.0000	       2276.0000
          0.0000	       2278.0000
          2.0000	       2278.0000
          0.0000	       2280.0000
          2.0000	       2280.0000
          0.0000	       2282.0000
          2.0000	       2282.0000
          0.0000	       2284.0000
          2.0000	       2284.0000
          0.0000	       2286.0000
          2.0000	       2286.0000
          0.0000	       2288.0000
          2.0000	       2288.0000
          0.0000	       2290.0000
          2.0000	       2290.0000
          0.0000	       2292.0000
          2.0000	       2292.0000
          0.0000	       2294.0000
          2.0000	       2294.0000
          0.0000	       2296.0000
          2.0000	       2296.0000
          0.0000	       2298.0000
          2.0000	       2298.0000
          0.0000	       2300.0000
          2.0000	       2300.0000
          0.0000	       2302.0000
          2.0000	       2302.0000
          0.0000	       2304.0000
          2.0000	       2304.0000
          0.0000	       2306.0000
          2.0000	       2306.0000
          0.0000	       2308.0000
          2.0000	       2308.0000
          0.0000	       2310.0000
          2.0000	       2310.0000
          0.0000	       2312.0000
          2.0000	       2312.0000
          0.0000	       2314.0000
          2.0000	       2314.0000
          0.0000	       2316.0000
          2.0000	       2316.0000
          0.0000	       2318.0000
          2.0000	       2318.0000
          0.0000	       2320.0000
          2.0000	       2320.0000
          0.0000	       2322.0000
          2.0000	       2322.0000
          0.0000	       2324.0000
          2.0000	       2324.0000
          0.0000	       2326.0000
          2.0000	       2326.0000
          0.0000	       2328.0000
          2.0000	       2328.0000
          0.0000	       2330.0000
          2.0000	       2330.0000
          0.0000	       2332.0000
          2.0000	       2332.0000
          0.0000	       2334.0000
          2.0000	       2334.0000
          0.0000	       2336.0000
          2.0000	       2336.0000
          0.0000	       2338.0000
          2.0000	       2338.0000
          0.0000	       2340.0000
          2.0000	       2340.0000
          0.0000	       2342.0000
          2.0000	       2342.0000
          0.0000	       2344.0000
          2.0000	       2344.0000
          0.0000	       2346.0000
          2.0000	       2346.0000
          0.0000	       2348.0000
          2.0000	       2348.0000
          0.0000	       2350.0000
          2.0000	       2350.0000
          0.0000	       2352.0000
          2.0000	       2352.0000
          0.0000	       2354.0000
          2.0000	       2354.0000
          0.0000	       2356.0000
          2.0000	       2356.0000
          0.0000	       2358.0000
          2.0000	       2358.0000
          0.0000	       2360.0000
          2.0000	       2360.0000
          0.0000	       2362.0000
          2.0000	       2362.0000
          0.0000	       2364.0000
          2.0000	       2364.0000
          0.0000	       2366.0000
          2.0000	       2366.0000
          0.0000	       2368.0000
          2.0000	       2368.0000
          0.0000	       2370.0000
          2.0000	       2370.0000
          0.0000	       2372.0000
          2.0000	       2372.0000
          0.0000	       2374.0000
          2.0000	       2374.0000
          0.0000	       2376.0000
          2.0000	       2376.0000
          0.0000	       2378.0000
          2.0000	       2378.0000
          0.0000	       2380.0000
          2.0000	       2380.0000
          0.0000	       2382.0000
          2.0000	       2382.0000
          0.0000	       2384.0000
          2.0000	       2384.0000
          0.0000	       2386.0000
          2.0000	       2386.0000
          0.0000	       2388.0000
          2.0000	       2388.0000
          0.0000	       2390.0000
          2.0000	       2390.0000
          0.0000	       2392.0000
          2.0000	       2392.0000
          0.0000	       2394.0000
          2.0000	       2394.0000
          0.0000	       2396.0000
          2.0000	       2396.0000
          0.0000	       2398.0000
          2.0000	       2398.0000
          0.0000	       2400.0000
          2.0000	       2400.0000
          0.0000	       2402.0000
          2.0000	       2402.0000
          0.0000	       2404.0000
          2.0000	       2404.0000
          0.0000	       2406.0000
          2.0000	       2406.0000
          0.0000	       2408.0000
          2.0000	       2408.0000
          0.0000	       2410.0000
          2.0000	       2410.0000
          0.0000	       2412.0000
          2.0000	       2412.0000
          0.0000	       2414.0000
          2.0000	       2414.0000
          0.0000	       2416.0000
          2.0000	       2416.0000
          0.0000	       2418.0000
          2.0000	       2418.0000
          0.0000	       2420.0000
          2.0000	       2420.0000
          0.0000	       2422.0000
          2.0000	       2422.0000
          0.0000	       2424.0000
          2.0000	       2424.0000
          0.0000	       2426.0000
          2.0000	       2426.0000
          0.0000	       2428.0000
          2.0000	       2428.0000
          0.0000	       2430.0000
          2.0000	       2430.0000
          0.0000	       2432.0000
          2.0000	       2432.0000
          0.0000	       2434.0000
          2.0000	       2434.0000
          0.0000	       2436.0000
          2.0000	       2436.0000
          0.0000	       2438.0000
          2.0000	       2438.0000
          0.0000	       2440.0000
          2.0000	       2440.0000
          0.0000	       2442.0000
          2.0000	       2442.0000
          0.0000	       2444.0000
          2.0000	       2444.0000
          0.0000	       2446.0000
          2.0000	       2446.0000
          0.0000	       2448.0000
          2.0000	       2448.0000
          0.0000	       2450.0000
          2.0000	       2450.0000
          0.0000	       2452.0000
          2.0000	       2452.0000
          0.0000	       2454.0000
          2.0000	       2454.0000
          0.0000	       2456.0000
          2.0000	       2456.0000
          0.0000	       2458.0000
          2.0000	       2458.0000
          0.0000	       2460.0000
          2.0000	       2460.0000
          0.0000	       2462.0000
          2.0000	       2462.0000
          0.0000	       2464.0000
          2.0000	       2464.0000
          0.0000	       2466.0000
          2.0000	       2466.0000
          0.0000	       2468.0000
          2.0000	       2468.0000
          0.0000	       2470.0000
          2.0000	       2470.0000
          0.0000	       2472.0000
          2.0000	       2472.0000
          0.0000	       2474.0000
          2.0000	       2474.0000
          0.0000	       2476.0000
          2.0000	       2476.0000
          0.0000	       2478.0000
          2.0000	       2478.0000
          0.0000	       2480.0000
          2.0000	       2480.0000
          0.0000	       2482.0000
          2.0000	       2482.0000
          0.0000	       2484.0000
          2.0000	       2484.0000
          0.0000	       2486.0000
          2.0000	       2486.0000
          0.0000	       2488.0000
          2.0000	       2488.0000
          0.0000	       2490.0000
          2.0000	       2490.0000
          0.0000	       2492.0000
          2.0000	       2492.0000
          0.0000	       2494.0000
          2.0000	       2494.0000
          0.0000	       2496.0000
          2.0000	       2496.0000
          0.0000	       2498.0000
          2.0000	       2498.0000
          0.0000	       2500.0000
          2.0000	       2500.0000
          0.0000	       2502.0000
          2.0000	       2502.0000
          0.0000	       2504.0000
          2.0000	       2504.0000
          0.0000	       2506.0000
          2.0000	       2506.0000
          0.0000	       2508.0000
          2.0000	       2508.0000
          0.0000	       2510.0000
          2.0000	       2510.0000
          0.0000	       2512.0000
          2.0000	       2512.0000
          0.0000	       2514.0000
          2.0000	       2514.0000
          0.0000	       2516.0000
          2.0000	       2516.0000
          0.0000	       2518.0000
          2.0000	       2518.0000
          0.0000	       2520.0000
          2.0000	       2520.0000
          0.0000	       2522.0000
          2.0000	       2522.0000
          0.0000	       2524.0000
          2.0000	       2524.0000
          0.0000	       2526.0000
          2.0000	       2526.0000
          0.0000	       2528.0000
          2.0000	       2528.0000
          0.0000	       2530.0000
          2.0000	       2530.0000
          0.0000	       2532.0000
          2.0000	       2532.0000
          0.0000	       2534.0000
          2.0000	       2534.0000
          0.0000	       2536.0000
          2.0000	       2536.0000
          0.0000	       2538.0000
          2.0000	       2538.0000
          0.0000	       2540.0000
          2.0000	       2540.0000
          0.0000	       2542.0000
          2.0000	       2542.0000
          0.0000	       2544.0000
          2.0000	       2544.0000
          0.0000	       2546.0000
          2.0000	       2546.0000
          0.0000	       2548.0000
          2.0000	       2548.0000
          0.0000	       2550.0000
          2.0000	       2550.0000
          0.0000	       2552.0000
          2.0000	       2552.0000
          0.0000	       2554.0000
          2.0000	       2554.0000
          0.0000	       2556.0000
          2.0000	       2556.0000
          0.0000	       2558.0000
          2.0000	       2558.0000
          0.0000	       2560.0000
          2.0000	       2560.0000
          0.0000	       2562.0000
          2.0000	       2562.0000
          0.0000	       2564.0000
          2.0000	       2564.0000
          0.0000	       2566.0000
          2.0000	       2566.0000
          0.0000	       2568.0000
          2.0000	       2568.0000
          0.0000	       2570.0000
          2.0000	       2570.0000
          0.0000	       2572.0000
          2.0000	       2572.0000
          0.0000	       2574.0000
          2.0000	       2574.0000
          0.0000	       2576.0000
          2.0000	       2576.0000
          0.0000	       2578.0000
          2.0000	       2578.0000
          0.0000	       2580.0000
          2.0000	       2580.0000
          0.0000	       2582.0000
          2.0000	       2582.0000
          0.0000	       2584.0000
          2.0000	       2584.0000
          0.0000	       2586.0000
          2.0000	       2586.0000
          0.0000	       2588.0000
          2.0000	       2588.0000
          0.0000	       2590.0000
          2.0000	       2590.0000
          0.0000	       2592.0000
          2.0000	       2592.0000
          0.0000	       2594.0000
          2.0000	       2594.0000
          0.0000	       2596.0000
          2.0000	       2596.0000
          0.0000	       2598.0000
          2.0000	       2598.0000
          0.0000	       2600.0000
          2.0000	       2600.0000
          0.0000	       2602.0000
          2.0000	       2602.0000
          0.0000	       2604.0000
          2.0000	       2604.0000
          0.0000	       2606.0000
          2.0000	       2606.0000
          0.0000	       2608.0000
          2.0000	       2608.0000
          0.0000	       2610.0000
          2.0000	       2610.0000
          0.0000	       2612.0000
          2.0000	       2612.0000
          0.0000	       2614.0000
          2.0000	       2614.0000
          0.0000	       2616.0000
          2.0000	       2616.0000
          0.0000	       2618.0000
          2.0000	       2618.0000
          0.0000	       2620.0000
          2.0000	       2620.0000
          0.0000	       2622.0000
          2.0000	       2622.0000
          0.0000	       2624.0000
          2.0000	       2624.0000
          0.0000	       2626.0000
          2.0000	       2626.0000
          0.0000	       2628.0000
          2.0000	       2628.0000
          0.0000	       2630.0000
          2.0000	       2630.0000
          0.0000	       2632.0000
          2.0000	       2632.0000
          0.0000	       2634.0000
          2.0000	       2634.0000
          0.0000	       2636.0000
          2.0000	       2636.0000
          0.0000	       2638.0000
          2.0000	       2638.0000
          0.0000	       2640.0000
          2.0000	       2640.0000
          0.0000	       2642.0000
          2.0000	       2642.0000
          0.0000	       2644.0000
          2.0000	       2644.0000
          0.0000	       2646.0000
          2.0000	       2646.0000
          0.0000	       2648.0000
          2.0000	       2648.0000
          0.0000	       2650.0000
          2.0000	       2650.0000
          0.0000	       2652.0000
          2.0000	       2652.0000
          0.0000	       2654.0000
          2.0000	       2654.0000
          0.0000	       2656.0000
          2.0000	       2656.0000
          0.0000	       2658.0000
          2.0000	       2658.0000
          0.0000	       2660.0000
          2.0000	       2660.0000
          0.0000	       2662.0000
          2.0000	       2662.0000
          0.0000	       2664.0000
          2.0000	       2664.0000
          0.0000	       2666.0000
          2.0000	       2666.0000
          0.0000	       2668.0000
          2.0000	       2668.0000
          0.0000	       2670.0000
          2.0000	       2670.0000
          0.0000	       2672.0000
          2.0000	       2672.0000
          0.0000	       2674.0000
          2.0000	       2674.0000
          0.0000	       2676.0000
          2.0000	       2676.0000
          0.0000	       2678.0000
          2.0000	       2678.0000
          0.0000	       2680.0000
          2.0000	       2680.0000
          0.0000	       2682.0000
          2.0000	       2682.0000
          0.0000	       2684.0000
          2.0000	       2684.0000
          0.0000	       2686.0000
          2.0000	       2686.0000
          0.0000	       2688.0000
          2.0000	       2688.0000
          0.0000	       2690.0000
          2.0000	       2690.0000
          0.0000	       2692.0000
          2.0000	       2692.0000
          0.0000	       2694.0000
          2.0000	       2694.0000
          0.0000	       2696.0000
          2.0000	       2696.0000
          0.0000	       2698.0000
          2.0000	       2698.0000
          0.0000	       2700.0000
          2.0000	       2700.0000
          0.0000	       2702.0000
          2.0000	       2702.0000
          0.0000	       2704.0000
          2.0000	       2704.0000
          0.0000	       2706.0000
          2.0000	       2706.0000
          0.0000	       2708.0000
          2.0000	       2708.0000
          0.0000	       2710.0000
          2.0000	       2710.0000
          0.0000	       2712.0000
          2.0000	       2712.0000
          0.0000	       2714.0000
          2.0000	       2714.0000
          0.0000	       2716.0000
          2.0000	       2716.0000
          0.0000	       2718.0000
          2.0000	       2718.0000
          0.0000	       2720.0000
          2.0000	       2720.0000
          0.0000	       2722.0000
          2.0000	       2722.0000
          0.0000	       2724.0000
          2.0000	       2724.0000
          0.0000	       2726.0000
          2.0000	       2726.0000
          0.0000	       2728.0000
          2.0000	       2728.0000
          0.0000	       2730.0000
          2.0000	       2730.0000
          0.0000	       2732.0000
          2.0000	       2732.0000
          0.0000	       2734.0000
          2.0000	       2734.0000
          0.0000	       2736.0000
          2.0000	       2736.0000
          0.0000	       2738.0000
          2.0000	       2738.0000
          0.0000	       2740.0000
          2.0000	       2740.0000
          0.0000	       2742.0000
          2.0000	       2742.0000
          0.0000	       2744.0000
          2.0000	       2744.0000
          0.0000	       2746.0000
          2.0000	       2746.0000
          0.0000	       2748.0000
          2.0000	       2748.0000
          0.0000	       2750.0000
          2.0000	       2750.0000
          0.0000	       2752.0000
          2.0000	       2752.0000
          0.0000	       2754.0000
          2.0000	       2754.0000
          0.0000	       2756.0000
          2.0000	       2756.0000
          0.0000	       2758.0000
          2.0000	       2758.0000
          0.0000	       2760.0000
          2.0000	       2760.0000
          0.0000	       2762.0000
          2.0000	       2762.0000
          0.0000	       2764.0000
          2.0000	       2764.0000
          0.0000	       2766.0000
          2.0000	       2766.0000
          0.0000	       2768.0000
          2.0000	       2768.0000
          0.0000	       2770.0000
          2.0000	       2770.0000
          0.0000	       2772.0000
          2.0000	       2772.0000
          0.0000	       2774.0000
          2.0000	       2774.0000
          0.0000	       2776.0000
          2.0000	       2776.0000
          0.0000	       2778.0000
          2.0000	       2778.0000
          0.0000	       2780.0000
          2.0000	       2780.0000
          0.0000	       2782.0000
          2.0000	       2782.0000
          0.0000	       2784.0000
          2.0000	       2784.0000
          0.0000	       2786.0000
          2.0000	       2786.0000
          0.0000	       2788.0000
          2.0000	       2788.0000
          0.0000	       2790.0000
          2.0000	       2790.0000
          0.0000	       2792.0000
          2.0000	       2792.0000
          0.0000	       2794.0000
          2.0000	       2794.0000
          0.0000	       2796.0000
          2.0000	       2796.0000
          0.0000	       2798.0000
          2.0000	       2798.0000
          0.0000	       2800.0000
          2.0000	       2800.0000
          0.0000	       2802.0000
          2.0000	       2802.0000
          0.0000	       2804.0000
          2.0000	       2804.0000
          0.0000	       2806.0000
          2.0000	       2806.0000
          0.0000	       2808.0000
          2.0000	       2808.0000
          0.0000	       2810.0000
          2.0000	       2810.0000
          0.0000	       2812.0000
          2.0000	       2812.0000
          0.0000	       2814.0000
          2.0000	       2814.0000
          0.0000	       2816.0000
          2.0000	       2816.0000
          0.0000	       2818.0000
          2.0000	       2818.0000
          0.0000	       2820.0000
          2.0000	       2820.0000
          0.0000	       2822.0000
          2.0000	       2822.0000
          0.0000	       2824.0000
          2.0000	       2824.0000
          0.0000	       2826.0000
          2.0000	       2826.0000
          0.0000	       2828.0000
          2.0000	       2828.0000
          0.0000	       2830.0000
          2.0000	       2830.0000
          0.0000	       2832.0000
          2.0000	       2832.0000
          0.0000	       2834.0000
          2.0000	       2834.0000
          0.0000	       2836.0000
          2.0000	       2836.0000
          0.0000	       2838.0000
          2.0000	       2838.0000
          0.0000	       2840.0000
          2.0000	       2840.0000
          0.0000	       2842.0000
          2.0000	       2842.0000
          0.0000	       2844.0000
          2.0000	       2844.0000
          0.0000	       2846.0000
          2.0000	       2846.0000
          0.0000	       2848.0000
          2.0000	       2848.0000
          0.0000	       2850.0000
          2.0000	       2850.0000
          0.0000	       2852.0000
          2.0000	       2852.0000
          0.0000	       2854.0000
          2.0000	       2854.0000
          0.0000	       2856.0000
          2.0000	       2856.0000
          0.0000	       2858.0000
          2.0000	       2858.0000
          0.0000	       2860.0000
          2.0000	       2860.0000
          0.0000	       2862.0000
          2.0000	       2862.0000
          0.0000	       2864.0000
          2.0000	       2864.0000
          0.0000	       2866.0000
          2.0000	       2866.0000
          0.0000	       2868.0000
          2.0000	       2868.0000
          0.0000	       2870.0000
          2.0000	       2870.0000
          0.0000	       2872.0000
          2.0000	       2872.0000
          0.0000	       2874.0000
          2.0000	       2874.0000
          0.0000	       2876.0000
          2.0000	       2876.0000
          0.0000	       2878.0000
          2.0000	       2878.0000
          0.0000	       2880.0000
          2.0000	       2880.0000
          0.0000	       2882.0000
          2.0000	       2882.0000
          0.0000	       2884.0000
          2.0000	       2884.0000
          0.0000	       2886.0000
          2.0000	       2886.0000
          0.0000	       2888.0000
          2.0000	       2888.0000
          0.0000	       2890.0000
          2.0000	       2890.0000
          0.0000	       2892.0000
          2.0000	       2892.0000
          0.0000	       2894.0000
          2.0000	       2894.0000
          0.0000	       2896.0000
          2.0000	       2896.0000
          0.0000	       2898.0000
          2.0000	       2898.0000
          0.0000	       2900.0000
          2.0000	       2900.0000
          0.0000	       2902.0000
          2.0000	       2902.0000
          0.0000	       2904.0000
          2.0000	       2904.0000
          0.0000	       2906.0000
          2.0000	       2906.0000
          0.0000	       2908.0000
          2.0000	       2908.0000
          0.0000	       2910.0000
          2.0000	       2910.0000
          0.0000	       2912.0000
          2.0000	       2912.0000
          0.0000	       2914.0000
          2.0000	       2914.0000
          0.0000	       2916.0000
          2.0000	       2916.0000
          0.0000	       2918.0000
          2.0000	       2918.0000
          0.0000	       2920.0000
          2.0000	       2920.0000
          0.0000	       2922.0000
          2.0000	       2922.0000
          0.0000	       2924.0000
          2.0000	       2924.0000
          0.0000	       2926.0000
          2.0000	       2926.0000
          0.0000	       2928.0000
          2.0000	       2928.0000
          0.0000	       2930.0000
          2.0000	       2930.0000
          0.0000	       2932.0000
          2.0000	       2932.0000
          0.0000	       2934.0000
          2.0000	       2934.0000
          0.0000	       2936.0000
          2.0000	       2936.0000
          0.0000	       2938.0000
          2.0000	       2938.0000
          0.0000	       2940.0000
          2.0000	       2940.0000
          0.0000	       2942.0000
          2.0000	       2942.0000
          0.0000	       2944.0000
          2.0000	       2944.0000
          0.0000	       2946.0000
          2.0000	       2946.0000
          0.0000	       2948.0000
          2.0000	       2948.0000
          0.0000	       2950.0000
          2.0000	       2950.0000
          0.0000	       2952.0000
          2.0000	       2952.0000
          0.0000	       2954.0000
          2.0000	       2954.0000
          0.0000	       2956.0000
          2.0000	       2956.0000
          0.0000	       2958.0000
          2.0000	       2958.0000
          0.0000	       2960.0000
          2.0000	       2960.0000
          0.0000	       2962.0000
          2.0000	       2962.0000
          0.0000	       2964.0000
          2.0000	       2964.0000
          0.0000	       2966.0000
          2.0000	       2966.0000
          0.0000	       2968.0000
          2.0000	       2968.0000
          0.0000	       2970.0000
          2.0000	       2970.0000
          0.0000	       2972.0000
          2.0000	       2972.0000
          0.0000	       2974.0000
          2.0000	       2974.0000
          0.0000	       2976.0000
          2.0000	       2976.0000
          0.0000	       2978.0000
          2.0000	       2978.0000
          0.0000	       2980.0000
          2.0000	       2980.0000
          0.0000	       2982.0000
          2.0000	       2982.0000
          0.0000	       2984.0000
          2.0000	       2984.0000
          0.0000	       2986.0000
          2.0000	       2986.0000
          0.0000	       2988.0000
          2.0000	       2988.0000
          0.0000	       2990.0000
          2.0000	       2990.0000
          0.0000	       2992.0000
          2.0000	       2992.0000
          0.0000	       2994.0000
          2.0000	       2994.0000
          0.0000	       2996.0000
          2.0000	       2996.0000
          0.0000	       2998.0000
          2.0000	       2998.0000
          0.0000	       3000.0000
          2.0000	       3000.0000
          0.0000	       3002.0000
          2.0000	       3002.0000
          0.0000	       3004.0000
          2.0000	       3004.0000
          0.0000	       3006.0000
          2.0000	       3006.0000
          0.0000	       3008.0000
          2.0000	       3008.0000
          0.0000	       3010.0000
          2.0000	       3010.0000
          0.0000	       3012.0000
          2.0000	       3012.0000
          0.0000	       3014.0000
          2.0000	       3014.0000
          0.0000	       3016.0000
          2.0000	       3016.0000
          0.0000	       3018.0000
          2.0000	       3018.0000
          0.0000	       3020.0000
          2.0000	       3020.0000
          0.0000	       3022.0000
          2.0000	       3022.0000
          0.0000	       3024.0000
          2.0000	       3024.0000
          0.0000	       3026.0000
          2.0000	       3026.0000
          0.0000	       3028.0000
          2.0000	       3028.0000
          0.0000	       3030.0000
          2.0000	       3030.0000
          0.0000	       3032.0000
          2.0000	       3032.0000
          0.0000	       3034.0000
          2.0000	       3034.0000
          0.0000	       3036.0000
          2.0000	       3036.0000
          0.0000	       3038.0000
          2.0000	       3038.0000
          0.0000	       3040.0000
          2.0000	       3040.0000
          0.0000	       3042.0000
          2.0000	       3042.0000
          0.0000	       3044.0000
          2.0000	       3044.0000
          0.0000	       3046.0000
          2.0000	       3046.0000
          0.0000	       3048.0000
          2.0000	       3048.0000
          0.0000	       3050.0000
          2.0000	       3050.0000
          0.0000	       3052.0000
          2.0000	       3052.0000
          0.0000	       3054.0000
          2.0000	       3054.0000
          0.0000	       3056.0000
          2.0000	       3056.0000
          0.0000	       3058.0000
          2.0000	       3058.0000
          0.0000	       3060.0000
          2.0000	       3060.0000
          0.0000	       3062.0000
          2.0000	       3062.0000
          0.0000	       3064.0000
          2.0000	       3064.0000
          0.0000	       3066.0000
          2.0000	       3066.0000
          0.0000	       3068.0000
          2.0000	       3068.0000
          0.0000	       3070.0000
          2.0000	       3070.0000
          0.0000	       3072.0000
          2.0000	       3072.0000
          0.0000	       3074.0000
          2.0000	       3074.0000
          0.0000	       3076.0000
          2.0000	       3076.0000
          0.0000	       3078.0000
          2.0000	       3078.0000
          0.0000	       3080.0000
          2.0000	       3080.0000
          0.0000	       3082.0000
          2.0000	       3082.0000
          0.0000	       3084.0000
          2.0000	       3084.0000
          0.0000	       3086.0000
          2.0000	       3086.0000
          0.0000	       3088.0000
          2.0000	       3088.0000
          0.0000	       3090.0000
          2.0000	       3090.0000
          0.0000	       3092.0000
          2.0000	       3092.0000
          0.0000	       3094.0000
          2.0000	       3094.0000
          0.0000	       3096.0000
          2.0000	       3096.0000
          0.0000	       3098.0000
          2.0000	       3098.0000
          0.0000	       3100.0000
          2.0000	       3100.0000
          0.0000	       3102.0000
          2.0000	       3102.0000
          0.0000	       3104.0000
          2.0000	       3104.0000
          0.0000	       3106.0000
          2.0000	       3106.0000
          0.0000	       3108.0000
          2.0000	       3108.0000
          0.0000	       3110.0000
          2.0000	       3110.0000
          0.0000	       3112.0000
          2.0000	       3112.0000
          0.0000	       3114.0000
          2.0000	       3114.0000
          0.0000	       3116.0000
          2.0000	       3116.0000
          0.0000	       3118.0000
          2.0000	       3118.0000
          0.0000	       3120.0000
          2.0000	       3120.0000
          0.0000	       3122.0000
          2.0000	       3122.0000
          0.0000	       3124.0000
          2.0000	       3124.0000
          0.0000	       3126.0000
          2.0000	       3126.0000
          0.0000	       3128.0000
          2.0000	       3128.0000
          0.0000	       3130.0000
          2.0000	       3130.0000
          0.0000	       3132.0000
          2.0000	       3132.0000
          0.0000	       3134.0000
          2.0000	       3134.0000
          0.0000	       3136.0000
          2.0000	       3136.0000
          0.0000	       3138.0000
          2.0000	       3138.0000
          0.0000	       3140.0000
          2.0000	       3140.0000
          0.0000	       3142.0000
          2.0000	       3142.0000
          0.0000	       3144.0000
          2.0000	       3144.0000
          0.0000	       3146.0000
          2.0000	       3146.0000
          0.0000	       3148.0000
          2.0000	       3148.0000
          0.0000	       3150.0000
          2.0000	       3150.0000
          0.0000	       3152.0000
          2.0000	       3152.0000
          0.0000	       3154.0000
          2.0000	       3154.0000
          0.0000	       3156.0000
          2.0000	       3156.0000
          0.0000	       3158.0000
          2.0000	       3158.0000
          0.0000	       3160.0000
          2.0000	       3160.0000
          0.0000	       3162.0000
          2.0000	       3162.0000
          0.0000	       3164.0000
          2.0000	       3164.0000
          0.0000	       3166.0000
          2.0000	       3166.0000
          0.0000	       3168.0000
          2.0000	       3168.0000
          0.0000	       3170.0000
          2.0000	       3170.0000
          0.0000	       3172.0000
          2.0000	       3172.0000
          0.0000	       3174.0000
          2.0000	       3174.0000
          0.0000	       3176.0000
          2.0000	       3176.0000
          0.0000	       3178.0000
          2.0000	       3178.0000
          0.0000	       3180.0000
          2.0000	       3180.0000
          0.0000	       3182.0000
          2.0000	       3182.0000
          0.0000	       3184.0000
          2.0000	       3184.0000
          0.0000	       3186.0000
          2.0000	       3186.0000
          0.0000	       3188.0000
          2.0000	       3188.0000
          0.0000	       3190.0000
          2.0000	       3190.0000
          0.0000	       3192.0000
          2.0000	       3192.0000
          0.0000	       3194.0000
          2.0000	       3194.0000
          0.0000	       3196.0000
          2.0000	       3196.0000
          0.0000	       3198.0000
          2.0000	       3198.0000
          0.0000	       3200.0000
          2.0000	       3200.0000
          0.0000	       3202.0000
          2.0000	       3202.0000
          0.0000	       3204.0000
          2.0000	       3204.0000
          0.0000	       3206.0000
          2.0000	       3206.0000
          0.0000	       3208.0000
          2.0000	       3208.0000
          0.0000	       3210.0000
          2.0000	       3210.0000
          0.0000	       3212.0000
          2.0000	       3212.0000
          0.0000	       3214.0000
          2.0000	       3214.0000
          0.0000	       3216.0000
          2.0000	       3216.0000
          0.0000	       3218.0000
          2.0000	       3218.0000
          0.0000	       3220.0000
          2.0000	       3220.0000
          0.0000	       3222.0000
          2.0000	       3222.0000
          0.0000	       3224.0000
          2.0000	       3224.0000
          0.0000	       3226.0000
          2.0000	       3226.0000
          0.0000	       3228.0000
          2.0000	       3228.0000
          0.0000	       3230.0000
          2.0000	       3230.0000
          0.0000	       3232.0000
          2.0000	       3232.0000
          0.0000	       3234.0000
          2.0000	       3234.0000
          0.0000	       3236.0000
          2.0000	       3236.0000
          0.0000	       3238.0000
          2.0000	       3238.0000
          0.0000	       3240.0000
          2.0000	       3240.0000
          0.0000	       3242.0000
          2.0000	       3242.0000
          0.0000	       3244.0000
          2.0000	       3244.0000
          0.0000	       3246.0000
          2.0000	       3246.0000
          0.0000	       3248.0000
          2.0000	       3248.0000
          0.0000	       3250.0000
          2.0000	       3250.0000
          0.0000	       3252.0000
          2.0000	       3252.0000
          0.0000	       3254.0000
          2.0000	       3254.0000
          0.0000	       3256.0000
          2.0000	       3256.0000
          0.0000	       3258.0000
          2.0000	       3258.0000
          0.0000	       3260.0000
          2.0000	       3260.0000
          0.0000	       3262.0000
          2.0000	       3262.0000
          0.0000	       3264.0000
          2.0000	       3264.0000
          0.0000	       3266.0000
          2.0000	       3266.0000
          0.0000	       3268.0000
          2.0000	       3268.0000
          0.0000	       3270.0000
          2.0000	       3270.0000
          0.0000	       3272.0000
          2.0000	       3272.0000
          0.0000	       3274.0000
          2.0000	       3274.0000
          0.0000	       3276.0000
          2.0000	       3276.0000
          0.0000	       3278.0000
          2.0000	       3278.0000
          0.0000	       3280.0000
          2.0000	       3280.0000
          0.0000	       3282.0000
          2.0000	       3282.0000
          0.0000	       3284.0000
          2.0000	       3284.0000
          0.0000	       3286.0000
          2.0000	       3286.0000
          0.0000	       3288.0000
          2.0000	       3288.0000
          0.0000	       3290.0000
          2.0000	       3290.0000
          0.0000	       3292.0000
          2.0000	       3292.0000
          0.0000	       3294.0000
          2.0000	       3294.0000
          0.0000	       3296.0000
          2.0000	       3296.0000
          0.0000	       3298.0000
          2.0000	       3298.0000
          0.0000	       3300.0000
          2.0000	       3300.0000
          0.0000	       3302.0000
          2.0000	       3302.0000
          0.0000	       3304.0000
          2.0000	       3304.0000
          0.0000	       3306.0000
          2.0000	       3306.0000
          0.0000	       3308.0000
          2.0000	       3308.0000
          0.0000	       3310.0000
          2.0000	       3310.0000
          0.0000	       3312.0000
          2.0000	       3312.0000
          0.0000	       3314.0000
          2.0000	       3314.0000
          0.0000	       3316.0000
          2.0000	       3316.0000
          0.0000	       3318.0000
          2.0000	       3318.0000
          0.0000	       3320.0000
          2.0000	       3320.0000
          0.0000	       3322.0000
          2.0000	       3322.0000
          0.0000	       3324.0000
          2.0000	       3324.0000
          0.0000	       3326.0000
          2.0000	       3326.0000
          0.0000	       3328.0000
          2.0000	       3328.0000
          0.0000	       3330.0000
          2.0000	       3330.0000
          0.0000	       3332.0000
          2.0000	       3332.0000
          0.0000	       3334.0000
          2.0000	       3334.0000
          0.0000	       3336.0000
          2.0000	       3336.0000
          0.0000	       3338.0000
          2.0000	       3338.0000
          0.0000	       3340.0000
          2.0000	       3340.0000
          0.0000	       3342.0000
          2.0000	       3342.0000
          0.0000	       3344.0000
          2.0000	       3344.0000
          0.0000	       3346.0000
          2.0000	       3346.0000
          0.0000	       3348.0000
          2.0000	       3348.0000
          0.0000	       3350.0000
          2.0000	       3350.0000
          0.0000	       3352.0000
          2.0000	       3352.0000
          0.0000	       3354.0000
          2.0000	       3354.0000
          0.0000	       3356.0000
          2.0000	       3356.0000
          0.0000	       3358.0000
          2.0000	       3358.0000
          0.0000	       3360.0000
          2.0000	       3360.0000
          0.0000	       3362.0000
          2.0000	       3362.0000
          0.0000	       3364.0000
          2.0000	       3364.0000
          0.0000	       3366.0000
          2.0000	       3366.0000
          0.0000	       3368.0000
          2.0000	       3368.0000
          0.0000	       3370.0000
          2.0000	       3370.0000
          0.0000	       3372.0000
          2.0000	       3372.0000
          0.0000	       3374.0000
          2.0000	       3374.0000
          0.0000	       3376.0000
          2.0000	       3376.0000
          0.0000	       3378.0000
          2.0000	       3378.0000
          0.0000	       3380.0000
          2.0000	       3380.0000
          0.0000	       3382.0000
          2.0000	       3382.0000
          0.0000	       3384.0000
          2.0000	       3384.0000
          0.0000	       3386.0000
          2.0000	       3386.0000
          0.0000	       3388.0000
          2.0000	       3388.0000
          0.0000	       3390.0000
          2.0000	       3390.0000
          0.0000	       3392.0000
          2.0000	       3392.0000
          0.0000	       3394.0000
          2.0000	       3394.0000
          0.0000	       3396.0000
          2.0000	       3396.0000
          0.0000	       3398.0000
          2.0000	       3398.0000
          0.0000	       3400.0000
          2.0000	       3400.0000
          0.0000	       3402.0000
          2.0000	       3402.0000
          0.0000	       3404.0000
          2.0000	       3404.0000
          0.0000	       3406.0000
          2.0000	       3406.0000
          0.0000	       3408.0000
          2.0000	       3408.0000
          0.0000	       3410.0000
          2.0000	       3410.0000
          0.0000	       3412.0000
          2.0000	       3412.0000
          0.0000	       3414.0000
          2.0000	       3414.0000
          0.0000	       3416.0000
          2.0000	       3416.0000
          0.0000	       3418.0000
          2.0000	       3418.0000
          0.0000	       3420.0000
          2.0000	       3420.0000
          0.0000	       3422.0000
          2.0000	       3422.0000
          0.0000	       3424.0000
          2.0000	       3424.0000
          0.0000	       3426.0000
          2.0000	       3426.0000
          0.0000	       3428.0000
          2.0000	       3428.0000
          0.0000	       3430.0000
          2.0000	       3430.0000
          0.0000	       3432.0000
          2.0000	       3432.0000
          0.0000	       3434.0000
          2.0000	       3434.0000
          0.0000	       3436.0000
          2.0000	       3436.0000
          0.0000	       3438.0000
          2.0000	       3438.0000
          0.0000	       3440.0000
          2.0000	       3440.0000
          0.0000	       3442.0000
          2.0000	       3442.0000
          0.0000	       3444.0000
          2.0000	       3444.0000
          0.0000	       3446.0000
          2.0000	       3446.0000
          0.0000	       3448.0000
          2.0000	       3448.0000
          0.0000	       3450.0000
          2.0000	       3450.0000
          0.0000	       3452.0000
          2.0000	       3452.0000
          0.0000	       3454.0000
          2.0000	       3454.0000
          0.0000	       3456.0000
          2.0000	       3456.0000
          0.0000	       3458.0000
          2.0000	       3458.0000
          0.0000	       3460.0000
          2.0000	       3460.0000
          0.0000	       3462.0000
          2.0000	       3462.0000
          0.0000	       3464.0000
          2.0000	       3464.0000
          0.0000	       3466.0000
          2.0000	       3466.0000
          0.0000	       3468.0000
          2.0000	       3468.0000
          0.0000	       3470.0000
          2.0000	       3470.0000
          0.0000	       3472.0000
          2.0000	       3472.0000
          0.0000	       3474.0000
          2.0000	       3474.0000
          0.0000	       3476.0000
          2.0000	       3476.0000
          0.0000	       3478.0000
          2.0000	       3478.0000
          0.0000	       3480.0000
          2.0000	       3480.0000
          0.0000	       3482.0000
          2.0000	       3482.0000
          0.0000	       3484.0000
          2.0000	       3484.0000
          0.0000	       3486.0000
          2.0000	       3486.0000
          0.0000	       3488.0000
          2.0000	       3488.0000
          0.0000	       3490.0000
          2.0000	       3490.0000
          0.0000	       3492.0000
          2.0000	       3492.0000
          0.0000	       3494.0000
          2.0000	       3494.0000
          0.0000	       3496.0000
          2.0000	       3496.0000
          0.0000	       3498.0000
          2.0000	       3498.0000
          0.0000	       3500.0000
          2.0000	       3500.0000
          0.0000	       3502.0000
          2.0000	       3502.0000
          0.0000	       3504.0000
          2.0000	       3504.0000
          0.0000	       3506.0000
          2.0000	       3506.0000
          0.0000	       3508.0000
          2.0000	       3508.0000
          0.0000	       3510.0000
          2.0000	       3510.0000
          0.0000	       3512.0000
          2.0000	       3512.0000
          0.0000	       3514.0000
          2.0000	       3514.0000
          0.0000	       3516.0000
          2.0000	       3516.0000
          0.0000	       3518.0000
          2.0000	       3518.0000
          0.0000	       3520.0000
          2.0000	       3520.0000
          0.0000	       3522.0000
          2.0000	       3522.0000
          0.0000	       3524.0000
          2.0000	       3524.0000
          0.0000	       3526.0000
          2.0000	       3526.0000
          0.0000	       3528.0000
          2.0000	       3528.0000
          0.0000	       3530.0000
          2.0000	       3530.0000
          0.0000	       3532.0000
          2.0000	       3532.0000
          0.0000	       3534.0000
          2.0000	       3534.0000
          0.0000	       3536.0000
          2.0000	       3536.0000
          0.0000	       3538.0000
          2.0000	       3538.0000
          0.0000	       3540.0000
          2.0000	       3540.0000
          0.0000	       3542.0000
          2.0000	       3542.0000
          0.0000	       3544.0000
          2.0000	       3544.0000
          0.0000	       3546.0000
          2.0000	       3546.0000
          0.0000	       3548.0000
          2.0000	       3548.0000
          0.0000	       3550.0000
          2.0000	       3550.0000
          0.0000	       3552.0000
          2.0000	       3552.0000
          0.0000	       3554.0000
          2.0000	       3554.0000
          0.0000	       3556.0000
          2.0000	       3556.0000
          0.0000	       3558.0000
          2.0000	       3558.0000
          0.0000	       3560.0000
          2.0000	       3560.0000
          0.0000	       3562.0000
          2.0000	       3562.0000
          0.0000	       3564.0000
          2.0000	       3564.0000
          0.0000	       3566.0000
          2.0000	       3566.0000
          0.0000	       3568.0000
          2.0000	       3568.0000
          0.0000	       3570.0000
          2.0000	       3570.0000
          0.0000	       3572.0000
          2.0000	       3572.0000
          0.0000	       3574.0000
          2.0000	       3574.0000
          0.0000	       3576.0000
          2.0000	       3576.0000
          0.0000	       3578.0000
          2.0000	       3578.0000
          0.0000	       3580.0000
          2.0000	       3580.0000
          0.0000	       3582.0000
          2.0000	       3582.0000
          0.0000	       3584.0000
          2.0000	       3584.0000
          0.0000	       3586.0000
          2.0000	       3586.0000
          0.0000	       3588.0000
          2.0000	       3588.0000
          0.0000	       3590.0000
          2.0000	       3590.0000
          0.0000	       3592.0000
          2.0000	       3592.0000
          0.0000	       3594.0000
          2.0000	       3594.0000
          0.0000	       3596.0000
          2.0000	       3596.0000
          0.0000	       3598.0000
          2.0000	       3598.0000
          0.0000	       3600.0000
          2.0000	       3600.0000
          0.0000	       3602.0000
          2.0000	       3602.0000
          0.0000	       3604.0000
          2.0000	       3604.0000
          0.0000	       3606.0000
          2.0000	       3606.0000
          0.0000	       3608.0000
          2.0000	       3608.0000
          0.0000	       3610.0000
          2.0000	       3610.0000
          0.0000	       3612.0000
          2.0000	       3612.0000
          0.0000	       3614.0000
          2.0000	       3614.0000
          0.0000	       3616.0000
          2.0000	       3616.0000
          0.0000	       3618.0000
          2.0000	       3618.0000
          0.0000	       3620.0000
          2.0000	       3620.0000
          0.0000	       3622.0000
          2.0000	       3622.0000
          0.0000	       3624.0000
          2.0000	       3624.0000
          0.0000	       3626.0000
          2.0000	       3626.0000
          0.0000	       3628.0000
          2.0000	       3628.0000
          0.0000	       3630.0000
          2.0000	       3630.0000
          0.0000	       3632.0000
          2.0000	       3632.0000
          0.0000	       3634.0000
          2.0000	       3634.0000
          0.0000	       3636.0000
          2.0000	       3636.0000
          0.0000	       3638.0000
          2.0000	       3638.0000
          0.0000	       3640.0000
          2.0000	       3640.0000
          0.0000	       3642.0000
          2.0000	       3642.0000
          0.0000	       3644.0000
          2.0000	       3644.0000
          0.0000	       3646.0000
          2.0000	       3646.0000
          0.0000	       3648.0000
          2.0000	       3648.0000
          0.0000	       3650.0000
          2.0000	       3650.0000
          0.0000	       3652.0000
          2.0000	       3652.0000
          0.0000	       3654.0000
          2.0000	       3654.0000
          0.0000	       3656.0000
          2.0000	       3656.0000
          0.0000	       3658.0000
          2.0000	       3658.0000
          0.0000	       3660.0000
          2.0000	       3660.0000
          0.0000	       3662.0000
          2.0000	       3662.0000
          0.0000	       3664.0000
          2.0000	       3664.0000
          0.0000	       3666.0000
          2.0000	       3666.0000
          0.0000	       3668.0000
          2.0000	       3668.0000
          0.0000	       3670.0000
          2.0000	       3670.0000
          0.0000	       3672.0000
          2.0000	       3672.0000
          0.0000	       3674.0000
          2.0000	       3674.0000
          0.0000	       3676.0000
          2.0000	       3676.0000
          0.0000	       3678.0000
          2.0000	       3678.0000
          0.0000	       3680.0000
          2.0000	       3680.0000
          0.0000	       3682.0000
          2.0000	       3682.0000
          0.0000	       3684.0000
          2.0000	       3684.0000
          0.0000	       3686.0000
          2.0000	       3686.0000
          0.0000	       3688.0000
          2.0000	       3688.0000
          0.0000	       3690.0000
          2.0000	       3690.0000
          0.0000	       3692.0000
          2.0000	       3692.0000
          0.0000	       3694.0000
          2.0000	       3694.0000
          0.0000	       3696.0000
          2.0000	       3696.0000
          0.0000	       3698.0000
          2.0000	       3698.0000
          0.0000	       3700.0000
          2.0000	       3700.0000
          0.0000	       3702.0000
          2.0000	       3702.0000
          0.0000	       3704.0000
          2.0000	       3704.0000
          0.0000	       3706.0000
          2.0000	       3706.0000
          0.0000	       3708.0000
          2.0000	       3708.0000
          0.0000	       3710.0000
          2.0000	       3710.0000
          0.0000	       3712.0000
          2.0000	       3712.0000
          0.0000	       3714.0000
          2.0000	       3714.0000
          0.0000	       3716.0000
          2.0000	       3716.0000
          0.0000	       3718.0000
          2.0000	       3718.0000
          0.0000	       3720.0000
          2.0000	       3720.0000
          0.0000	       3722.0000
          2.0000	       3722.0000
          0.0000	       3724.0000
          2.0000	       3724.0000
          0.0000	       3726.0000
          2.0000	       3726.0000
          0.0000	       3728.0000
          2.0000	       3728.0000
          0.0000	       3730.0000
          2.0000	       3730.0000
          0.0000	       3732.0000
          2.0000	       3732.0000
          0.0000	       3734.0000
          2.0000	       3734.0000
          0.0000	       3736.0000
          2.0000	       3736.0000
          0.0000	       3738.0000
          2.0000	       3738.0000
          0.0000	       3740.0000
          2.0000	       3740.0000
          0.0000	       3742.0000
          2.0000	       3742.0000
          0.0000	       3744.0000
          2.0000	       3744.0000
          0.0000	       3746.0000
          2.0000	       3746.0000
          0.0000	       3748.0000
          2.0000	       3748.0000
          0.0000	       3750.0000
          2.0000	       3750.0000
          0.0000	       3752.0000
          2.0000	       3752.0000
          0.0000	       3754.0000
          2.0000	       3754.0000
          0.0000	       3756.0000
          2.0000	       3756.0000
          0.0000	       3758.0000
          2.0000	       3758.0000
          0.0000	       3760.0000
          2.0000	       3760.0000
          0.0000	       3762.0000
          2.0000	       3762.0000
          0.0000	       3764.0000
          2.0000	       3764.0000
          0.0000	       3766.0000
          2.0000	       3766.0000
          0.0000	       3768.0000
          2.0000	       3768.0000
          0.0000	       3770.0000
          2.0000	       3770.0000
          0.0000	       3772.0000
          2.0000	       3772.0000
          0.0000	       3774.0000
          2.0000	       3774.0000
          0.0000	       3776.0000
          2.0000	       3776.0000
          0.0000	       3778.0000
          2.0000	       3778.0000
          0.0000	       3780.0000
          2.0000	       3780.0000
          0.0000	       3782.0000
          2.0000	       3782.0000
          0.0000	       3784.0000
          2.0000	       3784.0000
          0.0000	       3786.0000
          2.0000	       3786.0000
          0.0000	       3788.0000
          2.0000	       3788.0000
          0.0000	       3790.0000
          2.0000	       3790.0000
          0.0000	       3792.0000
          2.0000	       3792.0000
          0.0000	       3794.0000
          2.0000	       3794.0000
          0.0000	       3796.0000
          2.0000	       3796.0000
          0.0000	       3798.0000
          2.0000	       3798.0000
          0.0000	       3800.0000
          2.0000	       3800.0000
          0.0000	       3802.0000
          2.0000	       3802.0000
          0.0000	       3804.0000
          2.0000	       3804.0000
          0.0000	       3806.0000
          2.0000	       3806.0000
          0.0000	       3808.0000
          2.0000	       3808.0000
          0.0000	       3810.0000
          2.0000	       3810.0000
          0.0000	       3812.0000
          2.0000	       3812.0000
          0.0000	       3814.0000
          2.0000	       3814.0000
          0.0000	       3816.0000
          2.0000	       3816.0000
          0.0000	       3818.0000
          2.0000	       3818.0000
          0.0000	       3820.0000
          2.0000	       3820.0000
          0.0000	       3822.0000
          2.0000	       3822.0000
          0.0000	       3824.0000
          2.0000	       3824.0000
          0.0000	       3826.0000
          2.0000	       3826.0000
          0.0000	       3828.0000
          2.0000	       3828.0000
          0.0000	       3830.0000
          2.0000	       3830.0000
          0.0000	       3832.0000
          2.0000	       3832.0000
          0.0000	       3834.0000
          2.0000	       3834.0000
          0.0000	       3836.0000
          2.0000	       3836.0000
          0.0000	       3838.0000
          2.0000	       3838.0000
          0.0000	       3840.0000
          2.0000	       3840.0000
          0.0000	       3842.0000
          2.0000	       3842.0000
          0.0000	       3844.0000
          2.0000	       3844.0000
          0.0000	       3846.0000
          2.0000	       3846.0000
          0.0000	       3848.0000
          2.0000	       3848.0000
          0.0000	       3850.0000
          2.0000	       3850.0000
          0.0000	       3852.0000
          2.0000	       3852.0000
          0.0000	       3854.0000
          2.0000	       3854.0000
          0.0000	       3856.0000
          2.0000	       3856.0000
          0.0000	       3858.0000
          2.0000	       3858.0000
          0.0000	       3860.0000
          2.0000	       3860.0000
          0.0000	       3862.0000
          2.0000	       3862.0000
          0.0000	       3864.0000
          2.0000	       3864.0000
          0.0000	       3866.0000
          2.0000	       3866.0000
          0.0000	       3868.0000
          2.0000	       3868.0000
          0.0000	       3870.0000
          2.0000	       3870.0000
          0.0000	       3872.0000
          2.0000	       3872.0000
          0.0000	       3874.0000
          2.0000	       3874.0000
          0.0000	       3876.0000
          2.0000	       3876.0000
          0.0000	       3878.0000
          2.0000	       3878.0000
          0.0000	       3880.0000
          2.0000	       3880.0000
          0.0000	       3882.0000
          2.0000	       3882.0000
          0.0000	       3884.0000
          2.0000	       3884.0000
          0.0000	       3886.0000
          2.0000	       3886.0000
          0.0000	       3888.0000
          2.0000	       3888.0000
          0.0000	       3890.0000
          2.0000	       3890.0000
          0.0000	       3892.0000
          2.0000	       3892.0000
          0.0000	       3894.0000
          2.0000	       3894.0000
          0.0000	       3896.0000
          2.0000	       3896.0000
          0.0000	       3898.0000
          2.0000	       3898.0000
          0.0000	       3900.0000
          2.0000	       3900.0000
          0.0000	       3902.0000
          2.0000	       3902.0000
          0.0000	       3904.0000
          2.0000	       3904.0000
          0.0000	       3906.0000
          2.0000	       3906.0000
          0.0000	       3908.0000
          2.0000	       3908.0000
          0.0000	       3910.0000
          2.0000	       3910.0000
          0.0000	       3912.0000
          2.0000	       3912.0000
          0.0000	       3914.0000
          2.0000	       3914.0000
          0.0000	       3916.0000
          2.0000	       3916.0000
          0.0000	       3918.0000
          2.0000	       3918.0000
          0.0000	       3920.0000
          2.0000	       3920.0000
          0.0000	       3922.0000
          2.0000	       3922.0000
          0.0000	       3924.0000
          2.0000	       3924.0000
          0.0000	       3926.0000
          2.0000	       3926.0000
          0.0000	       3928.0000
          2.0000	       3928.0000
          0.0000	       3930.0000
          2.0000	       3930.0000
          0.0000	       3932.0000
          2.0000	       3932.0000
          0.0000	       3934.0000
          2.0000	       3934.0000
          0.0000	       3936.0000
          2.0000	       3936.0000
          0.0000	       3938.0000
          2.0000	       3938.0000
          0.0000	       3940.0000
          2.0000	       3940.0000
          0.0000	       3942.0000
          2.0000	       3942.0000
          0.0000	       3944.0000
          2.0000	       3944.0000
          0.0000	       3946.0000
          2.0000	       3946.0000
          0.0000	       3948.0000
          2.0000	       3948.0000
          0.0000	       3950.0000
          2.0000	       3950.0000
          0.0000	       3952.0000
          2.0000	       3952.0000
          0.0000	       3954.0000
          2.0000	       3954.0000
          0.0000	       3956.0000
          2.0000	       3956.0000
          0.0000	       3958.0000
          2.0000	       3958.0000
          0.0000	       3960.0000
          2.0000	       3960.0000
          0.0000	       3962.0000
          2.0000	       3962.0000
          0.0000	       3964.0000
          2.0000	       3964.0000
          0.0000	       3966.0000
          2.0000	       3966.0000
          0.0000	       3968.0000
          2.0000	       3968.0000
          0.0000	       3970.0000
          2.0000	       3970.0000
          0.0000	       3972.0000
          2.0000	       3972.0000
          0.0000	       3974.0000
          2.0000	       3974.0000
          0.0000	       3976.0000
          2.0000	       3976.0000
          0.0000	       3978.0000
          2.0000	       3978.0000
          0.0000	       3980.0000
          2.0000	       3980.0000
          0.0000	       3982.0000
          2.0000	       3982.0000
          0.0000	       3984.0000
          2.0000	       3984.0000
          0.0000	       3986.0000
          2.0000	       3986.0000
          0.0000	       3988.0000
          2.0000	       3988.0000
          0.0000	       3990.0000
          2.0000	       3990.0000
          0.0000	       3992.0000
          2.0000	       3992.0000
          0.0000	       3994.0000
          2.0000	       3994.0000
          0.0000	       3996.0000
          2.0000	       3996.0000
          0.0000	       3998.0000
          2.0000	       3998.0000
          0.0000	       4000.0000
          2.0000	       4000.0000
          0.0000	       4002.0000
          2.0000	       4002.0000
          0.0000	       4004.0000
          2.0000	       4004.0000
          0.0000	       4006.0000
          2.0000	       4006.0000
          0.0000	       4008.0000
          2.0000	       4008.0000
          0.0000	       4010.0000
          2.0000	       4010.0000
          0.0000	       4012.0000
          2.0000	       4012.0000
          0.0000	       4014.0000
          2.0000	       4014.0000
          0.0000	       4016.0000
          2.0000	       4016.0000
          0.0000	       4018.0000
          2.0000	       4018.0000
          0.0000	       4020.0000
          2.0000	       4020.0000
          0.0000	       4022.0000
          2.0000	       4022.0000
          0.0000	       4024.0000
          2.0000	       4024.0000
          0.0000	       4026.0000
          2.0000	       4026.0000
          0.0000	       4028.0000
          2.0000	       4028.0000
          0.0000	       4030.0000
          2.0000	       4030.0000
          0.0000	       4032.0000
          2.0000	       4032.0000
          0.0000	       4034.0000
          2.0000	       4034.0000
          0.0000	       4036.0000
          2.0000	       4036.0000
          0.0000	       4038.0000
          2.0000	       4038.0000
          0.0000	       4040.0000
          2.0000	       4040.0000
          0.0000	       4042.0000
          2.0000	       4042.0000
          0.0000	       4044.0000
          2.0000	       4044.0000
          0.0000	       4046.0000
          2.0000	       4046.0000
          0.0000	       4048.0000
          2.0000	       4048.0000
          0.0000	       4050.0000
          2.0000	       4050.0000
          0.0000	       4052.0000
          2.0000	       4052.0000
          0.0000	       4054.0000
          2.0000	       4054.0000
          0.0000	       4056.0000
          2.0000	       4056.0000
          0.0000	       4058.0000
          2.0000	       4058.0000
          0.0000	       4060.0000
          2.0000	       4060.0000
          0.0000	       4062.0000
          2.0000	       4062.0000
          0.0000	       4064.0000
          2.0000	       4064.0000
          0.0000	       4066.0000
          2.0000	       4066.0000
          0.0000	       4068.0000
          2.0000	       4068.0000
          0.0000	       4070.0000
          2.0000	       4070.0000
          0.0000	       4072.0000
          2.0000	       4072.0000
          0.0000	       4074.0000
          2.0000	       4074.0000
          0.0000	       4076.0000
          2.0000	       4076.0000
          0.0000	       4078.0000
          2.0000	       4078.0000
          0.0000	       4080.0000
          2.0000	       4080.0000
          0.0000	       4082.0000
          2.0000	       4082.0000
          0.0000	       4084.0000
          2.0000	       4084.0000
          0.0000	       4086.0000
          2.0000	       4086.0000
          0.0000	       4088.0000
          2.0000	       4088.0000
          0.0000	       4090.0000
          2.0000	       4090.0000
          0.0000	       4092.0000
          2.0000	       4092.0000
          0.0000	       4094.0000
          2.0000	       4094.0000
          0.0000	       4096.0000
          2.0000	       4096.0000
          0.0000	       4098.0000
          2.0000	       4098.0000
          0.0000	       4100.0000
          2.0000	       4100.0000
          0.0000	       4102.0000
          2.0000	       4102.0000
          0.0000	       4104.0000
          2.0000	       4104.0000
          0.0000	       4106.0000
          2.0000	       4106.0000
          0.0000	       4108.0000
          2.0000	       4108.0000
          0.0000	       4110.0000
          2.0000	       4110.0000
          0.0000	       4112.0000
          2.0000	       4112.0000
          0.0000	       4114.0000
          2.0000	       4114.0000
          0.0000	       4116.0000
          2.0000	       4116.0000
          0.0000	       4118.0000
          2.0000	       4118.0000
          0.0000	       4120.0000
          2.0000	       4120.0000
          0.0000	       4122.0000
          2.0000	       4122.0000
          0.0000	       4124.0000
          2.0000	       4124.0000
          0.0000	       4126.0000
          2.0000	       4126.0000
          0.0000	       4128.0000
          2.0000	       4128.0000
          0.0000	       4130.0000
          2.0000	       4130.0000
          0.0000	       4132.0000
          2.0000	       4132.0000
          0.0000	       4134.0000
          2.0000	       4134.0000
          0.0000	       4136.0000
          2.0000	       4136.0000
          0.0000	       4138.0000
          2.0000	       4138.0000
          0.0000	       4140.0000
          2.0000	       4140.0000
          0.0000	       4142.0000
          2.0000	       4142.0000
          0.0000	       4144.0000
          2.0000	       4144.0000
          0.0000	       4146.0000
          2.0000	       4146.0000
          0.0000	       4148.0000
          2.0000	       4148.0000
          0.0000	       4150.0000
          2.0000	       4150.0000
          0.0000	       4152.0000
          2.0000	       4152.0000
          0.0000	       4154.0000
          2.0000	       4154.0000
          0.0000	       4156.0000
          2.0000	       4156.0000
          0.0000	       4158.0000
          2.0000	       4158.0000
          0.0000	       4160.0000
          2.0000	       4160.0000
          0.0000	       4162.0000
          2.0000	       4162.0000
          0.0000	       4164.0000
          2.0000	       4164.0000
          0.0000	       4166.0000
          2.0000	       4166.0000
          0.0000	       4168.0000
          2.0000	       4168.0000
          0.0000	       4170.0000
          2.0000	       4170.0000
          0.0000	       4172.0000
          2.0000	       4172.0000
          0.0000	       4174.0000
          2.0000	       4174.0000
          0.0000	       4176.0000
          2.0000	       4176.0000
          0.0000	       4178.0000
          2.0000	       4178.0000
          0.0000	       4180.0000
          2.0000	       4180.0000
          0.0000	       4182.0000
          2.0000	       4182.0000
          0.0000	       4184.0000
          2.0000	       4184.0000
          0.0000	       4186.0000
          2.0000	       4186.0000
          0.0000	       4188.0000
          2.0000	       4188.0000
          0.0000	       4190.0000
          2.0000	       4190.0000
          0.0000	       4192.0000
          2.0000	       4192.0000
          0.0000	       4194.0000
          2.0000	       4194.0000
          0.0000	       4196.0000
          2.0000	       4196.0000
          0.0000	       4198.0000
          2.0000	       4198.0000
          0.0000	       4200.0000
          2.0000	       4200.0000
          0.0000	       4202.0000
          2.0000	       4202.0000
          0.0000	       4204.0000
          2.0000	       4204.0000
          0.0000	       4206.0000
          2.0000	       4206.0000
          0.0000	       4208.0000
          2.0000	       4208.0000
          0.0000	       4210.0000
          2.0000	       4210.0000
          0.0000	       4212.0000
          2.0000	       4212.0000
          0.0000	       4214.0000
          2.0000	       4214.0000
          0.0000	       4216.0000
          2.0000	       4216.0000
          0.0000	       4218.0000
          2.0000	       4218.0000
          0.0000	       4220.0000
          2.0000	       4220.0000
          0.0000	       4222.0000
          2.0000	       4222.0000
          0.0000	       4224.0000
          2.0000	       4224.0000
          0.0000	       4226.0000
          2.0000	       4226.0000
          0.0000	       4228.0000
          2.0000	       4228.0000
          0.0000	       4230.0000
          2.0000	       4230.0000
          0.0000	       4232.0000
          2.0000	       4232.0000
          0.0000	       4234.0000
          2.0000	       4234.0000
          0.0000	       4236.0000
          2.0000	       4236.0000
          0.0000	       4238.0000
          2.0000	       4238.0000
          0.0000	       4240.0000
          2.0000	       4240.0000
          0.0000	       4242.0000
          2.0000	       4242.0000
          0.0000	       4244.0000
          2.0000	       4244.0000
          0.0000	       4246.0000
          2.0000	       4246.0000
          0.0000	       4248.0000
          2.0000	       4248.0000
          0.0000	       4250.0000
          2.0000	       4250.0000
          0.0000	       4252.0000
          2.0000	       4252.0000
          0.0000	       4254.0000
          2.0000	       4254.0000
          0.0000	       4256.0000
          2.0000	       4256.0000
          0.0000	       4258.0000
          2.0000	       4258.0000
          0.0000	       4260.0000
          2.0000	       4260.0000
          0.0000	       4262.0000
          2.0000	       4262.0000
          0.0000	       4264.0000
          2.0000	       4264.0000
          0.0000	       4266.0000
          2.0000	       4266.0000
          0.0000	       4268.0000
          2.0000	       4268.0000
          0.0000	       4270.0000
          2.0000	       4270.0000
          0.0000	       4272.0000
          2.0000	       4272.0000
          0.0000	       4274.0000
          2.0000	       4274.0000
          0.0000	       4276.0000
          2.0000	       4276.0000
          0.0000	       4278.0000
          2.0000	       4278.0000
          0.0000	       4280.0000
          2.0000	       4280.0000
          0.0000	       4282.0000
          2.0000	       4282.0000
          0.0000	       4284.0000
          2.0000	       4284.0000
          0.0000	       4286.0000
          2.0000	       4286.0000
          0.0000	       4288.0000
          2.0000	       4288.0000
          0.0000	       4290.0000
          2.0000	       4290.0000
          0.0000	       4292.0000
          2.0000	       4292.0000
          0.0000	       4294.0000
          2.0000	       4294.0000
          0.0000	       4296.0000
          2.0000	       4296.0000
          0.0000	       4298.0000
          2.0000	       4298.0000
          0.0000	       4300.0000
          2.0000	       4300.0000
          0.0000	       4302.0000
          2.0000	       4302.0000
          0.0000	       4304.0000
          2.0000	       4304.0000
          0.0000	       4306.0000
          2.0000	       4306.0000
          0.0000	       4308.0000
          2.0000	       4308.0000
          0.0000	       4310.0000
          2.0000	       4310.0000
          0.0000	       4312.0000
          2.0000	       4312.0000
          0.0000	       4314.0000
          2.0000	       4314.0000
          0.0000	       4316.0000
          2.0000	       4316.0000
          0.0000	       4318.0000
          2.0000	       4318.0000
          0.0000	       4320.0000
          2.0000	       4320.0000
          0.0000	       4322.0000
          2.0000	       4322.0000
          0.0000	       4324.0000
          2.0000	       4324.0000
          0.0000	       4326.0000
          2.0000	       4326.0000
          0.0000	       4328.0000
          2.0000	       4328.0000
          0.0000	       4330.0000
          2.0000	       4330.0000
          0.0000	       4332.0000
          2.0000	       4332.0000
          0.0000	       4334.0000
          2.0000	       4334.0000
          0.0000	       4336.0000
          2.0000	       4336.0000
          0.0000	       4338.0000
          2.0000	       4338.0000
          0.0000	       4340.0000
          2.0000	       4340.0000
          0.0000	       4342.0000
          2.0000	       4342.0000
          0.0000	       4344.0000
          2.0000	       4344.0000
          0.0000	       4346.0000
          2.0000	       4346.0000
          0.0000	       4348.0000
          2.0000	       4348.0000
          0.0000	       4350.0000
          2.0000	       4350.0000
          0.0000	       4352.0000
          2.0000	       4352.0000
          0.0000	       4354.0000
          2.0000	       4354.0000
          0.0000	       4356.0000
          2.0000	       4356.0000
          0.0000	       4358.0000
          2.0000	       4358.0000
          0.0000	       4360.0000
          2.0000	       4360.0000
          0.0000	       4362.0000
          2.0000	       4362.0000
          0.0000	       4364.0000
          2.0000	       4364.0000
          0.0000	       4366.0000
          2.0000	       4366.0000
          0.0000	       4368.0000
          2.0000	       4368.0000
          0.0000	       4370.0000
          2.0000	       4370.0000
          0.0000	       4372.0000
          2.0000	       4372.0000
          0.0000	       4374.0000
          2.0000	       4374.0000
          0.0000	       4376.0000
          2.0000	       4376.0000
          0.0000	       4378.0000
          2.0000	       4378.0000
          0.0000	       4380.0000
          2.0000	       4380.0000
          0.0000	       4382.0000
          2.0000	       4382.0000
          0.0000	       4384.0000
          2.0000	       4384.0000
          0.0000	       4386.0000
          2.0000	       4386.0000
          0.0000	       4388.0000
          2.0000	       4388.0000
          0.0000	       4390.0000
          2.0000	       4390.0000
          0.0000	       4392.0000
          2.0000	       4392.0000
          0.0000	       4394.0000
          2.0000	       4394.0000
          0.0000	       4396.0000
          2.0000	       4396.0000
          0.0000	       4398.0000
          2.0000	       4398.0000
          0.0000	       4400.0000
          2.0000	       4400.0000
          0.0000	       4402.0000
          2.0000	       4402.0000
          0.0000	       4404.0000
          2.0000	       4404.0000
          0.0000	       4406.0000
          2.0000	       4406.0000
          0.0000	       4408.0000
          2.0000	       4408.0000
          0.0000	       4410.0000
          2.0000	       4410.0000
          0.0000	       4412.0000
          2.0000	       4412.0000
          0.0000	       4414.0000
          2.0000	       4414.0000
          0.0000	       4416.0000
          2.0000	       4416.0000
          0.0000	       4418.0000
          2.0000	       4418.0000
          0.0000	       4420.0000
          2.0000	       4420.0000
          0.0000	       4422.0000
          2.0000	       4422.0000
          0.0000	       4424.0000
          2.0000	       4424.0000
          0.0000	       4426.0000
          2.0000	       4426.0000
          0.0000	       4428.0000
          2.0000	       4428.0000
          0.0000	       4430.0000
          2.0000	       4430.0000
          0.0000	       4432.0000
          2.0000	       4432.0000
          0.0000	       4434.0000
          2.0000	       4434.0000
          0.0000	       4436.0000
          2.0000	       4436.0000
          0.0000	       4438.0000
          2.0000	       4438.0000
          0.0000	       4440.0000
          2.0000	       4440.0000
          0.0000	       4442.0000
          2.0000	       4442.0000
          0.0000	       4444.0000
          2.0000	       4444.0000
          0.0000	       4446.0000
          2.0000	       4446.0000
          0.0000	       4448.0000
          2.0000	       4448.0000
          0.0000	       4450.0000
          2.0000	       4450.0000
          0.0000	       4452.0000
          2.0000	       4452.0000
          0.0000	       4454.0000
          2.0000	       4454.0000
          0.0000	       4456.0000
          2.0000	       4456.0000
          0.0000	       4458.0000
          2.0000	       4458.0000
          0.0000	       4460.0000
          2.0000	       4460.0000
          0.0000	       4462.0000
          2.0000	       4462.0000
          0.0000	       4464.0000
          2.0000	       4464.0000
          0.0000	       4466.0000
          2.0000	       4466.0000
          0.0000	       4468.0000
          2.0000	       4468.0000
          0.0000	       4470.0000
          2.0000	       4470.0000
          0.0000	       4472.0000
          2.0000	       4472.0000
          0.0000	       4474.0000
          2.0000	       4474.0000
          0.0000	       4476.0000
          2.0000	       4476.0000
          0.0000	       4478.0000
          2.0000	       4478.0000
          0.0000	       4480.0000
          2.0000	       4480.0000
          0.0000	       4482.0000
          2.0000	       4482.0000
          0.0000	       4484.0000
          2.0000	       4484.0000
          0.0000	       4486.0000
          2.0000	       4486.0000
          0.0000	       4488.0000
          2.0000	       4488.0000
          0.0000	       4490.0000
          2.0000	       4490.0000
          0.0000	       4492.0000
          2.0000	       4492.0000
          0.0000	       4494.0000
          2.0000	       4494.0000
          0.0000	       4496.0000
          2.0000	       4496.0000
          0.0000	       4498.0000
          2.0000	       4498.0000
          0.0000	       4500.0000
          2.0000	       4500.0000
          0.0000	       4502.0000
          2.0000	       4502.0000
          0.0000	       4504.0000
          2.0000	       4504.0000
          0.0000	       4506.0000
          2.0000	       4506.0000
          0.0000	       4508.0000
          2.0000	       4508.0000
          0.0000	       4510.0000
          2.0000	       4510.0000
          0.0000	       4512.0000
          2.0000	       4512.0000
          0.0000	       4514.0000
          2.0000	       4514.0000
          0.0000	       4516.0000
          2.0000	       4516.0000
          0.0000	       4518.0000
          2.0000	       4518.0000
          0.0000	       4520.0000
          2.0000	       4520.0000
          0.0000	       4522.0000
          2.0000	       4522.0000
          0.0000	       4524.0000
          2.0000	       4524.0000
          0.0000	       4526.0000
          2.0000	       4526.0000
          0.0000	       4528.0000
          2.0000	       4528.0000
          0.0000	       4530.0000
          2.0000	       4530.0000
          0.0000	       4532.0000
          2.0000	       4532.0000
          0.0000	       4534.0000
          2.0000	       4534.0000
          0.0000	       4536.0000
          2.0000	       4536.0000
          0.0000	       4538.0000
          2.0000	       4538.0000
          0.0000	       4540.0000
          2.0000	       4540.0000
          0.0000	       4542.0000
          2.0000	       4542.0000
          0.0000	       4544.0000
          2.0000	       4544.0000
          0.0000	       4546.0000
          2.0000	       4546.0000
          0.0000	       4548.0000
          2.0000	       4548.0000
          0.0000	       4550.0000
          2.0000	       4550.0000
          0.0000	       4552.0000
          2.0000	       4552.0000
          0.0000	       4554.0000
          2.0000	       4554.0000
          0.0000	       4556.0000
          2.0000	       4556.0000
          0.0000	       4558.0000
          2.0000	       4558.0000
          0.0000	       4560.0000
          2.0000	       4560.0000
          0.0000	       4562.0000
          2.0000	       4562.0000
          0.0000	       4564.0000
          2.0000	       4564.0000
          0.0000	       4566.0000
          2.0000	       4566.0000
          0.0000	       4568.0000
          2.0000	       4568.0000
          0.0000	       4570.0000
          2.0000	       4570.0000
          0.0000	       4572.0000
          2.0000	       4572.0000
          0.0000	       4574.0000
          2.0000	       4574.0000
          0.0000	       4576.0000
          2.0000	       4576.0000
          0.0000	       4578.0000
          2.0000	       4578.0000
          0.0000	       4580.0000
          2.0000	       4580.0000
          0.0000	       4582.0000
          2.0000	       4582.0000
          0.0000	       4584.0000
          2.0000	       4584.0000
          0.0000	       4586.0000
          2.0000	       4586.0000
          0.0000	       4588.0000
          2.0000	       4588.0000
          0.0000	       4590.0000
          2.0000	       4590.0000
          0.0000	       4592.0000
          2.0000	       4592.0000
          0.0000	       4594.0000
          2.0000	       4594.0000
          0.0000	       4596.0000
          2.0000	       4596.0000
          0.0000	       4598.0000
          2.0000	       4598.0000
          0.0000	       4600.0000
          2.0000	       4600.0000
          0.0000	       4602.0000
          2.0000	       4602.0000
          0.0000	       4604.0000
          2.0000	       4604.0000
          0.0000	       4606.0000
          2.0000	       4606.0000
          0.0000	       4608.0000
          2.0000	       4608.0000
          0.0000	       4610.0000
          2.0000	       4610.0000
          0.0000	       4612.0000
          2.0000	       4612.0000
          0.0000	       4614.0000
          2.0000	       4614.0000
          0.0000	       4616.0000
          2.0000	       4616.0000
          0.0000	       4618.0000
          2.0000	       4618.0000
          0.0000	       4620.0000
          2.0000	       4620.0000
          0.0000	       4622.0000
          2.0000	       4622.0000
          0.0000	       4624.0000
          2.0000	       4624.0000
          0.0000	       4626.0000
          2.0000	       4626.0000
          0.0000	       4628.0000
          2.0000	       4628.0000
          0.0000	       4630.0000
          2.0000	       4630.0000
          0.0000	       4632.0000
          2.0000	       4632.0000
          0.0000	       4634.0000
          2.0000	       4634.0000
          0.0000	       4636.0000
          2.0000	       4636.0000
          0.0000	       4638.0000
          2.0000	       4638.0000
          0.0000	       4640.0000
          2.0000	       4640.0000
          0.0000	       4642.0000
          2.0000	       4642.0000
          0.0000	       4644.0000
          2.0000	       4644.0000
          0.0000	       4646.0000
          2.0000	       4646.0000
          0.0000	       4648.0000
          2.0000	       4648.0000
          0.0000	       4650.0000
          2.0000	       4650.0000
          0.0000	       4652.0000
          2.0000	       4652.0000
          0.0000	       4654.0000
          2.0000	       4654.0000
          0.0000	       4656.0000
          2.0000	       4656.0000
          0.0000	       4658.0000
          2.0000	       4658.0000
          0.0000	       4660.0000
          2.0000	       4660.0000
          0.0000	       4662.0000
          2.0000	       4662.0000
          0.0000	       4664.0000
          2.0000	       4664.0000
          0.0000	       4666.0000
          2.0000	       4666.0000
          0.0000	       4668.0000
          2.0000	       4668.0000
          0.0000	       4670.0000
          2.0000	       4670.0000
          0.0000	       4672.0000
          2.0000	       4672.0000
          0.0000	       4674.0000
          2.0000	       4674.0000
          0.0000	       4676.0000
          2.0000	       4676.0000
          0.0000	       4678.0000
          2.0000	       4678.0000
          0.0000	       4680.0000
          2.0000	       4680.0000
          0.0000	       4682.0000
          2.0000	       4682.0000
          0.0000	       4684.0000
          2.0000	       4684.0000
          0.0000	       4686.0000
          2.0000	       4686.0000
          0.0000	       4688.0000
          2.0000	       4688.0000
          0.0000	       4690.0000
          2.0000	       4690.0000
          0.0000	       4692.0000
          2.0000	       4692.0000
          0.0000	       4694.0000
          2.0000	       4694.0000
          0.0000	       4696.0000
          2.0000	       4696.0000
          0.0000	       4698.0000
          2.0000	       4698.0000
          0.0000	       4700.0000
          2.0000	       4700.0000
          0.0000	       4702.0000
          2.0000	       4702.0000
          0.0000	       4704.0000
          2.0000	       4704.0000
          0.0000	       4706.0000
          2.0000	       4706.0000
          0.0000	       4708.0000
          2.0000	       4708.0000
          0.0000	       4710.0000
          2.0000	       4710.0000
          0.0000	       4712.0000
          2.0000	       4712.0000
          0.0000	       4714.0000
          2.0000	       4714.0000
          0.0000	       4716.0000
          2.0000	       4716.0000
          0.0000	       4718.0000
          2.0000	       4718.0000
          0.0000	       4720.0000
          2.0000	       4720.0000
          0.0000	       4722.0000
          2.0000	       4722.0000
          0.0000	       4724.0000
          2.0000	       4724.0000
          0.0000	       4726.0000
          2.0000	       4726.0000
          0.0000	       4728.0000
          2.0000	       4728.0000
          0.0000	       4730.0000
          2.0000	       4730.0000
          0.0000	       4732.0000
          2.0000	       4732.0000
          0.0000	       4734.0000
          2.0000	       4734.0000
          0.0000	       4736.0000
          2.0000	       4736.0000
          0.0000	       4738.0000
          2.0000	       4738.0000
          0.0000	       4740.0000
          2.0000	       4740.0000
          0.0000	       4742.0000
          2.0000	       4742.0000
          0.0000	       4744.0000
          2.0000	       4744.0000
          0.0000	       4746.0000
          2.0000	       4746.0000
          0.0000	       4748.0000
          2.0000	       4748.0000
          0.0000	       4750.0000
          2.0000	       4750.0000
          0.0000	       4752.0000
          2.0000	       4752.0000
          0.0000	       4754.0000
          2.0000	       4754.0000
          0.0000	       4756.0000
          2.0000	       4756.0000
          0.0000	       4758.0000
          2.0000	       4758.0000
          0.0000	       4760.0000
          2.0000	       4760.0000
          0.0000	       4762.0000
          2.0000	       4762.0000
          0.0000	       4764.0000
          2.0000	       4764.0000
          0.0000	       4766.0000
          2.0000	       4766.0000
          0.0000	       4768.0000
          2.0000	       4768.0000
          0.0000	       4770.0000
          2.0000	       4770.0000
          0.0000	       4772.0000
          2.0000	       4772.0000
          0.0000	       4774.0000
          2.0000	       4774.0000
          0.0000	       4776.0000
          2.0000	       4776.0000
          0.0000	       4778.0000
          2.0000	       4778.0000
          0.0000	       4780.0000
          2.0000	       4780.0000
          0.0000	       4782.0000
          2.0000	       4782.0000
          0.0000	       4784.0000
          2.0000	       4784.0000
          0.0000	       4786.0000
          2.0000	       4786.0000
          0.0000	       4788.0000
          2.0000	       4788.0000
          0.0000	       4790.0000
          2.0000	       4790.0000
          0.0000	       4792.0000
          2.0000	       4792.0000
          0.0000	       4794.0000
          2.0000	       4794.0000
          0.0000	       4796.0000
          2.0000	       4796.0000
          0.0000	       4798.0000
          2.0000	       4798.0000
          0.0000	       4800.0000
          2.0000	       4800.0000
          0.0000	       4802.0000
          2.0000	       4802.0000
          0.0000	       4804.0000
          2.0000	       4804.0000
          0.0000	       4806.0000
          2.0000	       4806.0000
          0.0000	       4808.0000
          2.0000	       4808.0000
          0.0000	       4810.0000
          2.0000	       4810.0000
          0.0000	       4812.0000
          2.0000	       4812.0000
          0.0000	       4814.0000
          2.0000	       4814.0000
          0.0000	       4816.0000
          2.0000	       4816.0000
          0.0000	       4818.0000
          2.0000	       4818.0000
          0.0000	       4820.0000
          2.0000	       4820.0000
          0.0000	       4822.0000
          2.0000	       4822.0000
          0.0000	       4824.0000
          2.0000	       4824.0000
          0.0000	       4826.0000
          2.0000	       4826.0000
          0.0000	       4828.0000
          2.0000	       4828.0000
          0.0000	       4830.0000
          2.0000	       4830.0000
          0.0000	       4832.0000
          2.0000	       4832.0000
          0.0000	       4834.0000
          2.0000	       4834.0000
          0.0000	       4836.0000
          2.0000	       4836.0000
          0.0000	       4838.0000
          2.0000	       4838.0000
          0.0000	       4840.0000
          2.0000	       4840.0000
          0.0000	       4842.0000
          2.0000	       4842.0000
          0.0000	       4844.0000
          2.0000	       4844.0000
          0.0000	       4846.0000
          2.0000	       4846.0000
          0.0000	       4848.0000
          2.0000	       4848.0000
          0.0000	       4850.0000
          2.0000	       4850.0000
          0.0000	       4852.0000
          2.0000	       4852.0000
          0.0000	       4854.0000
          2.0000	       4854.0000
          0.0000	       4856.0000
          2.0000	       4856.0000
          0.0000	       4858.0000
          2.0000	       4858.0000
          0.0000	       4860.0000
          2.0000	       4860.0000
          0.0000	       4862.0000
          2.0000	       4862.0000
          0.0000	       4864.0000
          2.0000	       4864.0000
          0.0000	       4866.0000
          2.0000	       4866.0000
          0.0000	       4868.0000
          2.0000	       4868.0000
          0.0000	       4870.0000
          2.0000	       4870.0000
          0.0000	       4872.0000
          2.0000	       4872.0000
          0.0000	       4874.0000
          2.0000	       4874.0000
          0.0000	       4876.0000
          2.0000	       4876.0000
          0.0000	       4878.0000
          2.0000	       4878.0000
          0.0000	       4880.0000
          2.0000	       4880.0000
          0.0000	       4882.0000
          2.0000	       4882.0000
          0.0000	       4884.0000
          2.0000	       4884.0000
          0.0000	       4886.0000
          2.0000	       4886.0000
          0.0000	       4888.0000
          2.0000	       4888.0000
          0.0000	       4890.0000
          2.0000	       4890.0000
          0.0000	       4892.0000
          2.0000	       4892.0000
          0.0000	       4894.0000
          2.0000	       4894.0000
          0.0000	       4896.0000
          2.0000	       4896.0000
          0.0000	       4898.0000
          2.0000	       4898.0000
          0.0000	       4900.0000
          2.0000	       4900.0000
          0.0000	       4902.0000
          2.0000	       4902.0000
          0.0000	       4904.0000
          2.0000	       4904.0000
          0.0000	       4906.0000
          2.0000	       4906.0000
          0.0000	       4908.0000
          2.0000	       4908.0000
          0.0000	       4910.0000
          2.0000	       4910.0000
          0.0000	       4912.0000
          2.0000	       4912.0000
          0.0000	       4914.0000
          2.0000	       4914.0000
          0.0000	       4916.0000
          2.0000	       4916.0000
          0.0000	       4918.0000
          2.0000	       4918.0000
          0.0000	       4920.0000
          2.0000	       4920.0000
          0.0000	       4922.0000
          2.0000	       4922.0000
          0.0000	       4924.0000
          2.0000	       4924.0000
          0.0000	       4926.0000
          2.0000	       4926.0000
          0.0000	       4928.0000
          2.0000	       4928.0000
          0.0000	       4930.0000
          2.0000	       4930.0000
          0.0000	       4932.0000
          2.0000	       4932.0000
          0.0000	       4934.0000
          2.0000	       4934.0000
          0.0000	       4936.0000
          2.0000	       4936.0000
          0.0000	       4938.0000
          2.0000	       4938.0000
          0.0000	       4940.0000
          2.0000	       4940.0000
          0.0000	       4942.0000
          2.0000	       4942.0000
          0.0000	       4944.0000
          2.0000	       4944.0000
          0.0000	       4946.0000
          2.0000	       4946.0000
          0.0000	       4948.0000
          2.0000	       4948.0000
          0.0000	       4950.0000
          2.0000	       4950.0000
          0.0000	       4952.0000
          2.0000	       4952.0000
          0.0000	       4954.0000
          2.0000	       4954.0000
          0.0000	       4956.0000
          2.0000	       4956.0000
          0.0000	       4958.0000
          2.0000	       4958.0000
          0.0000	       4960.0000
          2.0000	       4960.0000
          0.0000	       4962.0000
          2.0000	       4962.0000
          0.0000	       4964.0000
          2.0000	       4964.0000
          0.0000	       4966.0000
          2.0000	       4966.0000
          0.0000	       4968.0000
          2.0000	       4968.0000
          0.0000	       4970.0000
          2.0000	       4970.0000
          0.0000	       4972.0000
          2.0000	       4972.0000
          0.0000	       4974.0000
          2.0000	       4974.0000
          0.0000	       4976.0000
          2.0000	       4976.0000
          0.0000	       4978.0000
          2.0000	       4978.0000
          0.0000	       4980.0000
          2.0000	       4980.0000
          0.0000	       4982.0000
          2.0000	       4982.0000
          0.0000	       4984.0000
          2.0000	       4984.0000
          0.0000	       4986.0000
          2.0000	       4986.0000
          0.0000	       4988.0000
          2.0000	       4988.0000
          0.0000	       4990.0000
          2.0000	       4990.0000
          0.0000	       4992.0000
          2.0000	       4992.0000
          0.0000	       4994.0000
          2.0000	       4994.0000
          0.0000	       4996.0000
          2.0000	       4996.0000
          0.0000	       4998.0000
          2.0000	       4998.0000
          0.0000	       5000.0000
          2.0000	       5000.0000
          0.0000	       5002.0000
          2.0000	       5002.0000
          0.0000	       5004.0000
          2.0000	       5004.0000
          0.0000	       5006.0000
          2.0000	       5006.0000
          0.0000	       5008.0000
          2.0000	       5008.0000
          0.0000	       5010.0000
          2.0000	       5010.0000
          0.0000	       5012.0000
          2.0000	       5012.0000
          0.0000	       5014.0000
          2.0000	       5014.0000
          0.0000	       5016.0000
          2.0000	       5016.0000
          0.0000	       5018.0000
          2.0000	       5018.0000
          0.0000	       5020.0000
          2.0000	       5020.0000
          0.0000	       5022.0000
          2.0000	       5022.0000
          0.0000	       5024.0000
          2.0000	       5024.0000
          0.0000	       5026.0000
          2.0000	       5026.0000
          0.0000	       5028.0000
          2.0000	       5028.0000
          0.0000	       5030.0000
          2.0000	       5030.0000
          0.0000	       5032.0000
          2.0000	       5032.0000
          0.0000	       5034.0000
          2.0000	       5034.0000
          0.0000	       5036.0000
          2.0000	       5036.0000
          0.0000	       5038.0000
          2.0000	       5038.0000
          0.0000	       5040.0000
          2.0000	       5040.0000
          0.0000	       5042.0000
          2.0000	       5042.0000
          0.0000	       5044.0000
          2.0000	       5044.0000
          0.0000	       5046.0000
          2.0000	       5046.0000
          0.0000	       5048.0000
          2.0000	       5048.0000
          0.0000	       5050.0000
          2.0000	       5050.0000
          0.0000	       5052.0000
          2.0000	       5052.0000
          0.0000	       5054.0000
          2.0000	       5054.0000
          0.0000	       5056.0000
          2.0000	       5056.0000
          0.0000	       5058.0000
          2.0000	       5058.0000
          0.0000	       5060.0000
          2.0000	       5060.0000
          0.0000	       5062.0000
          2.0000	       5062.0000
          0.0000	       5064.0000
          2.0000	       5064.0000
          0.0000	       5066.0000
          2.0000	       5066.0000
          0.0000	       5068.0000
          2.0000	       5068.0000
          0.0000	       5070.0000
          2.0000	       5070.0000
          0.0000	       5072.0000
          2.0000	       5072.0000
          0.0000	       5074.0000
          2.0000	       5074.0000
          0.0000	       5076.0000
          2.0000	       5076.0000
          0.0000	       5078.0000
          2.0000	       5078.0000
          0.0000	       5080.0000
          2.0000	       5080.0000
          0.0000	       5082.0000
          2.0000	       5082.0000
          0.0000	       5084.0000
          2.0000	       5084.0000
          0.0000	       5086.0000
          2.0000	       5086.0000
          0.0000	       5088.0000
          2.0000	       5088.0000
          0.0000	       5090.0000
          2.0000	       5090.0000
          0.0000	       5092.0000
          2.0000	       5092.0000
          0.0000	       5094.0000
          2.0000	       5094.0000
          0.0000	       5096.0000
          2.0000	       5096.0000
          0.0000	       5098.0000
          2.0000	       5098.0000
          0.0000	       5100.0000
          2.0000	       5100.0000
          0.0000	       5102.0000
          2.0000	       5102.0000
          0.0000	       5104.0000
          2.0000	       5104.0000
          0.0000	       5106.0000
          2.0000	       5106.0000
          0.0000	       5108.0000
          2.0000	       5108.0000
          0.0000	       5110.0000
          2.0000	       5110.0000
          0.0000	       5112.0000
          2.0000	       5112.0000
          0.0000	       5114.0000
          2.0000	       5114.0000
          0.0000	       5116.0000
          2.0000	       5116.0000
          0.0000	       5118.0000
          2.0000	       5118.0000
          0.0000	       5120.0000
          2.0000	       5120.0000
          0.0000	       5122.0000
          2.0000	       5122.0000
          0.0000	       5124.0000
          2.0000	       5124.0000
          0.0000	       5126.0000
          2.0000	       5126.0000
          0.0000	       5128.0000
          2.0000	       5128.0000
          0.0000	       5130.0000
          2.0000	       5130.0000
          0.0000	       5132.0000
          2.0000	       5132.0000
          0.0000	       5134.0000
          2.0000	       5134.0000
          0.0000	       5136.0000
          2.0000	       5136.0000
          0.0000	       5138.0000
          2.0000	       5138.0000
          0.0000	       5140.0000
          2.0000	       5140.0000
          0.0000	       5142.0000
          2.0000	       5142.0000
          0.0000	       5144.0000
          2.0000	       5144.0000
          0.0000	       5146.0000
          2.0000	       5146.0000
          0.0000	       5148.0000
          2.0000	       5148.0000
          0.0000	       5150.0000
          2.0000	       5150.0000
          0.0000	       5152.0000
          2.0000	       5152.0000
          0.0000	       5154.0000
          2.0000	       5154.0000
          0.0000	       5156.0000
          2.0000	       5156.0000
          0.0000	       5158.0000
          2.0000	       5158.0000
          0.0000	       5160.0000
          2.0000	       5160.0000
          0.0000	       5162.0000
          2.0000	       5162.0000
          0.0000	       5164.0000
          2.0000	       5164.0000
          0.0000	       5166.0000
          2.0000	       5166.0000
          0.0000	       5168.0000
          2.0000	       5168.0000
          0.0000	       5170.0000
          2.0000	       5170.0000
          0.0000	       5172.0000
          2.0000	       5172.0000
          0.0000	       5174.0000
          2.0000	       5174.0000
          0.0000	       5176.0000
          2.0000	       5176.0000
          0.0000	       5178.0000
          2.0000	       5178.0000
          0.0000	       5180.0000
          2.0000	       5180.0000
          0.0000	       5182.0000
          2.0000	       5182.0000
          0.0000	       5184.0000
          2.0000	       5184.0000
          0.0000	       5186.0000
          2.0000	       5186.0000
          0.0000	       5188.0000
          2.0000	       5188.0000
          0.0000	       5190.0000
          2.0000	       5190.0000
          0.0000	       5192.0000
          2.0000	       5192.0000
          0.0000	       5194.0000
          2.0000	       5194.0000
          0.0000	       5196.0000
          2.0000	       5196.0000
          0.0000	       5198.0000
          2.0000	       5198.0000
          0.0000	       5200.0000
          2.0000	       5200.0000
          0.0000	       5202.0000
          2.0000	       5202.0000
          0.0000	       5204.0000
          2.0000	       5204.0000
          0.0000	       5206.0000
          2.0000	       5206.0000
          0.0000	       5208.0000
          2.0000	       5208.0000
          0.0000	       5210.0000
          2.0000	       5210.0000
          0.0000	       5212.0000
          2.0000	       5212.0000
          0.0000	       5214.0000
          2.0000	       5214.0000
          0.0000	       5216.0000
          2.0000	       5216.0000
          0.0000	       5218.0000
          2.0000	       5218.0000
          0.0000	       5220.0000
          2.0000	       5220.0000
          0.0000	       5222.0000
          2.0000	       5222.0000
          0.0000	       5224.0000
          2.0000	       5224.0000
          0.0000	       5226.0000
          2.0000	       5226.0000
          0.0000	       5228.0000
          2.0000	       5228.0000
          0.0000	       5230.0000
          2.0000	       5230.0000
          0.0000	       5232.0000
          2.0000	       5232.0000
          0.0000	       5234.0000
          2.0000	       5234.0000
          0.0000	       5236.0000
          2.0000	       5236.0000
          0.0000	       5238.0000
          2.0000	       5238.0000
          0.0000	       5240.0000
          2.0000	       5240.0000
          0.0000	       5242.0000
          2.0000	       5242.0000
          0.0000	       5244.0000
          2.0000	       5244.0000
          0.0000	       5246.0000
          2.0000	       5246.0000
          0.0000	       5248.0000
          2.0000	       5248.0000
          0.0000	       5250.0000
          2.0000	       5250.0000
          0.0000	       5252.0000
          2.0000	       5252.0000
          0.0000	       5254.0000
          2.0000	       5254.0000
          0.0000	       5256.0000
          2.0000	       5256.0000
          0.0000	       5258.0000
          2.0000	       5258.0000
          0.0000	       5260.0000
          2.0000	       5260.0000
          0.0000	       5262.0000
          2.0000	       5262.0000
          0.0000	       5264.0000
          2.0000	       5264.0000
          0.0000	       5266.0000
          2.0000	       5266.0000
          0.0000	       5268.0000
          2.0000	       5268.0000
          0.0000	       5270.0000
          2.0000	       5270.0000
          0.0000	       5272.0000
          2.0000	       5272.0000
          0.0000	       5274.0000
          2.0000	       5274.0000
          0.0000	       5276.0000
          2.0000	       5276.0000
          0.0000	       5278.0000
          2.0000	       5278.0000
          0.0000	       5280.0000
          2.0000	       5280.0000
          0.0000	       5282.0000
          2.0000	       5282.0000
          0.0000	       5284.0000
          2.0000	       5284.0000
          0.0000	       5286.0000
          2.0000	       5286.0000
          0.0000	       5288.0000
          2.0000	       5288.0000
          0.0000	       5290.0000
          2.0000	       5290.0000
          0.0000	       5292.0000
          2.0000	       5292.0000
          0.0000	       5294.0000
          2.0000	       5294.0000
          0.0000	       5296.0000
          2.0000	       5296.0000
          0.0000	       5298.0000
          2.0000	       5298.0000
          0.0000	       5300.0000
          2.0000	       5300.0000
          0.0000	       5302.0000
          2.0000	       5302.0000
          0.0000	       5304.0000
          2.0000	       5304.0000
          0.0000	       5306.0000
          2.0000	       5306.0000
          0.0000	       5308.0000
          2.0000	       5308.0000
          0.0000	       5310.0000
          2.0000	       5310.0000
          0.0000	       5312.0000
          2.0000	       5312.0000
          0.0000	       5314.0000
          2.0000	       5314.0000
          0.0000	       5316.0000
          2.0000	       5316.0000
          0.0000	       5318.0000
          2.0000	       5318.0000
          0.0000	       5320.0000
          2.0000	       5320.0000
          0.0000	       5322.0000
          2.0000	       5322.0000
          0.0000	       5324.0000
          2.0000	       5324.0000
          0.0000	       5326.0000
          2.0000	       5326.0000
          0.0000	       5328.0000
          2.0000	       5328.0000
          0.0000	       5330.0000
          2.0000	       5330.0000
          0.0000	       5332.0000
          2.0000	       5332.0000
          0.0000	       5334.0000
          2.0000	       5334.0000
          0.0000	       5336.0000
          2.0000	       5336.0000
          0.0000	       5338.0000
          2.0000	       5338.0000
          0.0000	       5340.0000
          2.0000	       5340.0000
          0.0000	       5342.0000
          2.0000	       5342.0000
          0.0000	       5344.0000
          2.0000	       5344.0000
          0.0000	       5346.0000
          2.0000	       5346.0000
          0.0000	       5348.0000
          2.0000	       5348.0000
          0.0000	       5350.0000
          2.0000	       5350.0000
          0.0000	       5352.0000
          2.0000	       5352.0000
          0.0000	       5354.0000
          2.0000	       5354.0000
          0.0000	       5356.0000
          2.0000	       5356.0000
          0.0000	       5358.0000
          2.0000	       5358.0000
          0.0000	       5360.0000
          2.0000	       5360.0000
          0.0000	       5362.0000
          2.0000	       5362.0000
          0.0000	       5364.0000
          2.0000	       5364.0000
          0.0000	       5366.0000
          2.0000	       5366.0000
          0.0000	       5368.0000
          2.0000	       5368.0000
          0.0000	       5370.0000
          2.0000	       5370.0000
          0.0000	       5372.0000
          2.0000	       5372.0000
          0.0000	       5374.0000
          2.0000	       5374.0000
          0.0000	       5376.0000
          2.0000	       5376.0000
          0.0000	       5378.0000
          2.0000	       5378.0000
          0.0000	       5380.0000
          2.0000	       5380.0000
          0.0000	       5382.0000
          2.0000	       5382.0000
          0.0000	       5384.0000
          2.0000	       5384.0000
          0.0000	       5386.0000
          2.0000	       5386.0000
          0.0000	       5388.0000
          2.0000	       5388.0000
          0.0000	       5390.0000
          2.0000	       5390.0000
          0.0000	       5392.0000
          2.0000	       5392.0000
          0.0000	       5394.0000
          2.0000	       5394.0000
          0.0000	       5396.0000
          2.0000	       5396.0000
          0.0000	       5398.0000
          2.0000	       5398.0000
          0.0000	       5400.0000
          2.0000	       5400.0000
          0.0000	       5402.0000
          2.0000	       5402.0000
          0.0000	       5404.0000
          2.0000	       5404.0000
          0.0000	       5406.0000
          2.0000	       5406.0000
          0.0000	       5408.0000
          2.0000	       5408.0000
          0.0000	       5410.0000
          2.0000	       5410.0000
          0.0000	       5412.0000
          2.0000	       5412.0000
          0.0000	       5414.0000
          2.0000	       5414.0000
          0.0000	       5416.0000
          2.0000	       5416.0000
          0.0000	       5418.0000
          2.0000	       5418.0000
          0.0000	       5420.0000
          2.0000	       5420.0000
          0.0000	       5422.0000
          2.0000	       5422.0000
          0.0000	       5424.0000
          2.0000	       5424.0000
          0.0000	       5426.0000
          2.0000	       5426.0000
          0.0000	       5428.0000
          2.0000	       5428.0000
          0.0000	       5430.0000
          2.0000	       5430.0000
          0.0000	       5432.0000
          2.0000	       5432.0000
          0.0000	       5434.0000
          2.0000	       5434.0000
          0.0000	       5436.0000
          2.0000	       5436.0000
          0.0000	       5438.0000
          2.0000	       5438.0000
          0.0000	       5440.0000
          2.0000	       5440.0000
          0.0000	       5442.0000
          2.0000	       5442.0000
          0.0000	       5444.0000
          2.0000	       5444.0000
          0.0000	       5446.0000
          2.0000	       5446.0000
          0.0000	       5448.0000
          2.0000	       5448.0000
          0.0000	       5450.0000
          2.0000	       5450.0000
          0.0000	       5452.0000
          2.0000	       5452.0000
          0.0000	       5454.0000
          2.0000	       5454.0000
          0.0000	       5456.0000
          2.0000	       5456.0000
          0.0000	       5458.0000
          2.0000	       5458.0000
          0.0000	       5460.0000
          2.0000	       5460.0000
          0.0000	       5462.0000
          2.0000	       5462.0000
          0.0000	       5464.0000
          2.0000	       5464.0000
          0.0000	       5466.0000
          2.0000	       5466.0000
          0.0000	       5468.0000
          2.0000	       5468.0000
          0.0000	       5470.0000
          2.0000	       5470.0000
          0.0000	       5472.0000
          2.0000	       5472.0000
          0.0000	       5474.0000
          2.0000	       5474.0000
          0.0000	       5476.0000
          2.0000	       5476.0000
          0.0000	       5478.0000
          2.0000	       5478.0000
          0.0000	       5480.0000
          2.0000	       5480.0000
          0.0000	       5482.0000
          2.0000	       5482.0000
          0.0000	       5484.0000
          2.0000	       5484.0000
          0.0000	       5486.0000
          2.0000	       5486.0000
          0.0000	       5488.0000
          2.0000	       5488.0000
          0.0000	       5490.0000
          2.0000	       5490.0000
          0.0000	       5492.0000
          2.0000	       5492.0000
          0.0000	       5494.0000
          2.0000	       5494.0000
          0.0000	       5496.0000
          2.0000	       5496.0000
          0.0000	       5498.0000
          2.0000	       5498.0000
          0.0000	       5500.0000
          2.0000	       5500.0000
          0.0000	       5502.0000
          2.0000	       5502.0000
          0.0000	       5504.0000
          2.0000	       5504.0000
          0.0000	       5506.0000
          2.0000	       5506.0000
          0.0000	       5508.0000
          2.0000	       5508.0000
          0.0000	       5510.0000
          2.0000	       5510.0000
          0.0000	       5512.0000
          2.0000	       5512.0000
          0.0000	       5514.0000
          2.0000	       5514.0000
          0.0000	       5516.0000
          2.0000	       5516.0000
          0.0000	       5518.0000
          2.0000	       5518.0000
          0.0000	       5520.0000
          2.0000	       5520.0000
          0.0000	       5522.0000
          2.0000	       5522.0000
          0.0000	       5524.0000
          2.0000	       5524.0000
          0.0000	       5526.0000
          2.0000	       5526.0000
          0.0000	       5528.0000
          2.0000	       5528.0000
          0.0000	       5530.0000
          2.0000	       5530.0000
          0.0000	       5532.0000
          2.0000	       5532.0000
          0.0000	       5534.0000
          2.0000	       5534.0000
          0.0000	       5536.0000
          2.0000	       5536.0000
          0.0000	       5538.0000
          2.0000	       5538.0000
          0.0000	       5540.0000
          2.0000	       5540.0000
          0.0000	       5542.0000
          2.0000	       5542.0000
          0.0000	       5544.0000
          2.0000	       5544.0000
          0.0000	       5546.0000
          2.0000	       5546.0000
          0.0000	       5548.0000
          2.0000	       5548.0000
          0.0000	       5550.0000
          2.0000	       5550.0000
          0.0000	       5552.0000
          2.0000	       5552.0000
          0.0000	       5554.0000
          2.0000	       5554.0000
          0.0000	       5556.0000
          2.0000	       5556.0000
          0.0000	       5558.0000
          2.0000	       5558.0000
          0.0000	       5560.0000
          2.0000	       5560.0000
          0.0000	       5562.0000
          2.0000	       5562.0000
          0.0000	       5564.0000
          2.0000	       5564.0000
          0.0000	       5566.0000
          2.0000	       5566.0000
          0.0000	       5568.0000
          2.0000	       5568.0000
          0.0000	       5570.0000
          2.0000	       5570.0000
          0.0000	       5572.0000
          2.0000	       5572.0000
          0.0000	       5574.0000
          2.0000	       5574.0000
          0.0000	       5576.0000
          2.0000	       5576.0000
          0.0000	       5578.0000
          2.0000	       5578.0000
          0.0000	       5580.0000
          2.0000	       5580.0000
          0.0000	       5582.0000
          2.0000	       5582.0000
          0.0000	       5584.0000
          2.0000	       5584.0000
          0.0000	       5586.0000
          2.0000	       5586.0000
          0.0000	       5588.0000
          2.0000	       5588.0000
          0.0000	       5590.0000
          2.0000	       5590.0000
          0.0000	       5592.0000
          2.0000	       5592.0000
          0.0000	       5594.0000
          2.0000	       5594.0000
          0.0000	       5596.0000
          2.0000	       5596.0000
          0.0000	       5598.0000
          2.0000	       5598.0000
          0.0000	       5600.0000
          2.0000	       5600.0000
          0.0000	       5602.0000
          2.0000	       5602.0000
          0.0000	       5604.0000
          2.0000	       5604.0000
          0.0000	       5606.0000
          2.0000	       5606.0000
          0.0000	       5608.0000
          2.0000	       5608.0000
          0.0000	       5610.0000
          2.0000	       5610.0000
          0.0000	       5612.0000
          2.0000	       5612.0000
          0.0000	       5614.0000
          2.0000	       5614.0000
          0.0000	       5616.0000
          2.0000	       5616.0000
          0.0000	       5618.0000
          2.0000	       5618.0000
          0.0000	       5620.0000
          2.0000	       5620.0000
          0.0000	       5622.0000
          2.0000	       5622.0000
          0.0000	       5624.0000
          2.0000	       5624.0000
          0.0000	       5626.0000
          2.0000	       5626.0000
          0.0000	       5628.0000
          2.0000	       5628.0000
          0.0000	       5630.0000
          2.0000	       5630.0000
          0.0000	       5632.0000
          2.0000	       5632.0000
          0.0000	       5634.0000
          2.0000	       5634.0000
          0.0000	       5636.0000
          2.0000	       5636.0000
          0.0000	       5638.0000
          2.0000	       5638.0000
          0.0000	       5640.0000
          2.0000	       5640.0000
          0.0000	       5642.0000
          2.0000	       5642.0000
          0.0000	       5644.0000
          2.0000	       5644.0000
          0.0000	       5646.0000
          2.0000	       5646.0000
          0.0000	       5648.0000
          2.0000	       5648.0000
          0.0000	       5650.0000
          2.0000	       5650.0000
          0.0000	       5652.0000
          2.0000	       5652.0000
          0.0000	       5654.0000
          2.0000	       5654.0000
          0.0000	       5656.0000
          2.0000	       5656.0000
          0.0000	       5658.0000
          2.0000	       5658.0000
          0.0000	       5660.0000
          2.0000	       5660.0000
          0.0000	       5662.0000
          2.0000	       5662.0000
          0.0000	       5664.0000
          2.0000	       5664.0000
          0.0000	       5666.0000
          2.0000	       5666.0000
          0.0000	       5668.0000
          2.0000	       5668.0000
          0.0000	       5670.0000
          2.0000	       5670.0000
          0.0000	       5672.0000
          2.0000	       5672.0000
          0.0000	       5674.0000
          2.0000	       5674.0000
          0.0000	       5676.0000
          2.0000	       5676.0000
          0.0000	       5678.0000
          2.0000	       5678.0000
          0.0000	       5680.0000
          2.0000	       5680.0000
          0.0000	       5682.0000
          2.0000	       5682.0000
          0.0000	       5684.0000
          2.0000	       5684.0000
          0.0000	       5686.0000
          2.0000	       5686.0000
          0.0000	       5688.0000
          2.0000	       5688.0000
          0.0000	       5690.0000
          2.0000	       5690.0000
          0.0000	       5692.0000
          2.0000	       5692.0000
          0.0000	       5694.0000
          2.0000	       5694.0000
          0.0000	       5696.0000
          2.0000	       5696.0000
          0.0000	       5698.0000
          2.0000	       5698.0000
          0.0000	       5700.0000
          2.0000	       5700.0000
          0.0000	       5702.0000
          2.0000	       5702.0000
          0.0000	       5704.0000
          2.0000	       5704.0000
          0.0000	       5706.0000
          2.0000	       5706.0000
          0.0000	       5708.0000
          2.0000	       5708.0000
          0.0000	       5710.0000
          2.0000	       5710.0000
          0.0000	       5712.0000
          2.0000	       5712.0000
          0.0000	       5714.0000
          2.0000	       5714.0000
          0.0000	       5716.0000
          2.0000	       5716.0000
          0.0000	       5718.0000
          2.0000	       5718.0000
          0.0000	       5720.0000
          2.0000	       5720.0000
          0.0000	       5722.0000
          2.0000	       5722.0000
          0.0000	       5724.0000
          2.0000	       5724.0000
          0.0000	       5726.0000
          2.0000	       5726.0000
          0.0000	       5728.0000
          2.0000	       5728.0000
          0.0000	       5730.0000
          2.0000	       5730.0000
          0.0000	       5732.0000
          2.0000	       5732.0000
          0.0000	       5734.0000
          2.0000	       5734.0000
          0.0000	       5736.0000
          2.0000	       5736.0000
          0.0000	       5738.0000
          2.0000	       5738.0000
          0.0000	       5740.0000
          2.0000	       5740.0000
          0.0000	       5742.0000
          2.0000	       5742.0000
          0.0000	       5744.0000
          2.0000	       5744.0000
          0.0000	       5746.0000
          2.0000	       5746.0000
          0.0000	       5748.0000
          2.0000	       5748.0000
          0.0000	       5750.0000
          2.0000	       5750.0000
          0.0000	       5752.0000
          2.0000	       5752.0000
          0.0000	       5754.0000
          2.0000	       5754.0000
          0.0000	       5756.0000
          2.0000	       5756.0000
          0.0000	       5758.0000
          2.0000	       5758.0000
          0.0000	       5760.0000
          2.0000	       5760.0000
          0.0000	       5762.0000
          2.0000	       5762.0000
          0.0000	       5764.0000
          2.0000	       5764.0000
          0.0000	       5766.0000
          2.0000	       5766.0000
          0.0000	       5768.0000
          2.0000	       5768.0000
          0.0000	       5770.0000
          2.0000	       5770.0000
          0.0000	       5772.0000
          2.0000	       5772.0000
          0.0000	       5774.0000
          2.0000	       5774.0000
          0.0000	       5776.0000
          2.0000	       5776.0000
          0.0000	       5778.0000
          2.0000	       5778.0000
          0.0000	       5780.0000
          2.0000	       5780.0000
          0.0000	       5782.0000
          2.0000	       5782.0000
          0.0000	       5784.0000
          2.0000	       5784.0000
          0.0000	       5786.0000
          2.0000	       5786.0000
          0.0000	       5788.0000
          2.0000	       5788.0000
          0.0000	       5790.0000
          2.0000	       5790.0000
          0.0000	       5792.0000
          2.0000	       5792.0000
          0.0000	       5794.0000
          2.0000	       5794.0000
          0.0000	       5796.0000
          2.0000	       5796.0000
          0.0000	       5798.0000
          2.0000	       5798.0000
          0.0000	       5800.0000
          2.0000	       5800.0000
          0.0000	       5802.0000
          2.0000	       5802.0000
          0.0000	       5804.0000
          2.0000	       5804.0000
          0.0000	       5806.0000
          2.0000	       5806.0000
          0.0000	       5808.0000
          2.0000	       5808.0000
          0.0000	       5810.0000
          2.0000	       5810.0000
          0.0000	       5812.0000
          2.0000	       5812.0000
          0.0000	       5814.0000
          2.0000	       5814.0000
          0.0000	       5816.0000
          2.0000	       5816.0000
          0.0000	       5818.0000
          2.0000	       5818.0000
          0.0000	       5820.0000
          2.0000	       5820.0000
          0.0000	       5822.0000
          2.0000	       5822.0000
          0.0000	       5824.0000
          2.0000	       5824.0000
          0.0000	       5826.0000
          2.0000	       5826.0000
          0.0000	       5828.0000
          2.0000	       5828.0000
          0.0000	       5830.0000
          2.0000	       5830.0000
          0.0000	       5832.0000
          2.0000	       5832.0000
          0.0000	       5834.0000
          2.0000	       5834.0000
          0.0000	       5836.0000
          2.0000	       5836.0000
          0.0000	       5838.0000
          2.0000	       5838.0000
          0.0000	       5840.0000
          2.0000	       5840.0000
          0.0000	       5842.0000
          2.0000	       5842.0000
          0.0000	       5844.0000
          2.0000	       5844.0000
          0.0000	       5846.0000
          2.0000	       5846.0000
          0.0000	       5848.0000
          2.0000	       5848.0000
          0.0000	       5850.0000
          2.0000	       5850.0000
          0.0000	       5852.0000
          2.0000	       5852.0000
          0.0000	       5854.0000
          2.0000	       5854.0000
          0.0000	       5856.0000
          2.0000	       5856.0000
          0.0000	       5858.0000
          2.0000	       5858.0000
          0.0000	       5860.0000
          2.0000	       5860.0000
          0.0000	       5862.0000
          2.0000	       5862.0000
          0.0000	       5864.0000
          2.0000	       5864.0000
          0.0000	       5866.0000
          2.0000	       5866.0000
          0.0000	       5868.0000
          2.0000	       5868.0000
          0.0000	       5870.0000
          2.0000	       5870.0000
          0.0000	       5872.0000
          2.0000	       5872.0000
          0.0000	       5874.0000
          2.0000	       5874.0000
          0.0000	       5876.0000
          2.0000	       5876.0000
          0.0000	       5878.0000
          2.0000	       5878.0000
          0.0000	       5880.0000
          2.0000	       5880.0000
          0.0000	       5882.0000
          2.0000	       5882.0000
          0.0000	       5884.0000
          2.0000	       5884.0000
          0.0000	       5886.0000
          2.0000	       5886.0000
          0.0000	       5888.0000
          2.0000	       5888.0000
          0.0000	       5890.0000
          2.0000	       5890.0000
          0.0000	       5892.0000
          2.0000	       5892.0000
          0.0000	       5894.0000
          2.0000	       5894.0000
          0.0000	       5896.0000
          2.0000	       5896.0000
          0.0000	       5898.0000
          2.0000	       5898.0000
          0.0000	       5900.0000
          2.0000	       5900.0000
          0.0000	       5902.0000
          2.0000	       5902.0000
          0.0000	       5904.0000
          2.0000	       5904.0000
          0.0000	       5906.0000
          2.0000	       5906.0000
          0.0000	       5908.0000
          2.0000	       5908.0000
          0.0000	       5910.0000
          2.0000	       5910.0000
          0.0000	       5912.0000
          2.0000	       5912.0000
          0.0000	       5914.0000
          2.0000	       5914.0000
          0.0000	       5916.0000
          2.0000	       5916.0000
          0.0000	       5918.0000
          2.0000	       5918.0000
          0.0000	       5920.0000
          2.0000	       5920.0000
          0.0000	       5922.0000
          2.0000	       5922.0000
          0.0000	       5924.0000
          2.0000	       5924.0000
          0.0000	       5926.0000
          2.0000	       5926.0000
          0.0000	       5928.0000
          2.0000	       5928.0000
          0.0000	       5930.0000
          2.0000	       5930.0000
          0.0000	       5932.0000
          2.0000	       5932.0000
          0.0000	       5934.0000
          2.0000	       5934.0000
          0.0000	       5936.0000
          2.0000	       5936.0000
          0.0000	       5938.0000
          2.0000	       5938.0000
          0.0000	       5940.0000
          2.0000	       5940.0000
          0.0000	       5942.0000
          2.0000	       5942.0000
          0.0000	       5944.0000
          2.0000	       5944.0000
          0.0000	       5946.0000
          2.0000	       5946.0000
          0.0000	       5948.0000
          2.0000	       5948.0000
          0.0000	       5950.0000
          2.0000	       5950.0000
          0.0000	       5952.0000
          2.0000	       5952.0000
          0.0000	       5954.0000
          2.0000	       5954.0000
          0.0000	       5956.0000
          2.0000	       5956.0000
          0.0000	       5958.0000
          2.0000	       5958.0000
          0.0000	       5960.0000
          2.0000	       5960.0000
          0.0000	       5962.0000
          2.0000	       5962.0000
          0.0000	       5964.0000
          2.0000	       5964.0000
          0.0000	       5966.0000
          2.0000	       5966.0000
          0.0000	       5968.0000
          2.0000	       5968.0000
          0.0000	       5970.0000
          2.0000	       5970.0000
          0.0000	       5972.0000
          2.0000	       5972.0000
          0.0000	       5974.0000
          2.0000	       5974.0000
          0.0000	       5976.0000
          2.0000	       5976.0000
          0.0000	       5978.0000
          2.0000	       5978.0000
          0.0000	       5980.0000
          2.0000	       5980.0000
          0.0000	       5982.0000
          2.0000	       5982.0000
          0.0000	       5984.0000
          2.0000	       5984.0000
          0.0000	       5986.0000
          2.0000	       5986.0000
          0.0000	       5988.0000
          2.0000	       5988.0000
          0.0000	       5990.0000
          2.0000	       5990.0000
          0.0000	       5992.0000
          2.0000	       5992.0000
          0.0000	       5994.0000
          2.0000	       5994.0000
          0.0000	       5996.0000
          2.0000	       5996.0000
          0.0000	       5998.0000
          2.0000	       5998.0000
          0.0000	       6000.0000
          2.0000	       6000.0000
0	1	3	2
2	3	5	4
4	5	7	6
6	7	9	8
8	9	11	10
10	11	13	12
12	13	15	14
14	15	17	16
16	17	19	18
18	19	21	20
20	21	23	22
22	23	25	24
24	25	27	26
26	27	29	28
28	29	31	30
30	31	33	32
32	33	35	34
34	35	37	36
36	37	39	38
38	39	41	40
40	41	43	42
42	43	45	44
44	45	47	46
46	47	49	48
48	49	51	50
50	51	53	52
52	53	55	54
54	55	57	56
56	57	59	58
58	59	61	60
60	61	63	62
62	63	65	64
64	65	67	66
66	67	69	68
68	69	71	70
70	71	73	72
72	73	75	74
74	75	77	76
76	77	79	78
78	79	81	80
80	81	83	82
82	83	85	84
84	85	87	86
86	87	89	88
88	89	91	90
90	91	93	92
92	93	95	94
94	95	97	96
96	97	99	98
98	99	101	100
100	101	103	102
102	103	105	104
104	105	107	106
106	107	109	108
108	109	111	110
110	111	113	112
112	113	115	114
114	115	117	116
116	117	119	118
118	119	121	120
120	121	123	122
122	123	125	124
124	125	127	126
126	127	129	128
128	129	131	130
130	131	133	132
132	133	135	134
134	135	137	136
136	137	139	138
138	139	141	140
140	141	143	142
142	143	145	144
144	145	147	146
146	147	149	148
148	149	151	150
150	151	153	152
152	153	155	154
154	155	157	156
156	157	159	158
158	159	161	160
160	161	163	162
162	163	165	164
164	165	167	166
166	167	169	168
168	169	171	170
170	171	173	172
172	173	175	174
174	175	177	176
176	177	179	178
178	179	181	180
180	181	183	182
182	183	185	184
184	185	187	186
186	187	189	188
188	189	191	190
190	191	193	192
192	193	195	194
194	195	197	196
196	197	199	198
198	199	201	200
200	201	203	202
202	203	205	204
204	205	207	206
206	207	209	208
208	209	211	210
210	211	213	212
212	213	215	214
214	215	217	216
216	217	219	218
218	219	221	220
220	221	223	222
222	223	225	224
224	225	227	226
226	227	229	228
228	229	231	230
230	231	233	232
232	233	235	234
234	235	237	236
236	237	239	238
238	239	241	240
240	241	243	242
242	243	245	244
244	245	247	246
246	247	249	248
248	249	251	250
250	251	253	252
252	253	255	254
254	255	257	256
256	257	259	258
258	259	261	260
260	261	263	262
262	263	265	264
264	265	267	266
266	267	269	268
268	269	271	270
270	271	273	272
272	273	275	274
274	275	277	276
276	277	279	278
278	279	281	280
280	281	283	282
282	283	285	284
284	285	287	286
286	287	289	288
288	289	291	290
290	291	293	292
292	293	295	294
294	295	297	296
296	297	299	298
298	299	301	300
300	301	303	302
302	303	305	304
304	305	307	306
306	307	309	308
308	309	311	310
310	311	313	312
312	313	315	314
314	315	317	316
316	317	319	318
318	319	321	320
320	321	323	322
322	323	325	324
324	325	327	326
326	327	329	328
328	329	331	330
330	331	333	332
332	333	335	334
334	335	337	336
336	337	339	338
338	339	341	340
340	341	343	342
342	343	345	344
344	345	347	346
346	347	349	348
348	349	351	350
350	351	353	352
352	353	355	354
354	355	357	356
356	357	359	358
358	359	361	360
360	361	363	362
362	363	365	364
364	365	367	366
366	367	369	368
368	369	371	370
370	371	373	372
372	373	375	374
374	375	377	376
376	377	379	378
378	379	381	380
380	381	383	382
382	383	385	384
384	385	387	386
386	387	389	388
388	389	391	390
390	391	393	392
392	393	395	394
394	395	397	396
396	397	399	398
398	399	401	400
400	401	403	402
402	403	405	404
404	405	407	406
406	407	409	408
408	409	411	410
410	411	413	412
412	413	415	414
414	415	417	416
416	417	419	418
418	419	421	420
420	421	423	422
422	423	425	424
424	425	427	426
426	427	429	428
428	429	431	430
430	431	433	432
432	433	435	434
434	435	437	436
436	437	439	438
438	439	441	440
440	441	443	442
442	443	445	444
444	445	447	446
446	447	449	448
448	449	451	450
450	451	453	452
452	453	455	454
454	455	457	456
456	457	459	458
458	459	461	460
460	461	463	462
462	463	465	464
464	465	467	466
466	467	469	468
468	469	471	470
470	471	473	472
472	473	475	474
474	475	477	476
476	477	479	478
478	479	481	480
480	481	483	482
482	483	485	484
484	485	487	486
486	487	489	488
488	489	491	490
490	491	493	492
492	493	495	494
494	495	497	496
496	497	499	498
498	499	501	500
500	501	503	502
502	503	505	504
504	505	507	506
506	507	509	508
508	509	511	510
510	511	513	512
512	513	515	514
514	515	517	516
516	517	519	518
518	519	521	520
520	521	523	522
522	523	525	524
524	525	527	526
526	527	529	528
528	529	531	530
530	531	533	532
532	533	535	534
534	535	537	536
536	537	539	538
538	539	541	540
540	541	543	542
542	543	545	544
544	545	547	546
546	547	549	548
548	549	551	550
550	551	553	552
552	553	555	554
554	555	557	556
556	557	559	558
558	559	561	560
560	561	563	562
562	563	565	564
564	565	567	566
566	567	569	568
568	569	571	570
570	571	573	572
572	573	575	574
574	575	577	576
576	577	579	578
578	579	581	580
580	581	583	582
582	583	585	584
584	585	587	586
586	587	589	588
588	589	591	590
590	591	593	592
592	593	595	594
594	595	597	596
596	597	599	598
598	599	601	600
600	601	603	602
602	603	605	604
604	605	607	606
606	607	609	608
608	609	611	610
610	611	613	612
612	613	615	614
614	615	617	616
616	617	619	618
618	619	621	620
620	621	623	622
622	623	625	624
624	625	627	626
626	627	629	628
628	629	631	630
630	631	633	632
632	633	635	634
634	635	637	636
636	637	639	638
638	639	641	640
640	641	643	642
642	643	645	644
644	645	647	646
646	647	649	648
648	649	651	650
650	651	653	652
652	653	655	654
654	655	657	656
656	657	659	658
658	659	661	660
660	661	663	662
662	663	665	664
664	665	667	666
666	667	669	668
668	669	671	670
670	671	673	672
672	673	675	674
674	675	677	676
676	677	679	678
678	679	681	680
680	681	683	682
682	683	685	684
684	685	687	686
686	687	689	688
688	689	691	690
690	691	693	692
692	693	695	694
694	695	697	696
696	697	699	698
698	699	701	700
700	701	703	702
702	703	705	704
704	705	707	706
706	707	709	708
708	709	711	710
710	711	713	712
712	713	715	714
714	715	717	716
716	717	719	718
718	719	721	720
720	721	723	722
722	723	725	724
724	725	727	726
726	727	729	728
728	729	731	730
730	731	733	732
732	733	735	734
734	735	737	736
736	737	739	738
738	739	741	740
740	741	743	742
742	743	745	744
744	745	747	746
746	747	749	748
748	749	751	750
750	751	753	752
752	753	755	754
754	755	757	756
756	757	759	758
758	759	761	760
760	761	763	762
762	763	765	764
764	765	767	766
766	767	769	768
768	769	771	770
770	771	773	772
772	773	775	774
774	775	777	776
776	777	779	778
778	779	781	780
780	781	783	782
782	783	785	784
784	785	787	786
786	787	789	788
788	789	791	790
790	791	793	792
792	793	795	794
794	795	797	796
796	797	799	798
798	799	801	800
800	801	803	802
802	803	805	804
804	805	807	806
806	807	809	808
808	809	811	810
810	811	813	812
812	813	815	814
814	815	817	816
816	817	819	818
818	819	821	820
820	821	823	822
822	823	825	824
824	825	827	826
826	827	829	828
828	829	831	830
830	831	833	832
832	833	835	834
834	835	837	836
836	837	839	838
838	839	841	840
840	841	843	842
842	843	845	844
844	845	847	846
846	847	849	848
848	849	851	850
850	851	853	852
852	853	855	854
854	855	857	856
856	857	859	858
858	859	861	860
860	861	863	862
862	863	865	864
864	865	867	866
866	867	869	868
868	869	871	870
870	871	873	872
872	873	875	874
874	875	877	876
876	877	879	878
878	879	881	880
880	881	883	882
882	883	885	884
884	885	887	886
886	887	889	888
888	889	891	890
890	891	893	892
892	893	895	894
894	895	897	896
896	897	899	898
898	899	901	900
900	901	903	902
902	903	905	904
904	905	907	906
906	907	909	908
908	909	911	910
910	911	913	912
912	913	915	914
914	915	917	916
916	917	919	918
918	919	921	920
920	921	923	922
922	923	925	924
924	925	927	926
926	927	929	928
928	929	931	930
930	931	933	932
932	933	935	934
934	935	937	936
936	937	939	938
938	939	941	940
940	941	943	942
942	943	945	944
944	945	947	946
946	947	949	948
948	949	951	950
950	951	953	952
952	953	955	954
954	955	957	956
956	957	959	958
958	959	961	960
960	961	963	962
962	963	965	964
964	965	967	966
966	967	969	968
968	969	971	970
970	971	973	972
972	973	975	974
974	975	977	976
976	977	979	978
978	979	981	980
980	981	983	982
982	983	985	984
984	985	987	986
986	987	989	988
988	989	991	990
990	991	993	992
992	993	995	994
994	995	997	996
996	997	999	998
998	999	1001	1000
1000	1001	1003	1002
1002	1003	1005	1004
1004	1005	1007	1006
1006	1007	1009	1008
1008	1009	1011	1010
1010	1011	1013	1012
1012	1013	1015	1014
1014	1015	1017	1016
1016	1017	1019	1018
1018	1019	1021	1020
1020	1021	1023	1022
1022	1023	1025	1024
1024	1025	1027	1026
1026	1027	1029	1028
1028	1029	1031	1030
1030	1031	1033	1032
1032	1033	1035	1034
1034	1035	1037	1036
1036	1037	1039	1038
1038	1039	1041	1040
1040	1041	1043	1042
1042	1043	1045	1044
1044	1045	1047	1046
1046	1047	1049	1048
1048	1049	1051	1050
1050	1051	1053	1052
1052	1053	1055	1054
1054	1055	1057	1056
1056	1057	1059	1058
1058	1059	1061	1060
1060	1061	1063	1062
1062	1063	1065	1064
1064	1065	1067	1066
1066	1067	1069	1068
1068	1069	1071	1070
1070	1071	1073	1072
1072	1073	1075	1074
1074	1075	1077	1076
1076	1077	1079	1078
1078	1079	1081	1080
1080	1081	1083	1082
1082	1083	1085	1084
1084	1085	1087	1086
1086	1087	1089	1088
1088	1089	1091	1090
1090	1091	1093	1092
1092	1093	1095	1094
1094	1095	1097	1096
1096	1097	1099	1098
1098	1099	1101	1100
1100	1101	1103	1102
1102	1103	1105	1104
1104	1105	1107	1106
1106	1107	1109	1108
1108	1109	1111	1110
1110	1111	1113	1112
1112	1113	1115	1114
1114	1115	1117	1116
1116	1117	1119	1118
1118	1119	1121	1120
1120	1121	1123	1122
1122	1123	1125	1124
1124	1125	1127	1126
1126	1127	1129	1128
1128	1129	1131	1130
1130	1131	1133	1132
1132	1133	1135	1134
1134	1135	1137	1136
1136	1137	1139	1138
1138	1139	1141	1140
1140	1141	1143	1142
1142	1143	1145	1144
1144	1145	1147	1146
1146	1147	1149	1148
1148	1149	1151	1150
1150	1151	1153	1152
1152	1153	1155	1154
1154	1155	1157	1156
1156	1157	1159	1158
1158	1159	1161	1160
1160	1161	1163	1162
1162	1163	1165	1164
1164	1165	1167	1166
1166	1167	1169	1168
1168	1169	1171	1170
1170	1171	1173	1172
1172	1173	1175	1174
1174	1175	1177	1176
1176	1177	1179	1178
1178	1179	1181	1180
1180	1181	1183	1182
1182	1183	1185	1184
1184	1185	1187	1186
1186	1187	1189	1188
1188	1189	1191	1190
1190	1191	1193	1192
1192	1193	1195	1194
1194	1195	1197	1196
1196	1197	1199	1198
1198	1199	1201	1200
1200	1201	1203	1202
1202	1203	1205	1204
1204	1205	1207	1206
1206	1207	1209	1208
1208	1209	1211	1210
1210	1211	1213	1212
1212	1213	1215	1214
1214	1215	1217	1216
1216	1217	1219	1218
1218	1219	1221	1220
1220	1221	1223	1222
1222	1223	1225	1224
1224	1225	1227	1226
1226	1227	1229	1228
1228	1229	1231	1230
1230	1231	1233	1232
1232	1233	1235	1234
1234	1235	1237	1236
1236	1237	1239	1238
1238	1239	1241	1240
1240	1241	1243	1242
1242	1243	1245	1244
1244	1245	1247	1246
1246	1247	1249	1248
1248	1249	1251	1250
1250	1251	1253	1252
1252	1253	1255	1254
1254	1255	1257	1256
1256	1257	1259	1258
1258	1259	1261	1260
1260	1261	1263	1262
1262	1263	1265	1264
1264	1265	1267	1266
1266	1267	1269	1268
1268	1269	1271	1270
1270	1271	1273	1272
1272	1273	1275	1274
1274	1275	1277	1276
1276	1277	1279	1278
1278	1279	1281	1280
1280	1281	1283	1282
1282	1283	1285	1284
1284	1285	1287	1286
1286	1287	1289	1288
1288	1289	1291	1290
1290	1291	1293	1292
1292	1293	1295	1294
1294	1295	1297	1296
1296	1297	1299	1298
1298	1299	1301	1300
1300	1301	1303	1302
1302	1303	1305	1304
1304	1305	1307	1306
1306	1307	1309	1308
1308	1309	1311	1310
1310	1311	1313	1312
1312	1313	1315	1314
1314	1315	1317	1316
1316	1317	1319	1318
1318	1319	1321	1320
1320	1321	1323	1322
1322	1323	1325	1324
1324	1325	1327	1326
1326	1327	1329	1328
1328	1329	1331	1330
1330	1331	1333	1332
1332	1333	1335	1334
1334	1335	1337	1336
1336	1337	1339	1338
1338	1339	1341	1340
1340	1341	1343	1342
1342	1343	1345	1344
1344	1345	1347	1346
1346	1347	1349	1348
1348	1349	1351	1350
1350	1351	1353	1352
1352	1353	1355	1354
1354	1355	1357	1356
1356	1357	1359	1358
1358	1359	1361	1360
1360	1361	1363	1362
1362	1363	1365	1364
1364	1365	1367	1366
1366	1367	1369	1368
1368	1369	1371	1370
1370	1371	1373	1372
1372	1373	1375	1374
1374	1375	1377	1376
1376	1377	1379	1378
1378	1379	1381	1380
1380	1381	1383	1382
1382	1383	1385	1384
1384	1385	1387	1386
1386	1387	1389	1388
1388	1389	1391	1390
1390	1391	1393	1392
1392	1393	1395	1394
1394	1395	1397	1396
1396	1397	1399	1398
1398	1399	1401	1400
1400	1401	1403	1402
1402	1403	1405	1404
1404	1405	1407	1406
1406	1407	1409	1408
1408	1409	1411	1410
1410	1411	1413	1412
1412	1413	1415	1414
1414	1415	1417	1416
1416	1417	1419	1418
1418	1419	1421	1420
1420	1421	1423	1422
1422	1423	1425	1424
1424	1425	1427	1426
1426	1427	1429	1428
1428	1429	1431	1430
1430	1431	1433	1432
1432	1433	1435	1434
1434	1435	1437	1436
1436	1437	1439	1438
1438	1439	1441	1440
1440	1441	1443	1442
1442	1443	1445	1444
1444	1445	1447	1446
1446	1447	1449	1448
1448	1449	1451	1450
1450	1451	1453	1452
1452	1453	1455	1454
1454	1455	1457	1456
1456	1457	1459	1458
1458	1459	1461	1460
1460	1461	1463	1462
1462	1463	1465	1464
1464	1465	1467	1466
1466	1467	1469	1468
1468	1469	1471	1470
1470	1471	1473	1472
1472	1473	1475	1474
1474	1475	1477	1476
1476	1477	1479	1478
1478	1479	1481	1480
1480	1481	1483	1482
1482	1483	1485	1484
1484	1485	1487	1486
1486	1487	1489	1488
1488	1489	1491	1490
1490	1491	1493	1492
1492	1493	1495	1494
1494	1495	1497	1496
1496	1497	1499	1498
1498	1499	1501	1500
1500	1501	1503	1502
1502	1503	1505	1504
1504	1505	1507	1506
1506	1507	1509	1508
1508	1509	1511	1510
1510	1511	1513	1512
1512	1513	1515	1514
1514	1515	1517	1516
1516	1517	1519	1518
1518	1519	1521	1520
1520	1521	1523	1522
1522	1523	1525	1524
1524	1525	1527	1526
1526	1527	1529	1528
1528	1529	1531	1530
1530	1531	1533	1532
1532	1533	1535	1534
1534	1535	1537	1536
1536	1537	1539	1538
1538	1539	1541	1540
1540	1541	1543	1542
1542	1543	1545	1544
1544	1545	1547	1546
1546	1547	1549	1548
1548	1549	1551	1550
1550	1551	1553	1552
1552	1553	1555	1554
1554	1555	1557	1556
1556	1557	1559	1558
1558	1559	1561	1560
1560	1561	1563	1562
1562	1563	1565	1564
1564	1565	1567	1566
1566	1567	1569	1568
1568	1569	1571	1570
1570	1571	1573	1572
1572	1573	1575	1574
1574	1575	1577	1576
1576	1577	1579	1578
1578	1579	1581	1580
1580	1581	1583	1582
1582	1583	1585	1584
1584	1585	1587	1586
1586	1587	1589	1588
1588	1589	1591	1590
1590	1591	1593	1592
1592	1593	1595	1594
1594	1595	1597	1596
1596	1597	1599	1598
1598	1599	1601	1600
1600	1601	1603	1602
1602	1603	1605	1604
1604	1605	1607	1606
1606	1607	1609	1608
1608	1609	1611	1610
1610	1611	1613	1612
1612	1613	1615	1614
1614	1615	1617	1616
1616	1617	1619	1618
1618	1619	1621	1620
1620	1621	1623	1622
1622	1623	1625	1624
1624	1625	1627	1626
1626	1627	1629	1628
1628	1629	1631	1630
1630	1631	1633	1632
1632	1633	1635	1634
1634	1635	1637	1636
1636	1637	1639	1638
1638	1639	1641	1640
1640	1641	1643	1642
1642	1643	1645	1644
1644	1645	1647	1646
1646	1647	1649	1648
1648	1649	1651	1650
1650	1651	1653	1652
1652	1653	1655	1654
1654	1655	1657	1656
1656	1657	1659	1658
1658	1659	1661	1660
1660	1661	1663	1662
1662	1663	1665	1664
1664	1665	1667	1666
1666	1667	1669	1668
1668	1669	1671	1670
1670	1671	1673	1672
1672	1673	1675	1674
1674	1675	1677	1676
1676	1677	1679	1678
1678	1679	1681	1680
1680	1681	1683	1682
1682	1683	1685	1684
1684	1685	1687	1686
1686	1687	1689	1688
1688	1689	1691	1690
1690	1691	1693	1692
1692	1693	1695	1694
1694	1695	1697	1696
1696	1697	1699	1698
1698	1699	1701	1700
1700	1701	1703	1702
1702	1703	1705	1704
1704	1705	1707	1706
1706	1707	1709	1708
1708	1709	1711	1710
1710	1711	1713	1712
1712	1713	1715	1714
1714	1715	1717	1716
1716	1717	1719	1718
1718	1719	1721	1720
1720	1721	1723	1722
1722	1723	1725	1724
1724	1725	1727	1726
1726	1727	1729	1728
1728	1729	1731	1730
1730	1731	1733	1732
1732	1733	1735	1734
1734	1735	1737	1736
1736	1737	1739	1738
1738	1739	1741	1740
1740	1741	1743	1742
1742	1743	1745	1744
1744	1745	1747	1746
1746	1747	1749	1748
1748	1749	1751	1750
1750	1751	1753	1752
1752	1753	1755	1754
1754	1755	1757	1756
1756	1757	1759	1758
1758	1759	1761	1760
1760	1761	1763	1762
1762	1763	1765	1764
1764	1765	1767	1766
1766	1767	1769	1768
1768	1769	1771	1770
1770	1771	1773	1772
1772	1773	1775	1774
1774	1775	1777	1776
1776	1777	1779	1778
1778	1779	1781	1780
1780	1781	1783	1782
1782	1783	1785	1784
1784	1785	1787	1786
1786	1787	1789	1788
1788	1789	1791	1790
1790	1791	1793	1792
1792	1793	1795	1794
1794	1795	1797	1796
1796	1797	1799	1798
1798	1799	1801	1800
1800	1801	1803	1802
1802	1803	1805	1804
1804	1805	1807	1806
1806	1807	1809	1808
1808	1809	1811	1810
1810	1811	1813	1812
1812	1813	1815	1814
1814	1815	1817	1816
1816	1817	1819	1818
1818	1819	1821	1820
1820	1821	1823	1822
1822	1823	1825	1824
1824	1825	1827	1826
1826	1827	1829	1828
1828	1829	1831	1830
1830	1831	1833	1832
1832	1833	1835	1834
1834	1835	1837	1836
1836	1837	1839	1838
1838	1839	1841	1840
1840	1841	1843	1842
1842	1843	1845	1844
1844	1845	1847	1846
1846	1847	1849	1848
1848	1849	1851	1850
1850	1851	1853	1852
1852	1853	1855	1854
1854	1855	1857	1856
1856	1857	1859	1858
1858	1859	1861	1860
1860	1861	1863	1862
1862	1863	1865	1864
1864	1865	1867	1866
1866	1867	1869	1868
1868	1869	1871	1870
1870	1871	1873	1872
1872	1873	1875	1874
1874	1875	1877	1876
1876	1877	1879	1878
1878	1879	1881	1880
1880	1881	1883	1882
1882	1883	1885	1884
1884	1885	1887	1886
1886	1887	1889	1888
1888	1889	1891	1890
1890	1891	1893	1892
1892	1893	1895	1894
1894	1895	1897	1896
1896	1897	1899	1898
1898	1899	1901	1900
1900	1901	1903	1902
1902	1903	1905	1904
1904	1905	1907	1906
1906	1907	1909	1908
1908	1909	1911	1910
1910	1911	1913	1912
1912	1913	1915	1914
1914	1915	1917	1916
1916	1917	1919	1918
1918	1919	1921	1920
1920	1921	1923	1922
1922	1923	1925	1924
1924	1925	1927	1926
1926	1927	1929	1928
1928	1929	1931	1930
1930	1931	1933	1932
1932	1933	1935	1934
1934	1935	1937	1936
1936	1937	1939	1938
1938	1939	1941	1940
1940	1941	1943	1942
1942	1943	1945	1944
1944	1945	1947	1946
1946	1947	1949	1948
1948	1949	1951	1950
1950	1951	1953	1952
1952	1953	1955	1954
1954	1955	1957	1956
1956	1957	1959	1958
1958	1959	1961	1960
1960	1961	1963	1962
1962	1963	1965	1964
1964	1965	1967	1966
1966	1967	1969	1968
1968	1969	1971	1970
1970	1971	1973	1972
1972	1973	1975	1974
1974	1975	1977	1976
1976	1977	1979	1978
1978	1979	1981	1980
1980	1981	1983	1982
1982	1983	1985	1984
1984	1985	1987	1986
1986	1987	1989	1988
1988	1989	1991	1990
1990	1991	1993	1992
1992	1993	1995	1994
1994	1995	1997	1996
1996	1997	1999	1998
1998	1999	2001	2000
2000	2001	2003	2002
2002	2003	2005	2004
2004	2005	2007	2006
2006	2007	2009	2008
2008	2009	2011	2010
2010	2011	2013	2012
2012	2013	2015	2014
2014	2015	2017	2016
2016	2017	2019	2018
2018	2019	2021	2020
2020	2021	2023	2022
2022	2023	2025	2024
2024	2025	2027	2026
2026	2027	2029	2028
2028	2029	2031	2030
2030	2031	2033	2032
2032	2033	2035	2034
2034	2035	2037	2036
2036	2037	2039	2038
2038	2039	2041	2040
2040	2041	2043	2042
2042	2043	2045	2044
2044	2045	2047	2046
2046	2047	2049	2048
2048	2049	2051	2050
2050	2051	2053	2052
2052	2053	2055	2054
2054	2055	2057	2056
2056	2057	2059	2058
2058	2059	2061	2060
2060	2061	2063	2062
2062	2063	2065	2064
2064	2065	2067	2066
2066	2067	2069	2068
2068	2069	2071	2070
2070	2071	2073	2072
2072	2073	2075	2074
2074	2075	2077	2076
2076	2077	2079	2078
2078	2079	2081	2080
2080	2081	2083	2082
2082	2083	2085	2084
2084	2085	2087	2086
2086	2087	2089	2088
2088	2089	2091	2090
2090	2091	2093	2092
2092	2093	2095	2094
2094	2095	2097	2096
2096	2097	2099	2098
2098	2099	2101	2100
2100	2101	2103	2102
2102	2103	2105	2104
2104	2105	2107	2106
2106	2107	2109	2108
2108	2109	2111	2110
2110	2111	2113	2112
2112	2113	2115	2114
2114	2115	2117	2116
2116	2117	2119	2118
2118	2119	2121	2120
2120	2121	2123	2122
2122	2123	2125	2124
2124	2125	2127	2126
2126	2127	2129	2128
2128	2129	2131	2130
2130	2131	2133	2132
2132	2133	2135	2134
2134	2135	2137	2136
2136	2137	2139	2138
2138	2139	2141	2140
2140	2141	2143	2142
2142	2143	2145	2144
2144	2145	2147	2146
2146	2147	2149	2148
2148	2149	2151	2150
2150	2151	2153	2152
2152	2153	2155	2154
2154	2155	2157	2156
2156	2157	2159	2158
2158	2159	2161	2160
2160	2161	2163	2162
2162	2163	2165	2164
2164	2165	2167	2166
2166	2167	2169	2168
2168	2169	2171	2170
2170	2171	2173	2172
2172	2173	2175	2174
2174	2175	2177	2176
2176	2177	2179	2178
2178	2179	2181	2180
2180	2181	2183	2182
2182	2183	2185	2184
2184	2185	2187	2186
2186	2187	2189	2188
2188	2189	2191	2190
2190	2191	2193	2192
2192	2193	2195	2194
2194	2195	2197	2196
2196	2197	2199	2198
2198	2199	2201	2200
2200	2201	2203	2202
2202	2203	2205	2204
2204	2205	2207	2206
2206	2207	2209	2208
2208	2209	2211	2210
2210	2211	2213	2212
2212	2213	2215	2214
2214	2215	2217	2216
2216	2217	2219	2218
2218	2219	2221	2220
2220	2221	2223	2222
2222	2223	2225	2224
2224	2225	2227	2226
2226	2227	2229	2228
2228	2229	2231	2230
2230	2231	2233	2232
2232	2233	2235	2234
2234	2235	2237	2236
2236	2237	2239	2238
2238	2239	2241	2240
2240	2241	2243	2242
2242	2243	2245	2244
2244	2245	2247	2246
2246	2247	2249	2248
2248	2249	2251	2250
2250	2251	2253	2252
2252	2253	2255	2254
2254	2255	2257	2256
2256	2257	2259	2258
2258	2259	2261	2260
2260	2261	2263	2262
2262	2263	2265	2264
2264	2265	2267	2266
2266	2267	2269	2268
2268	2269	2271	2270
2270	2271	2273	2272
2272	2273	2275	2274
2274	2275	2277	2276
2276	2277	2279	2278
2278	2279	2281	2280
2280	2281	2283	2282
2282	2283	2285	2284
2284	2285	2287	2286
2286	2287	2289	2288
2288	2289	2291	2290
2290	2291	2293	2292
2292	2293	2295	2294
2294	2295	2297	2296
2296	2297	2299	2298
2298	2299	2301	2300
2300	2301	2303	2302
2302	2303	2305	2304
2304	2305	2307	2306
2306	2307	2309	2308
2308	2309	2311	2310
2310	2311	2313	2312
2312	2313	2315	2314
2314	2315	2317	2316
2316	2317	2319	2318
2318	2319	2321	2320
2320	2321	2323	2322
2322	2323	2325	2324
2324	2325	2327	2326
2326	2327	2329	2328
2328	2329	2331	2330
2330	2331	2333	2332
2332	2333	2335	2334
2334	2335	2337	2336
2336	2337	2339	2338
2338	2339	2341	2340
2340	2341	2343	2342
2342	2343	2345	2344
2344	2345	2347	2346
2346	2347	2349	2348
2348	2349	2351	2350
2350	2351	2353	2352
2352	2353	2355	2354
2354	2355	2357	2356
2356	2357	2359	2358
2358	2359	2361	2360
2360	2361	2363	2362
2362	2363	2365	2364
2364	2365	2367	2366
2366	2367	2369	2368
2368	2369	2371	2370
2370	2371	2373	2372
2372	2373	2375	2374
2374	2375	2377	2376
2376	2377	2379	2378
2378	2379	2381	2380
2380	2381	2383	2382
2382	2383	2385	2384
2384	2385	2387	2386
2386	2387	2389	2388
2388	2389	2391	2390
2390	2391	2393	2392
2392	2393	2395	2394
2394	2395	2397	2396
2396	2397	2399	2398
2398	2399	2401	2400
2400	2401	2403	2402
2402	2403	2405	2404
2404	2405	2407	2406
2406	2407	2409	2408
2408	2409	2411	2410
2410	2411	2413	2412
2412	2413	2415	2414
2414	2415	2417	2416
2416	2417	2419	2418
2418	2419	2421	2420
2420	2421	2423	2422
2422	2423	2425	2424
2424	2425	2427	2426
2426	2427	2429	2428
2428	2429	2431	2430
2430	2431	2433	2432
2432	2433	2435	2434
2434	2435	2437	2436
2436	2437	2439	2438
2438	2439	2441	2440
2440	2441	2443	2442
2442	2443	2445	2444
2444	2445	2447	2446
2446	2447	2449	2448
2448	2449	2451	2450
2450	2451	2453	2452
2452	2453	2455	2454
2454	2455	2457	2456
2456	2457	2459	2458
2458	2459	2461	2460
2460	2461	2463	2462
2462	2463	2465	2464
2464	2465	2467	2466
2466	2467	2469	2468
2468	2469	2471	2470
2470	2471	2473	2472
2472	2473	2475	2474
2474	2475	2477	2476
2476	2477	2479	2478
2478	2479	2481	2480
2480	2481	2483	2482
2482	2483	2485	2484
2484	2485	2487	2486
2486	2487	2489	2488
2488	2489	2491	2490
2490	2491	2493	2492
2492	2493	2495	2494
2494	2495	2497	2496
2496	2497	2499	2498
2498	2499	2501	2500
2500	2501	2503	2502
2502	2503	2505	2504
2504	2505	2507	2506
2506	2507	2509	2508
2508	2509	2511	2510
2510	2511	2513	2512
2512	2513	2515	2514
2514	2515	2517	2516
2516	2517	2519	2518
2518	2519	2521	2520
2520	2521	2523	2522
2522	2523	2525	2524
2524	2525	2527	2526
2526	2527	2529	2528
2528	2529	2531	2530
2530	2531	2533	2532
2532	2533	2535	2534
2534	2535	2537	2536
2536	2537	2539	2538
2538	2539	2541	2540
2540	2541	2543	2542
2542	2543	2545	2544
2544	2545	2547	2546
2546	2547	2549	2548
2548	2549	2551	2550
2550	2551	2553	2552
2552	2553	2555	2554
2554	2555	2557	2556
2556	2557	2559	2558
2558	2559	2561	2560
2560	2561	2563	2562
2562	2563	2565	2564
2564	2565	2567	2566
2566	2567	2569	2568
2568	2569	2571	2570
2570	2571	2573	2572
2572	2573	2575	2574
2574	2575	2577	2576
2576	2577	2579	2578
2578	2579	2581	2580
2580	2581	2583	2582
2582	2583	2585	2584
2584	2585	2587	2586
2586	2587	2589	2588
2588	2589	2591	2590
2590	2591	2593	2592
2592	2593	2595	2594
2594	2595	2597	2596
2596	2597	2599	2598
2598	2599	2601	2600
2600	2601	2603	2602
2602	2603	2605	2604
2604	2605	2607	2606
2606	2607	2609	2608
2608	2609	2611	2610
2610	2611	2613	2612
2612	2613	2615	2614
2614	2615	2617	2616
2616	2617	2619	2618
2618	2619	2621	2620
2620	2621	2623	2622
2622	2623	2625	2624
2624	2625	2627	2626
2626	2627	2629	2628
2628	2629	2631	2630
2630	2631	2633	2632
2632	2633	2635	2634
2634	2635	2637	2636
2636	2637	2639	2638
2638	2639	2641	2640
2640	2641	2643	2642
2642	2643	2645	2644
2644	2645	2647	2646
2646	2647	2649	2648
2648	2649	2651	2650
2650	2651	2653	2652
2652	2653	2655	2654
2654	2655	2657	2656
2656	2657	2659	2658
2658	2659	2661	2660
2660	2661	2663	2662
2662	2663	2665	2664
2664	2665	2667	2666
2666	2667	2669	2668
2668	2669	2671	2670
2670	2671	2673	2672
2672	2673	2675	2674
2674	2675	2677	2676
2676	2677	2679	2678
2678	2679	2681	2680
2680	2681	2683	2682
2682	2683	2685	2684
2684	2685	2687	2686
2686	2687	2689	2688
2688	2689	2691	2690
2690	2691	2693	2692
2692	2693	2695	2694
2694	2695	2697	2696
2696	2697	2699	2698
2698	2699	2701	2700
2700	2701	2703	2702
2702	2703	2705	2704
2704	2705	2707	2706
2706	2707	2709	2708
2708	2709	2711	2710
2710	2711	2713	2712
2712	2713	2715	2714
2714	2715	2717	2716
2716	2717	2719	2718
2718	2719	2721	2720
2720	2721	2723	2722
2722	2723	2725	2724
2724	2725	2727	2726
2726	2727	2729	2728
2728	2729	2731	2730
2730	2731	2733	2732
2732	2733	2735	2734
2734	2735	2737	2736
2736	2737	2739	2738
2738	2739	2741	2740
2740	2741	2743	2742
2742	2743	2745	2744
2744	2745	2747	2746
2746	2747	2749	2748
2748	2749	2751	2750
2750	2751	2753	2752
2752	2753	2755	2754
2754	2755	2757	2756
2756	2757	2759	2758
2758	2759	2761	2760
2760	2761	2763	2762
2762	2763	2765	2764
2764	2765	2767	2766
2766	2767	2769	2768
2768	2769	2771	2770
2770	2771	2773	2772
2772	2773	2775	2774
2774	2775	2777	2776
2776	2777	2779	2778
2778	2779	2781	2780
2780	2781	2783	2782
2782	2783	2785	2784
2784	2785	2787	2786
2786	2787	2789	2788
2788	2789	2791	2790
2790	2791	2793	2792
2792	2793	2795	2794
2794	2795	2797	2796
2796	2797	2799	2798
2798	2799	2801	2800
2800	2801	2803	2802
2802	2803	2805	2804
2804	2805	2807	2806
2806	2807	2809	2808
2808	2809	2811	2810
2810	2811	2813	2812
2812	2813	2815	2814
2814	2815	2817	2816
2816	2817	2819	2818
2818	2819	2821	2820
2820	2821	2823	2822
2822	2823	2825	2824
2824	2825	2827	2826
2826	2827	2829	2828
2828	2829	2831	2830
2830	2831	2833	2832
2832	2833	2835	2834
2834	2835	2837	2836
2836	2837	2839	2838
2838	2839	2841	2840
2840	2841	2843	2842
2842	2843	2845	2844
2844	2845	2847	2846
2846	2847	2849	2848
2848	2849	2851	2850
2850	2851	2853	2852
2852	2853	2855	2854
2854	2855	2857	2856
2856	2857	2859	2858
2858	2859	2861	2860
2860	2861	2863	2862
2862	2863	2865	2864
2864	2865	2867	2866
2866	2867	2869	2868
2868	2869	2871	2870
2870	2871	2873	2872
2872	2873	2875	2874
2874	2875	2877	2876
2876	2877	2879	2878
2878	2879	2881	2880
2880	2881	2883	2882
2882	2883	2885	2884
2884	2885	2887	2886
2886	2887	2889	2888
2888	2889	2891	2890
2890	2891	2893	2892
2892	2893	2895	2894
2894	2895	2897	2896
2896	2897	2899	2898
2898	2899	2901	2900
2900	2901	2903	2902
2902	2903	2905	2904
2904	2905	2907	2906
2906	2907	2909	2908
2908	2909	2911	2910
2910	2911	2913	2912
2912	2913	2915	2914
2914	2915	2917	2916
2916	2917	2919	2918
2918	2919	2921	2920
2920	2921	2923	2922
2922	2923	2925	2924
2924	2925	2927	2926
2926	2927	2929	2928
2928	2929	2931	2930
2930	2931	2933	2932
2932	2933	2935	2934
2934	2935	2937	2936
2936	2937	2939	2938
2938	2939	2941	2940
2940	2941	2943	2942
2942	2943	2945	2944
2944	2945	2947	2946
2946	2947	2949	2948
2948	2949	2951	2950
2950	2951	2953	2952
2952	2953	2955	2954
2954	2955	2957	2956
2956	2957	2959	2958
2958	2959	2961	2960
2960	2961	2963	2962
2962	2963	2965	2964
2964	2965	2967	2966
2966	2967	2969	2968
2968	2969	2971	2970
2970	2971	2973	2972
2972	2973	2975	2974
2974	2975	2977	2976
2976	2977	2979	2978
2978	2979	2981	2980
2980	2981	2983	2982
2982	2983	2985	2984
2984	2985	2987	2986
2986	2987	2989	2988
2988	2989	2991	2990
2990	2991	2993	2992
2992	2993	2995	2994
2994	2995	2997	2996
2996	2997	2999	2998
2998	2999	3001	3000
3000	3001	3003	3002
3002	3003	3005	3004
3004	3005	3007	3006
3006	3007	3009	3008
3008	3009	3011	3010
3010	3011	3013	3012
3012	3013	3015	3014
3014	3015	3017	3016
3016	3017	3019	3018
3018	3019	3021	3020
3020	3021	3023	3022
3022	3023	3025	3024
3024	3025	3027	3026
3026	3027	3029	3028
3028	3029	3031	3030
3030	3031	3033	3032
3032	3033	3035	3034
3034	3035	3037	3036
3036	3037	3039	3038
3038	3039	3041	3040
3040	3041	3043	3042
3042	3043	3045	3044
3044	3045	3047	3046
3046	3047	3049	3048
3048	3049	3051	3050
3050	3051	3053	3052
3052	3053	3055	3054
3054	3055	3057	3056
3056	3057	3059	3058
3058	3059	3061	3060
3060	3061	3063	3062
3062	3063	3065	3064
3064	3065	3067	3066
3066	3067	3069	3068
3068	3069	3071	3070
3070	3071	3073	3072
3072	3073	3075	3074
3074	3075	3077	3076
3076	3077	3079	3078
3078	3079	3081	3080
3080	3081	3083	3082
3082	3083	3085	3084
3084	3085	3087	3086
3086	3087	3089	3088
3088	3089	3091	3090
3090	3091	3093	3092
3092	3093	3095	3094
3094	3095	3097	3096
3096	3097	3099	3098
3098	3099	3101	3100
3100	3101	3103	3102
3102	3103	3105	3104
3104	3105	3107	3106
3106	3107	3109	3108
3108	3109	3111	3110
3110	3111	3113	3112
3112	3113	3115	3114
3114	3115	3117	3116
3116	3117	3119	3118
3118	3119	3121	3120
3120	3121	3123	3122
3122	3123	3125	3124
3124	3125	3127	3126
3126	3127	3129	3128
3128	3129	3131	3130
3130	3131	3133	3132
3132	3133	3135	3134
3134	3135	3137	3136
3136	3137	3139	3138
3138	3139	3141	3140
3140	3141	3143	3142
3142	3143	3145	3144
3144	3145	3147	3146
3146	3147	3149	3148
3148	3149	3151	3150
3150	3151	3153	3152
3152	3153	3155	3154
3154	3155	3157	3156
3156	3157	3159	3158
3158	3159	3161	3160
3160	3161	3163	3162
3162	3163	3165	3164
3164	3165	3167	3166
3166	3167	3169	3168
3168	3169	3171	3170
3170	3171	3173	3172
3172	3173	3175	3174
3174	3175	3177	3176
3176	3177	3179	3178
3178	3179	3181	3180
3180	3181	3183	3182
3182	3183	3185	3184
3184	3185	3187	3186
3186	3187	3189	3188
3188	3189	3191	3190
3190	3191	3193	3192
3192	3193	3195	3194
3194	3195	3197	3196
3196	3197	3199	3198
3198	3199	3201	3200
3200	3201	3203	3202
3202	3203	3205	3204
3204	3205	3207	3206
3206	3207	3209	3208
3208	3209	3211	3210
3210	3211	3213	3212
3212	3213	3215	3214
3214	3215	3217	3216
3216	3217	3219	3218
3218	3219	3221	3220
3220	3221	3223	3222
3222	3223	3225	3224
3224	3225	3227	3226
3226	3227	3229	3228
3228	3229	3231	3230
3230	3231	3233	3232
3232	3233	3235	3234
3234	3235	3237	3236
3236	3237	3239	3238
3238	3239	3241	3240
3240	3241	3243	3242
3242	3243	3245	3244
3244	3245	3247	3246
3246	3247	3249	3248
3248	3249	3251	3250
3250	3251	3253	3252
3252	3253	3255	3254
3254	3255	3257	3256
3256	3257	3259	3258
3258	3259	3261	3260
3260	3261	3263	3262
3262	3263	3265	3264
3264	3265	3267	3266
3266	3267	3269	3268
3268	3269	3271	3270
3270	3271	3273	3272
3272	3273	3275	3274
3274	3275	3277	3276
3276	3277	3279	3278
3278	3279	3281	3280
3280	3281	3283	3282
3282	3283	3285	3284
3284	3285	3287	3286
3286	3287	3289	3288
3288	3289	3291	3290
3290	3291	3293	3292
3292	3293	3295	3294
3294	3295	3297	3296
3296	3297	3299	3298
3298	3299	3301	3300
3300	3301	3303	3302
3302	3303	3305	3304
3304	3305	3307	3306
3306	3307	3309	3308
3308	3309	3311	3310
3310	3311	3313	3312
3312	3313	3315	3314
3314	3315	3317	3316
3316	3317	3319	3318
3318	3319	3321	3320
3320	3321	3323	3322
3322	3323	3325	3324
3324	3325	3327	3326
3326	3327	3329	3328
3328	3329	3331	3330
3330	3331	3333	3332
3332	3333	3335	3334
3334	3335	3337	3336
3336	3337	3339	3338
3338	3339	3341	3340
3340	3341	3343	3342
3342	3343	3345	3344
3344	3345	3347	3346
3346	3347	3349	3348
3348	3349	3351	3350
3350	3351	3353	3352
3352	3353	3355	3354
3354	3355	3357	3356
3356	3357	3359	3358
3358	3359	3361	3360
3360	3361	3363	3362
3362	3363	3365	3364
3364	3365	3367	3366
3366	3367	3369	3368
3368	3369	3371	3370
3370	3371	3373	3372
3372	3373	3375	3374
3374	3375	3377	3376
3376	3377	3379	3378
3378	3379	3381	3380
3380	3381	3383	3382
3382	3383	3385	3384
3384	3385	3387	3386
3386	3387	3389	3388
3388	3389	3391	3390
3390	3391	3393	3392
3392	3393	3395	3394
3394	3395	3397	3396
3396	3397	3399	3398
3398	3399	3401	3400
3400	3401	3403	3402
3402	3403	3405	3404
3404	3405	3407	3406
3406	3407	3409	3408
3408	3409	3411	3410
3410	3411	3413	3412
3412	3413	3415	3414
3414	3415	3417	3416
3416	3417	3419	3418
3418	3419	3421	3420
3420	3421	3423	3422
3422	3423	3425	3424
3424	3425	3427	3426
3426	3427	3429	3428
3428	3429	3431	3430
3430	3431	3433	3432
3432	3433	3435	3434
3434	3435	3437	3436
3436	3437	3439	3438
3438	3439	3441	3440
3440	3441	3443	3442
3442	3443	3445	3444
3444	3445	3447	3446
3446	3447	3449	3448
3448	3449	3451	3450
3450	3451	3453	3452
3452	3453	3455	3454
3454	3455	3457	3456
3456	3457	3459	3458
3458	3459	3461	3460
3460	3461	3463	3462
3462	3463	3465	3464
3464	3465	3467	3466
3466	3467	3469	3468
3468	3469	3471	3470
3470	3471	3473	3472
3472	3473	3475	3474
3474	3475	3477	3476
3476	3477	3479	3478
3478	3479	3481	3480
3480	3481	3483	3482
3482	3483	3485	3484
3484	3485	3487	3486
3486	3487	3489	3488
3488	3489	3491	3490
3490	3491	3493	3492
3492	3493	3495	3494
3494	3495	3497	3496
3496	3497	3499	3498
3498	3499	3501	3500
3500	3501	3503	3502
3502	3503	3505	3504
3504	3505	3507	3506
3506	3507	3509	3508
3508	3509	3511	3510
3510	3511	3513	3512
3512	3513	3515	3514
3514	3515	3517	3516
3516	3517	3519	3518
3518	3519	3521	3520
3520	3521	3523	3522
3522	3523	3525	3524
3524	3525	3527	3526
3526	3527	3529	3528
3528	3529	3531	3530
3530	3531	3533	3532
3532	3533	3535	3534
3534	3535	3537	3536
3536	3537	3539	3538
3538	3539	3541	3540
3540	3541	3543	3542
3542	3543	3545	3544
3544	3545	3547	3546
3546	3547	3549	3548
3548	3549	3551	3550
3550	3551	3553	3552
3552	3553	3555	3554
3554	3555	3557	3556
3556	3557	3559	3558
3558	3559	3561	3560
3560	3561	3563	3562
3562	3563	3565	3564
3564	3565	3567	3566
3566	3567	3569	3568
3568	3569	3571	3570
3570	3571	3573	3572
3572	3573	3575	3574
3574	3575	3577	3576
3576	3577	3579	3578
3578	3579	3581	3580
3580	3581	3583	3582
3582	3583	3585	3584
3584	3585	3587	3586
3586	3587	3589	3588
3588	3589	3591	3590
3590	3591	3593	3592
3592	3593	3595	3594
3594	3595	3597	3596
3596	3597	3599	3598
3598	3599	3601	3600
3600	3601	3603	3602
3602	3603	3605	3604
3604	3605	3607	3606
3606	3607	3609	3608
3608	3609	3611	3610
3610	3611	3613	3612
3612	3613	3615	3614
3614	3615	3617	3616
3616	3617	3619	3618
3618	3619	3621	3620
3620	3621	3623	3622
3622	3623	3625	3624
3624	3625	3627	3626
3626	3627	3629	3628
3628	3629	3631	3630
3630	3631	3633	3632
3632	3633	3635	3634
3634	3635	3637	3636
3636	3637	3639	3638
3638	3639	3641	3640
3640	3641	3643	3642
3642	3643	3645	3644
3644	3645	3647	3646
3646	3647	3649	3648
3648	3649	3651	3650
3650	3651	3653	3652
3652	3653	3655	3654
3654	3655	3657	3656
3656	3657	3659	3658
3658	3659	3661	3660
3660	3661	3663	3662
3662	3663	3665	3664
3664	3665	3667	3666
3666	3667	3669	3668
3668	3669	3671	3670
3670	3671	3673	3672
3672	3673	3675	3674
3674	3675	3677	3676
3676	3677	3679	3678
3678	3679	3681	3680
3680	3681	3683	3682
3682	3683	3685	3684
3684	3685	3687	3686
3686	3687	3689	3688
3688	3689	3691	3690
3690	3691	3693	3692
3692	3693	3695	3694
3694	3695	3697	3696
3696	3697	3699	3698
3698	3699	3701	3700
3700	3701	3703	3702
3702	3703	3705	3704
3704	3705	3707	3706
3706	3707	3709	3708
3708	3709	3711	3710
3710	3711	3713	3712
3712	3713	3715	3714
3714	3715	3717	3716
3716	3717	3719	3718
3718	3719	3721	3720
3720	3721	3723	3722
3722	3723	3725	3724
3724	3725	3727	3726
3726	3727	3729	3728
3728	3729	3731	3730
3730	3731	3733	3732
3732	3733	3735	3734
3734	3735	3737	3736
3736	3737	3739	3738
3738	3739	3741	3740
3740	3741	3743	3742
3742	3743	3745	3744
3744	3745	3747	3746
3746	3747	3749	3748
3748	3749	3751	3750
3750	3751	3753	3752
3752	3753	3755	3754
3754	3755	3757	3756
3756	3757	3759	3758
3758	3759	3761	3760
3760	3761	3763	3762
3762	3763	3765	3764
3764	3765	3767	3766
3766	3767	3769	3768
3768	3769	3771	3770
3770	3771	3773	3772
3772	3773	3775	3774
3774	3775	3777	3776
3776	3777	3779	3778
3778	3779	3781	3780
3780	3781	3783	3782
3782	3783	3785	3784
3784	3785	3787	3786
3786	3787	3789	3788
3788	3789	3791	3790
3790	3791	3793	3792
3792	3793	3795	3794
3794	3795	3797	3796
3796	3797	3799	3798
3798	3799	3801	3800
3800	3801	3803	3802
3802	3803	3805	3804
3804	3805	3807	3806
3806	3807	3809	3808
3808	3809	3811	3810
3810	3811	3813	3812
3812	3813	3815	3814
3814	3815	3817	3816
3816	3817	3819	3818
3818	3819	3821	3820
3820	3821	3823	3822
3822	3823	3825	3824
3824	3825	3827	3826
3826	3827	3829	3828
3828	3829	3831	3830
3830	3831	3833	3832
3832	3833	3835	3834
3834	3835	3837	3836
3836	3837	3839	3838
3838	3839	3841	3840
3840	3841	3843	3842
3842	3843	3845	3844
3844	3845	3847	3846
3846	3847	3849	3848
3848	3849	3851	3850
3850	3851	3853	3852
3852	3853	3855	3854
3854	3855	3857	3856
3856	3857	3859	3858
3858	3859	3861	3860
3860	3861	3863	3862
3862	3863	3865	3864
3864	3865	3867	3866
3866	3867	3869	3868
3868	3869	3871	3870
3870	3871	3873	3872
3872	3873	3875	3874
3874	3875	3877	3876
3876	3877	3879	3878
3878	3879	3881	3880
3880	3881	3883	3882
3882	3883	3885	3884
3884	3885	3887	3886
3886	3887	3889	3888
3888	3889	3891	3890
3890	3891	3893	3892
3892	3893	3895	3894
3894	3895	3897	3896
3896	3897	3899	3898
3898	3899	3901	3900
3900	3901	3903	3902
3902	3903	3905	3904
3904	3905	3907	3906
3906	3907	3909	3908
3908	3909	3911	3910
3910	3911	3913	3912
3912	3913	3915	3914
3914	3915	3917	3916
3916	3917	3919	3918
3918	3919	3921	3920
3920	3921	3923	3922
3922	3923	3925	3924
3924	3925	3927	3926
3926	3927	3929	3928
3928	3929	3931	3930
3930	3931	3933	3932
3932	3933	3935	3934
3934	3935	3937	3936
3936	3937	3939	3938
3938	3939	3941	3940
3940	3941	3943	3942
3942	3943	3945	3944
3944	3945	3947	3946
3946	3947	3949	3948
3948	3949	3951	3950
3950	3951	3953	3952
3952	3953	3955	3954
3954	3955	3957	3956
3956	3957	3959	3958
3958	3959	3961	3960
3960	3961	3963	3962
3962	3963	3965	3964
3964	3965	3967	3966
3966	3967	3969	3968
3968	3969	3971	3970
3970	3971	3973	3972
3972	3973	3975	3974
3974	3975	3977	3976
3976	3977	3979	3978
3978	3979	3981	3980
3980	3981	3983	3982
3982	3983	3985	3984
3984	3985	3987	3986
3986	3987	3989	3988
3988	3989	3991	3990
3990	3991	3993	3992
3992	3993	3995	3994
3994	3995	3997	3996
3996	3997	3999	3998
3998	3999	4001	4000
4000	4001	4003	4002
4002	4003	4005	4004
4004	4005	4007	4006
4006	4007	4009	4008
4008	4009	4011	4010
4010	4011	4013	4012
4012	4013	4015	4014
4014	4015	4017	4016
4016	4017	4019	4018
4018	4019	4021	4020
4020	4021	4023	4022
4022	4023	4025	4024
4024	4025	4027	4026
4026	4027	4029	4028
4028	4029	4031	4030
4030	4031	4033	4032
4032	4033	4035	4034
4034	4035	4037	4036
4036	4037	4039	4038
4038	4039	4041	4040
4040	4041	4043	4042
4042	4043	4045	4044
4044	4045	4047	4046
4046	4047	4049	4048
4048	4049	4051	4050
4050	4051	4053	4052
4052	4053	4055	4054
4054	4055	4057	4056
4056	4057	4059	4058
4058	4059	4061	4060
4060	4061	4063	4062
4062	4063	4065	4064
4064	4065	4067	4066
4066	4067	4069	4068
4068	4069	4071	4070
4070	4071	4073	4072
4072	4073	4075	4074
4074	4075	4077	4076
4076	4077	4079	4078
4078	4079	4081	4080
4080	4081	4083	4082
4082	4083	4085	4084
4084	4085	4087	4086
4086	4087	4089	4088
4088	4089	4091	4090
4090	4091	4093	4092
4092	4093	4095	4094
4094	4095	4097	4096
4096	4097	4099	4098
4098	4099	4101	4100
4100	4101	4103	4102
4102	4103	4105	4104
4104	4105	4107	4106
4106	4107	4109	4108
4108	4109	4111	4110
4110	4111	4113	4112
4112	4113	4115	4114
4114	4115	4117	4116
4116	4117	4119	4118
4118	4119	4121	4120
4120	4121	4123	4122
4122	4123	4125	4124
4124	4125	4127	4126
4126	4127	4129	4128
4128	4129	4131	4130
4130	4131	4133	4132
4132	4133	4135	4134
4134	4135	4137	4136
4136	4137	4139	4138
4138	4139	4141	4140
4140	4141	4143	4142
4142	4143	4145	4144
4144	4145	4147	4146
4146	4147	4149	4148
4148	4149	4151	4150
4150	4151	4153	4152
4152	4153	4155	4154
4154	4155	4157	4156
4156	4157	4159	4158
4158	4159	4161	4160
4160	4161	4163	4162
4162	4163	4165	4164
4164	4165	4167	4166
4166	4167	4169	4168
4168	4169	4171	4170
4170	4171	4173	4172
4172	4173	4175	4174
4174	4175	4177	4176
4176	4177	4179	4178
4178	4179	4181	4180
4180	4181	4183	4182
4182	4183	4185	4184
4184	4185	4187	4186
4186	4187	4189	4188
4188	4189	4191	4190
4190	4191	4193	4192
4192	4193	4195	4194
4194	4195	4197	4196
4196	4197	4199	4198
4198	4199	4201	4200
4200	4201	4203	4202
4202	4203	4205	4204
4204	4205	4207	4206
4206	4207	4209	4208
4208	4209	4211	4210
4210	4211	4213	4212
4212	4213	4215	4214
4214	4215	4217	4216
4216	4217	4219	4218
4218	4219	4221	4220
4220	4221	4223	4222
4222	4223	4225	4224
4224	4225	4227	4226
4226	4227	4229	4228
4228	4229	4231	4230
4230	4231	4233	4232
4232	4233	4235	4234
4234	4235	4237	4236
4236	4237	4239	4238
4238	4239	4241	4240
4240	4241	4243	4242
4242	4243	4245	4244
4244	4245	4247	4246
4246	4247	4249	4248
4248	4249	4251	4250
4250	4251	4253	4252
4252	4253	4255	4254
4254	4255	4257	4256
4256	4257	4259	4258
4258	4259	4261	4260
4260	4261	4263	4262
4262	4263	4265	4264
4264	4265	4267	4266
4266	4267	4269	4268
4268	4269	4271	4270
4270	4271	4273	4272
4272	4273	4275	4274
4274	4275	4277	4276
4276	4277	4279	4278
4278	4279	4281	4280
4280	4281	4283	4282
4282	4283	4285	4284
4284	4285	4287	4286
4286	4287	4289	4288
4288	4289	4291	4290
4290	4291	4293	4292
4292	4293	4295	4294
4294	4295	4297	4296
4296	4297	4299	4298
4298	4299	4301	4300
4300	4301	4303	4302
4302	4303	4305	4304
4304	4305	4307	4306
4306	4307	4309	4308
4308	4309	4311	4310
4310	4311	4313	4312
4312	4313	4315	4314
4314	4315	4317	4316
4316	4317	4319	4318
4318	4319	4321	4320
4320	4321	4323	4322
4322	4323	4325	4324
4324	4325	4327	4326
4326	4327	4329	4328
4328	4329	4331	4330
4330	4331	4333	4332
4332	4333	4335	4334
4334	4335	4337	4336
4336	4337	4339	4338
4338	4339	4341	4340
4340	4341	4343	4342
4342	4343	4345	4344
4344	4345	4347	4346
4346	4347	4349	4348
4348	4349	4351	4350
4350	4351	4353	4352
4352	4353	4355	4354
4354	4355	4357	4356
4356	4357	4359	4358
4358	4359	4361	4360
4360	4361	4363	4362
4362	4363	4365	4364
4364	4365	4367	4366
4366	4367	4369	4368
4368	4369	4371	4370
4370	4371	4373	4372
4372	4373	4375	4374
4374	4375	4377	4376
4376	4377	4379	4378
4378	4379	4381	4380
4380	4381	4383	4382
4382	4383	4385	4384
4384	4385	4387	4386
4386	4387	4389	4388
4388	4389	4391	4390
4390	4391	4393	4392
4392	4393	4395	4394
4394	4395	4397	4396
4396	4397	4399	4398
4398	4399	4401	4400
4400	4401	4403	4402
4402	4403	4405	4404
4404	4405	4407	4406
4406	4407	4409	4408
4408	4409	4411	4410
4410	4411	4413	4412
4412	4413	4415	4414
4414	4415	4417	4416
4416	4417	4419	4418
4418	4419	4421	4420
4420	4421	4423	4422
4422	4423	4425	4424
4424	4425	4427	4426
4426	4427	4429	4428
4428	4429	4431	4430
4430	4431	4433	4432
4432	4433	4435	4434
4434	4435	4437	4436
4436	4437	4439	4438
4438	4439	4441	4440
4440	4441	4443	4442
4442	4443	4445	4444
4444	4445	4447	4446
4446	4447	4449	4448
4448	4449	4451	4450
4450	4451	4453	4452
4452	4453	4455	4454
4454	4455	4457	4456
4456	4457	4459	4458
4458	4459	4461	4460
4460	4461	4463	4462
4462	4463	4465	4464
4464	4465	4467	4466
4466	4467	4469	4468
4468	4469	4471	4470
4470	4471	4473	4472
4472	4473	4475	4474
4474	4475	4477	4476
4476	4477	4479	4478
4478	4479	4481	4480
4480	4481	4483	4482
4482	4483	4485	4484
4484	4485	4487	4486
4486	4487	4489	4488
4488	4489	4491	4490
4490	4491	4493	4492
4492	4493	4495	4494
4494	4495	4497	4496
4496	4497	4499	4498
4498	4499	4501	4500
4500	4501	4503	4502
4502	4503	4505	4504
4504	4505	4507	4506
4506	4507	4509	4508
4508	4509	4511	4510
4510	4511	4513	4512
4512	4513	4515	4514
4514	4515	4517	4516
4516	4517	4519	4518
4518	4519	4521	4520
4520	4521	4523	4522
4522	4523	4525	4524
4524	4525	4527	4526
4526	4527	4529	4528
4528	4529	4531	4530
4530	4531	4533	4532
4532	4533	4535	4534
4534	4535	4537	4536
4536	4537	4539	4538
4538	4539	4541	4540
4540	4541	4543	4542
4542	4543	4545	4544
4544	4545	4547	4546
4546	4547	4549	4548
4548	4549	4551	4550
4550	4551	4553	4552
4552	4553	4555	4554
4554	4555	4557	4556
4556	4557	4559	4558
4558	4559	4561	4560
4560	4561	4563	4562
4562	4563	4565	4564
4564	4565	4567	4566
4566	4567	4569	4568
4568	4569	4571	4570
4570	4571	4573	4572
4572	4573	4575	4574
4574	4575	4577	4576
4576	4577	4579	4578
4578	4579	4581	4580
4580	4581	4583	4582
4582	4583	4585	4584
4584	4585	4587	4586
4586	4587	4589	4588
4588	4589	4591	4590
4590	4591	4593	4592
4592	4593	4595	4594
4594	4595	4597	4596
4596	4597	4599	4598
4598	4599	4601	4600
4600	4601	4603	4602
4602	4603	4605	4604
4604	4605	4607	4606
4606	4607	4609	4608
4608	4609	4611	4610
4610	4611	4613	4612
4612	4613	4615	4614
4614	4615	4617	4616
4616	4617	4619	4618
4618	4619	4621	4620
4620	4621	4623	4622
4622	4623	4625	4624
4624	4625	4627	4626
4626	4627	4629	4628
4628	4629	4631	4630
4630	4631	4633	4632
4632	4633	4635	4634
4634	4635	4637	4636
4636	4637	4639	4638
4638	4639	4641	4640
4640	4641	4643	4642
4642	4643	4645	4644
4644	4645	4647	4646
4646	4647	4649	4648
4648	4649	4651	4650
4650	4651	4653	4652
4652	4653	4655	4654
4654	4655	4657	4656
4656	4657	4659	4658
4658	4659	4661	4660
4660	4661	4663	4662
4662	4663	4665	4664
4664	4665	4667	4666
4666	4667	4669	4668
4668	4669	4671	4670
4670	4671	4673	4672
4672	4673	4675	4674
4674	4675	4677	4676
4676	4677	4679	4678
4678	4679	4681	4680
4680	4681	4683	4682
4682	4683	4685	4684
4684	4685	4687	4686
4686	4687	4689	4688
4688	4689	4691	4690
4690	4691	4693	4692
4692	4693	4695	4694
4694	4695	4697	4696
4696	4697	4699	4698
4698	4699	4701	4700
4700	4701	4703	4702
4702	4703	4705	4704
4704	4705	4707	4706
4706	4707	4709	4708
4708	4709	4711	4710
4710	4711	4713	4712
4712	4713	4715	4714
4714	4715	4717	4716
4716	4717	4719	4718
4718	4719	4721	4720
4720	4721	4723	4722
4722	4723	4725	4724
4724	4725	4727	4726
4726	4727	4729	4728
4728	4729	4731	4730
4730	4731	4733	4732
4732	4733	4735	4734
4734	4735	4737	4736
4736	4737	4739	4738
4738	4739	4741	4740
4740	4741	4743	4742
4742	4743	4745	4744
4744	4745	4747	4746
4746	4747	4749	4748
4748	4749	4751	4750
4750	4751	4753	4752
4752	4753	4755	4754
4754	4755	4757	4756
4756	4757	4759	4758
4758	4759	4761	4760
4760	4761	4763	4762
4762	4763	4765	4764
4764	4765	4767	4766
4766	4767	4769	4768
4768	4769	4771	4770
4770	4771	4773	4772
4772	4773	4775	4774
4774	4775	4777	4776
4776	4777	4779	4778
4778	4779	4781	4780
4780	4781	4783	4782
4782	4783	4785	4784
4784	4785	4787	4786
4786	4787	4789	4788
4788	4789	4791	4790
4790	4791	4793	4792
4792	4793	4795	4794
4794	4795	4797	4796
4796	4797	4799	4798
4798	4799	4801	4800
4800	4801	4803	4802
4802	4803	4805	4804
4804	4805	4807	4806
4806	4807	4809	4808
4808	4809	4811	4810
4810	4811	4813	4812
4812	4813	4815	4814
4814	4815	4817	4816
4816	4817	4819	4818
4818	4819	4821	4820
4820	4821	4823	4822
4822	4823	4825	4824
4824	4825	4827	4826
4826	4827	4829	4828
4828	4829	4831	4830
4830	4831	4833	4832
4832	4833	4835	4834
4834	4835	4837	4836
4836	4837	4839	4838
4838	4839	4841	4840
4840	4841	4843	4842
4842	4843	4845	4844
4844	4845	4847	4846
4846	4847	4849	4848
4848	4849	4851	4850
4850	4851	4853	4852
4852	4853	4855	4854
4854	4855	4857	4856
4856	4857	4859	4858
4858	4859	4861	4860
4860	4861	4863	4862
4862	4863	4865	4864
4864	4865	4867	4866
4866	4867	4869	4868
4868	4869	4871	4870
4870	4871	4873	4872
4872	4873	4875	4874
4874	4875	4877	4876
4876	4877	4879	4878
4878	4879	4881	4880
4880	4881	4883	4882
4882	4883	4885	4884
4884	4885	4887	4886
4886	4887	4889	4888
4888	4889	4891	4890
4890	4891	4893	4892
4892	4893	4895	4894
4894	4895	4897	4896
4896	4897	4899	4898
4898	4899	4901	4900
4900	4901	4903	4902
4902	4903	4905	4904
4904	4905	4907	4906
4906	4907	4909	4908
4908	4909	4911	4910
4910	4911	4913	4912
4912	4913	4915	4914
4914	4915	4917	4916
4916	4917	4919	4918
4918	4919	4921	4920
4920	4921	4923	4922
4922	4923	4925	4924
4924	4925	4927	4926
4926	4927	4929	4928
4928	4929	4931	4930
4930	4931	4933	4932
4932	4933	4935	4934
4934	4935	4937	4936
4936	4937	4939	4938
4938	4939	4941	4940
4940	4941	4943	4942
4942	4943	4945	4944
4944	4945	4947	4946
4946	4947	4949	4948
4948	4949	4951	4950
4950	4951	4953	4952
4952	4953	4955	4954
4954	4955	4957	4956
4956	4957	4959	4958
4958	4959	4961	4960
4960	4961	4963	4962
4962	4963	4965	4964
4964	4965	4967	4966
4966	4967	4969	4968
4968	4969	4971	4970
4970	4971	4973	4972
4972	4973	4975	4974
4974	4975	4977	4976
4976	4977	4979	4978
4978	4979	4981	4980
4980	4981	4983	4982
4982	4983	4985	4984
4984	4985	4987	4986
4986	4987	4989	4988
4988	4989	4991	4990
4990	4991	4993	4992
4992	4993	4995	4994
4994	4995	4997	4996
4996	4997	4999	4998
4998	4999	5001	5000
5000	5001	5003	5002
5002	5003	5005	5004
5004	5005	5007	5006
5006	5007	5009	5008
5008	5009	5011	5010
5010	5011	5013	5012
5012	5013	5015	5014
5014	5015	5017	5016
5016	5017	5019	5018
5018	5019	5021	5020
5020	5021	5023	5022
5022	5023	5025	5024
5024	5025	5027	5026
5026	5027	5029	5028
5028	5029	5031	5030
5030	5031	5033	5032
5032	5033	5035	5034
5034	5035	5037	5036
5036	5037	5039	5038
5038	5039	5041	5040
5040	5041	5043	5042
5042	5043	5045	5044
5044	5045	5047	5046
5046	5047	5049	5048
5048	5049	5051	5050
5050	5051	5053	5052
5052	5053	5055	5054
5054	5055	5057	5056
5056	5057	5059	5058
5058	5059	5061	5060
5060	5061	5063	5062
5062	5063	5065	5064
5064	5065	5067	5066
5066	5067	5069	5068
5068	5069	5071	5070
5070	5071	5073	5072
5072	5073	5075	5074
5074	5075	5077	5076
5076	5077	5079	5078
5078	5079	5081	5080
5080	5081	5083	5082
5082	5083	5085	5084
5084	5085	5087	5086
5086	5087	5089	5088
5088	5089	5091	5090
5090	5091	5093	5092
5092	5093	5095	5094
5094	5095	5097	5096
5096	5097	5099	5098
5098	5099	5101	5100
5100	5101	5103	5102
5102	5103	5105	5104
5104	5105	5107	5106
5106	5107	5109	5108
5108	5109	5111	5110
5110	5111	5113	5112
5112	5113	5115	5114
5114	5115	5117	5116
5116	5117	5119	5118
5118	5119	5121	5120
5120	5121	5123	5122
5122	5123	5125	5124
5124	5125	5127	5126
5126	5127	5129	5128
5128	5129	5131	5130
5130	5131	5133	5132
5132	5133	5135	5134
5134	5135	5137	5136
5136	5137	5139	5138
5138	5139	5141	5140
5140	5141	5143	5142
5142	5143	5145	5144
5144	5145	5147	5146
5146	5147	5149	5148
5148	5149	5151	5150
5150	5151	5153	5152
5152	5153	5155	5154
5154	5155	5157	5156
5156	5157	5159	5158
5158	5159	5161	5160
5160	5161	5163	5162
5162	5163	5165	5164
5164	5165	5167	5166
5166	5167	5169	5168
5168	5169	5171	5170
5170	5171	5173	5172
5172	5173	5175	5174
5174	5175	5177	5176
5176	5177	5179	5178
5178	5179	5181	5180
5180	5181	5183	5182
5182	5183	5185	5184
5184	5185	5187	5186
5186	5187	5189	5188
5188	5189	5191	5190
5190	5191	5193	5192
5192	5193	5195	5194
5194	5195	5197	5196
5196	5197	5199	5198
5198	5199	5201	5200
5200	5201	5203	5202
5202	5203	5205	5204
5204	5205	5207	5206
5206	5207	5209	5208
5208	5209	5211	5210
5210	5211	5213	5212
5212	5213	5215	5214
5214	5215	5217	5216
5216	5217	5219	5218
5218	5219	5221	5220
5220	5221	5223	5222
5222	5223	5225	5224
5224	5225	5227	5226
5226	5227	5229	5228
5228	5229	5231	5230
5230	5231	5233	5232
5232	5233	5235	5234
5234	5235	5237	5236
5236	5237	5239	5238
5238	5239	5241	5240
5240	5241	5243	5242
5242	5243	5245	5244
5244	5245	5247	5246
5246	5247	5249	5248
5248	5249	5251	5250
5250	5251	5253	5252
5252	5253	5255	5254
5254	5255	5257	5256
5256	5257	5259	5258
5258	5259	5261	5260
5260	5261	5263	5262
5262	5263	5265	5264
5264	5265	5267	5266
5266	5267	5269	5268
5268	5269	5271	5270
5270	5271	5273	5272
5272	5273	5275	5274
5274	5275	5277	5276
5276	5277	5279	5278
5278	5279	5281	5280
5280	5281	5283	5282
5282	5283	5285	5284
5284	5285	5287	5286
5286	5287	5289	5288
5288	5289	5291	5290
5290	5291	5293	5292
5292	5293	5295	5294
5294	5295	5297	5296
5296	5297	5299	5298
5298	5299	5301	5300
5300	5301	5303	5302
5302	5303	5305	5304
5304	5305	5307	5306
5306	5307	5309	5308
5308	5309	5311	5310
5310	5311	5313	5312
5312	5313	5315	5314
5314	5315	5317	5316
5316	5317	5319	5318
5318	5319	5321	5320
5320	5321	5323	5322
5322	5323	5325	5324
5324	5325	5327	5326
5326	5327	5329	5328
5328	5329	5331	5330
5330	5331	5333	5332
5332	5333	5335	5334
5334	5335	5337	5336
5336	5337	5339	5338
5338	5339	5341	5340
5340	5341	5343	5342
5342	5343	5345	5344
5344	5345	5347	5346
5346	5347	5349	5348
5348	5349	5351	5350
5350	5351	5353	5352
5352	5353	5355	5354
5354	5355	5357	5356
5356	5357	5359	5358
5358	5359	5361	5360
5360	5361	5363	5362
5362	5363	5365	5364
5364	5365	5367	5366
5366	5367	5369	5368
5368	5369	5371	5370
5370	5371	5373	5372
5372	5373	5375	5374
5374	5375	5377	5376
5376	5377	5379	5378
5378	5379	5381	5380
5380	5381	5383	5382
5382	5383	5385	5384
5384	5385	5387	5386
5386	5387	5389	5388
5388	5389	5391	5390
5390	5391	5393	5392
5392	5393	5395	5394
5394	5395	5397	5396
5396	5397	5399	5398
5398	5399	5401	5400
5400	5401	5403	5402
5402	5403	5405	5404
5404	5405	5407	5406
5406	5407	5409	5408
5408	5409	5411	5410
5410	5411	5413	5412
5412	5413	5415	5414
5414	5415	5417	5416
5416	5417	5419	5418
5418	5419	5421	5420
5420	5421	5423	5422
5422	5423	5425	5424
5424	5425	5427	5426
5426	5427	5429	5428
5428	5429	5431	5430
5430	5431	5433	5432
5432	5433	5435	5434
5434	5435	5437	5436
5436	5437	5439	5438
5438	5439	5441	5440
5440	5441	5443	5442
5442	5443	5445	5444
5444	5445	5447	5446
5446	5447	5449	5448
5448	5449	5451	5450
5450	5451	5453	5452
5452	5453	5455	5454
5454	5455	5457	5456
5456	5457	5459	5458
5458	5459	5461	5460
5460	5461	5463	5462
5462	5463	5465	5464
5464	5465	5467	5466
5466	5467	5469	5468
5468	5469	5471	5470
5470	5471	5473	5472
5472	5473	5475	5474
5474	5475	5477	5476
5476	5477	5479	5478
5478	5479	5481	5480
5480	5481	5483	5482
5482	5483	5485	5484
5484	5485	5487	5486
5486	5487	5489	5488
5488	5489	5491	5490
5490	5491	5493	5492
5492	5493	5495	5494
5494	5495	5497	5496
5496	5497	5499	5498
5498	5499	5501	5500
5500	5501	5503	5502
5502	5503	5505	5504
5504	5505	5507	5506
5506	5507	5509	5508
5508	5509	5511	5510
5510	5511	5513	5512
5512	5513	5515	5514
5514	5515	5517	5516
5516	5517	5519	5518
5518	5519	5521	5520
5520	5521	5523	5522
5522	5523	5525	5524
5524	5525	5527	5526
5526	5527	5529	5528
5528	5529	5531	5530
5530	5531	5533	5532
5532	5533	5535	5534
5534	5535	5537	5536
5536	5537	5539	5538
5538	5539	5541	5540
5540	5541	5543	5542
5542	5543	5545	5544
5544	5545	5547	5546
5546	5547	5549	5548
5548	5549	5551	5550
5550	5551	5553	5552
5552	5553	5555	5554
5554	5555	5557	5556
5556	5557	5559	5558
5558	5559	5561	5560
5560	5561	5563	5562
5562	5563	5565	5564
5564	5565	5567	5566
5566	5567	5569	5568
5568	5569	5571	5570
5570	5571	5573	5572
5572	5573	5575	5574
5574	5575	5577	5576
5576	5577	5579	5578
5578	5579	5581	5580
5580	5581	5583	5582
5582	5583	5585	5584
5584	5585	5587	5586
5586	5587	5589	5588
5588	5589	5591	5590
5590	5591	5593	5592
5592	5593	5595	5594
5594	5595	5597	5596
5596	5597	5599	5598
5598	5599	5601	5600
5600	5601	5603	5602
5602	5603	5605	5604
5604	5605	5607	5606
5606	5607	5609	5608
5608	5609	5611	5610
5610	5611	5613	5612
5612	5613	5615	5614
5614	5615	5617	5616
5616	5617	5619	5618
5618	5619	5621	5620
5620	5621	5623	5622
5622	5623	5625	5624
5624	5625	5627	5626
5626	5627	5629	5628
5628	5629	5631	5630
5630	5631	5633	5632
5632	5633	5635	5634
5634	5635	5637	5636
5636	5637	5639	5638
5638	5639	5641	5640
5640	5641	5643	5642
5642	5643	5645	5644
5644	5645	5647	5646
5646	5647	5649	5648
5648	5649	5651	5650
5650	5651	5653	5652
5652	5653	5655	5654
5654	5655	5657	5656
5656	5657	5659	5658
5658	5659	5661	5660
5660	5661	5663	5662
5662	5663	5665	5664
5664	5665	5667	5666
5666	5667	5669	5668
5668	5669	5671	5670
5670	5671	5673	5672
5672	5673	5675	5674
5674	5675	5677	5676
5676	5677	5679	5678
5678	5679	5681	5680
5680	5681	5683	5682
5682	5683	5685	5684
5684	5685	5687	5686
5686	5687	5689	5688
5688	5689	5691	5690
5690	5691	5693	5692
5692	5693	5695	5694
5694	5695	5697	5696
5696	5697	5699	5698
5698	5699	5701	5700
5700	5701	5703	5702
5702	5703	5705	5704
5704	5705	5707	5706
5706	5707	5709	5708
5708	5709	5711	5710
5710	5711	5713	5712
5712	5713	5715	5714
5714	5715	5717	5716
5716	5717	5719	5718
5718	5719	5721	5720
5720	5721	5723	5722
5722	5723	5725	5724
5724	5725	5727	5726
5726	5727	5729	5728
5728	5729	5731	5730
5730	5731	5733	5732
5732	5733	5735	5734
5734	5735	5737	5736
5736	5737	5739	5738
5738	5739	5741	5740
5740	5741	5743	5742
5742	5743	5745	5744
5744	5745	5747	5746
5746	5747	5749	5748
5748	5749	5751	5750
5750	5751	5753	5752
5752	5753	5755	5754
5754	5755	5757	5756
5756	5757	5759	5758
5758	5759	5761	5760
5760	5761	5763	5762
5762	5763	5765	5764
5764	5765	5767	5766
5766	5767	5769	5768
5768	5769	5771	5770
5770	5771	5773	5772
5772	5773	5775	5774
5774	5775	5777	5776
5776	5777	5779	5778
5778	5779	5781	5780
5780	5781	5783	5782
5782	5783	5785	5784
5784	5785	5787	5786
5786	5787	5789	5788
5788	5789	5791	5790
5790	5791	5793	5792
5792	5793	5795	5794
5794	5795	5797	5796
5796	5797	5799	5798
5798	5799	5801	5800
5800	5801	5803	5802
5802	5803	5805	5804
5804	5805	5807	5806
5806	5807	5809	5808
5808	5809	5811	5810
5810	5811	5813	5812
5812	5813	5815	5814
5814	5815	5817	5816
5816	5817	5819	5818
5818	5819	5821	5820
5820	5821	5823	5822
5822	5823	5825	5824
5824	5825	5827	5826
5826	5827	5829	5828
5828	5829	5831	5830
5830	5831	5833	5832
5832	5833	5835	5834
5834	5835	5837	5836
5836	5837	5839	5838
5838	5839	5841	5840
5840	5841	5843	5842
5842	5843	5845	5844
5844	5845	5847	5846
5846	5847	5849	5848
5848	5849	5851	5850
5850	5851	5853	5852
5852	5853	5855	5854
5854	5855	5857	5856
5856	5857	5859	5858
5858	5859	5861	5860
5860	5861	5863	5862
5862	5863	5865	5864
5864	5865	5867	5866
5866	5867	5869	5868
5868	5869	5871	5870
5870	5871	5873	5872
5872	5873	5875	5874
5874	5875	5877	5876
5876	5877	5879	5878
5878	5879	5881	5880
5880	5881	5883	5882
5882	5883	5885	5884
5884	5885	5887	5886
5886	5887	5889	5888
5888	5889	5891	5890
5890	5891	5893	5892
5892	5893	5895	5894
5894	5895	5897	5896
5896	5897	5899	5898
5898	5899	5901	5900
5900	5901	5903	5902
5902	5903	5905	5904
5904	5905	5907	5906
5906	5907	5909	5908
5908	5909	5911	5910
5910	5911	5913	5912
5912	5913	5915	5914
5914	5915	5917	5916
5916	5917	5919	5918
5918	5919	5921	5920
5920	5921	5923	5922
5922	5923	5925	5924
5924	5925	5927	5926
5926	5927	5929	5928
5928	5929	5931	5930
5930	5931	5933	5932
5932	5933	5935	5934
5934	5935	5937	5936
5936	5937	5939	5938
5938	5939	5941	5940
5940	5941	5943	5942
5942	5943	5945	5944
5944	5945	5947	5946
5946	5947	5949	5948
5948	5949	5951	5950
5950	5951	5953	5952
5952	5953	5955	5954
5954	5955	5957	5956
5956	5957	5959	5958
5958	5959	5961	5960
5960	5961	5963	5962
5962	5963	5965	5964
5964	5965	5967	5966
5966	5967	5969	5968
5968	5969	5971	5970
5970	5971	5973	5972
5972	5973	5975	5974
5974	5975	5977	5976
5976	5977	5979	5978
5978	5979	5981	5980
5980	5981	5983	5982
5982	5983	5985	5984
5984	5985	5987	5986
5986	5987	5989	5988
5988	5989	5991	5990
5990	5991	5993	5992
5992	5993	5995	5994
5994	5995	5997	5996
5996	5997	5999	5998
5998	5999	6001	6000
