0	0
1	0
2	1
3	1
4	2
5	2
6	3
7	3
8	4
9	4
10	5
11	5
12	6
13	6
14	7
15	7
16	8
17	8
18	9
19	9
20	10
21	10
22	11
23	11
24	12
25	12
26	13
27	13
28	14
29	14
30	15
31	15
32	16
33	16
34	17
35	17
36	18
37	18
38	19
39	19
40	20
41	20
42	21
43	21
44	22
45	22
46	23
47	23
48	24
49	24
50	25
51	25
52	26
53	26
54	27
55	27
56	28
57	28
58	29
59	29
60	30
61	30
62	31
63	31
64	32
65	32
66	33
67	33
68	34
69	34
70	35
71	35
72	36
73	36
74	37
75	37
76	38
77	38
78	39
79	39
80	40
81	40
82	41
83	41
84	42
85	42
86	43
87	43
88	44
89	44
90	45
91	45
92	46
93	46
94	47
95	47
96	48
97	48
98	49
99	49
100	0
101	0
102	1
103	1
104	2
105	2
106	3
107	3
108	4
109	4
110	5
111	5
112	6
113	6
114	7
115	7
116	8
117	8
118	9
119	9
120	10
121	10
122	11
123	11
124	12
125	12
126	13
127	13
128	14
129	14
130	15
131	15
132	16
133	16
134	17
135	17
136	18
137	18
138	19
139	19
140	20
141	20
142	21
143	21
144	22
145	22
146	23
147	23
148	24
149	24
150	25
151	25
152	26
153	26
154	27
155	27
156	28
157	28
158	29
159	29
160	30
161	30
162	31
163	31
164	32
165	32
166	33
167	33
168	34
169	34
170	35
171	35
172	36
173	36
174	37
175	37
176	38
177	38
178	39
179	39
180	40
181	40
182	41
183	41
184	42
185	42
186	43
187	43
188	44
189	44
190	45
191	45
192	46
193	46
194	47
195	47
196	48
197	48
198	49
199	49
200	200
201	200
202	201
203	201
204	202
205	202
206	203
207	203
208	204
209	204
210	205
211	205
212	206
213	206
214	207
215	207
216	208
217	208
218	209
219	209
220	210
221	210
222	211
223	211
224	212
225	212
226	213
227	213
228	214
229	214
230	215
231	215
232	216
233	216
234	217
235	217
236	218
237	218
238	219
239	219
240	220
241	220
242	221
243	221
244	222
245	222
246	223
247	223
248	224
249	224
250	225
251	225
252	226
253	226
254	227
255	227
256	228
257	228
258	229
259	229
260	230
261	230
262	231
263	231
264	232
265	232
266	233
267	233
268	234
269	234
270	235
271	235
272	236
273	236
274	237
275	237
276	238
277	238
278	239
279	239
280	240
281	240
282	241
283	241
284	242
285	242
286	243
287	243
288	244
289	244
290	245
291	245
292	246
293	246
294	247
295	247
296	248
297	248
298	249
299	249
300	200
301	200
302	201
303	201
304	202
305	202
306	203
307	203
308	204
309	204
310	205
311	205
312	206
313	206
314	207
315	207
316	208
317	208
318	209
319	209
320	210
321	210
322	211
323	211
324	212
325	212
326	213
327	213
328	214
329	214
330	215
331	215
332	216
333	216
334	217
335	217
336	218
337	218
338	219
339	219
340	220
341	220
342	221
343	221
344	222
345	222
346	223
347	223
348	224
349	224
350	225
351	225
352	226
353	226
354	227
355	227
356	228
357	228
358	229
359	229
360	230
361	230
362	231
363	231
364	232
365	232
366	233
367	233
368	234
369	234
370	235
371	235
372	236
373	236
374	237
375	237
376	238
377	238
378	239
379	239
380	240
381	240
382	241
383	241
384	242
385	242
386	243
387	243
388	244
389	244
390	245
391	245
392	246
393	246
394	247
395	247
396	248
397	248
398	249
399	249
400	400
401	400
402	401
403	401
404	402
405	402
406	403
407	403
408	404
409	404
410	405
411	405
412	406
413	406
414	407
415	407
416	408
417	408
418	409
419	409
420	410
421	410
422	411
423	411
424	412
425	412
426	413
427	413
428	414
429	414
430	415
431	415
432	416
433	416
434	417
435	417
436	418
437	418
438	419
439	419
440	420
441	420
442	421
443	421
444	422
445	422
446	423
447	423
448	424
449	424
450	425
451	425
452	426
453	426
454	427
455	427
456	428
457	428
458	429
459	429
460	430
461	430
462	431
463	431
464	432
465	432
466	433
467	433
468	434
469	434
470	435
471	435
472	436
473	436
474	437
475	437
476	438
477	438
478	439
479	439
480	440
481	440
482	441
483	441
484	442
485	442
486	443
487	443
488	444
489	444
490	445
491	445
492	446
493	446
494	447
495	447
496	448
497	448
498	449
499	449
500	400
501	400
502	401
503	401
504	402
505	402
506	403
507	403
508	404
509	404
510	405
511	405
512	406
513	406
514	407
515	407
516	408
517	408
518	409
519	409
520	410
521	410
522	411
523	411
524	412
525	412
526	413
527	413
528	414
529	414
530	415
531	415
532	416
533	416
534	417
535	417
536	418
537	418
538	419
539	419
540	420
541	420
542	421
543	421
544	422
545	422
546	423
547	423
548	424
549	424
550	425
551	425
552	426
553	426
554	427
555	427
556	428
557	428
558	429
559	429
560	430
561	430
562	431
563	431
564	432
565	432
566	433
567	433
568	434
569	434
570	435
571	435
572	436
573	436
574	437
575	437
576	438
577	438
578	439
579	439
580	440
581	440
582	441
583	441
584	442
585	442
586	443
587	443
588	444
589	444
590	445
591	445
592	446
593	446
594	447
595	447
596	448
597	448
598	449
599	449
600	600
601	600
602	601
603	601
604	602
605	602
606	603
607	603
608	604
609	604
610	605
611	605
612	606
613	606
614	607
615	607
616	608
617	608
618	609
619	609
620	610
621	610
622	611
623	611
624	612
625	612
626	613
627	613
628	614
629	614
630	615
631	615
632	616
633	616
634	617
635	617
636	618
637	618
638	619
639	619
640	620
641	620
642	621
643	621
644	622
645	622
646	623
647	623
648	624
649	624
650	625
651	625
652	626
653	626
654	627
655	627
656	628
657	628
658	629
659	629
660	630
661	630
662	631
663	631
664	632
665	632
666	633
667	633
668	634
669	634
670	635
671	635
672	636
673	636
674	637
675	637
676	638
677	638
678	639
679	639
680	640
681	640
682	641
683	641
684	642
685	642
686	643
687	643
688	644
689	644
690	645
691	645
692	646
693	646
694	647
695	647
696	648
697	648
698	649
699	649
700	600
701	600
702	601
703	601
704	602
705	602
706	603
707	603
708	604
709	604
710	605
711	605
712	606
713	606
714	607
715	607
716	608
717	608
718	609
719	609
720	610
721	610
722	611
723	611
724	612
725	612
726	613
727	613
728	614
729	614
730	615
731	615
732	616
733	616
734	617
735	617
736	618
737	618
738	619
739	619
740	620
741	620
742	621
743	621
744	622
745	622
746	623
747	623
748	624
749	624
750	625
751	625
752	626
753	626
754	627
755	627
756	628
757	628
758	629
759	629
760	630
761	630
762	631
763	631
764	632
765	632
766	633
767	633
768	634
769	634
770	635
771	635
772	636
773	636
774	637
775	637
776	638
777	638
778	639
779	639
780	640
781	640
782	641
783	641
784	642
785	642
786	643
787	643
788	644
789	644
790	645
791	645
792	646
793	646
794	647
795	647
796	648
797	648
798	649
799	649
800	800
801	800
802	801
803	801
804	802
805	802
806	803
807	803
808	804
809	804
810	805
811	805
812	806
813	806
814	807
815	807
816	808
817	808
818	809
819	809
820	810
821	810
822	811
823	811
824	812
825	812
826	813
827	813
828	814
829	814
830	815
831	815
832	816
833	816
834	817
835	817
836	818
837	818
838	819
839	819
840	820
841	820
842	821
843	821
844	822
845	822
846	823
847	823
848	824
849	824
850	825
851	825
852	826
853	826
854	827
855	827
856	828
857	828
858	829
859	829
860	830
861	830
862	831
863	831
864	832
865	832
866	833
867	833
868	834
869	834
870	835
871	835
872	836
873	836
874	837
875	837
876	838
877	838
878	839
879	839
880	840
881	840
882	841
883	841
884	842
885	842
886	843
887	843
888	844
889	844
890	845
891	845
892	846
893	846
894	847
895	847
896	848
897	848
898	849
899	849
900	800
901	800
902	801
903	801
904	802
905	802
906	803
907	803
908	804
909	804
910	805
911	805
912	806
913	806
914	807
915	807
916	808
917	808
918	809
919	809
920	810
921	810
922	811
923	811
924	812
925	812
926	813
927	813
928	814
929	814
930	815
931	815
932	816
933	816
934	817
935	817
936	818
937	818
938	819
939	819
940	820
941	820
942	821
943	821
944	822
945	822
946	823
947	823
948	824
949	824
950	825
951	825
952	826
953	826
954	827
955	827
956	828
957	828
958	829
959	829
960	830
961	830
962	831
963	831
964	832
965	832
966	833
967	833
968	834
969	834
970	835
971	835
972	836
973	836
974	837
975	837
976	838
977	838
978	839
979	839
980	840
981	840
982	841
983	841
984	842
985	842
986	843
987	843
988	844
989	844
990	845
991	845
992	846
993	846
994	847
995	847
996	848
997	848
998	849
999	849
1000	1000
1001	1000
1002	1001
1003	1001
1004	1002
1005	1002
1006	1003
1007	1003
1008	1004
1009	1004
1010	1005
1011	1005
1012	1006
1013	1006
1014	1007
1015	1007
1016	1008
1017	1008
1018	1009
1019	1009
1020	1010
1021	1010
1022	1011
1023	1011
1024	1012
1025	1012
1026	1013
1027	1013
1028	1014
1029	1014
1030	1015
1031	1015
1032	1016
1033	1016
1034	1017
1035	1017
1036	1018
1037	1018
1038	1019
1039	1019
1040	1020
1041	1020
1042	1021
1043	1021
1044	1022
1045	1022
1046	1023
1047	1023
1048	1024
1049	1024
1050	1025
1051	1025
1052	1026
1053	1026
1054	1027
1055	1027
1056	1028
1057	1028
1058	1029
1059	1029
1060	1030
1061	1030
1062	1031
1063	1031
1064	1032
1065	1032
1066	1033
1067	1033
1068	1034
1069	1034
1070	1035
1071	1035
1072	1036
1073	1036
1074	1037
1075	1037
1076	1038
1077	1038
1078	1039
1079	1039
1080	1040
1081	1040
1082	1041
1083	1041
1084	1042
1085	1042
1086	1043
1087	1043
1088	1044
1089	1044
1090	1045
1091	1045
1092	1046
1093	1046
1094	1047
1095	1047
1096	1048
1097	1048
1098	1049
1099	1049
1100	1000
1101	1000
1102	1001
1103	1001
1104	1002
1105	1002
1106	1003
1107	1003
1108	1004
1109	1004
1110	1005
1111	1005
1112	1006
1113	1006
1114	1007
1115	1007
1116	1008
1117	1008
1118	1009
1119	1009
1120	1010
1121	1010
1122	1011
1123	1011
1124	1012
1125	1012
1126	1013
1127	1013
1128	1014
1129	1014
1130	1015
1131	1015
1132	1016
1133	1016
1134	1017
1135	1017
1136	1018
1137	1018
1138	1019
1139	1019
1140	1020
1141	1020
1142	1021
1143	1021
1144	1022
1145	1022
1146	1023
1147	1023
1148	1024
1149	1024
1150	1025
1151	1025
1152	1026
1153	1026
1154	1027
1155	1027
1156	1028
1157	1028
1158	1029
1159	1029
1160	1030
1161	1030
1162	1031
1163	1031
1164	1032
1165	1032
1166	1033
1167	1033
1168	1034
1169	1034
1170	1035
1171	1035
1172	1036
1173	1036
1174	1037
1175	1037
1176	1038
1177	1038
1178	1039
1179	1039
1180	1040
1181	1040
1182	1041
1183	1041
1184	1042
1185	1042
1186	1043
1187	1043
1188	1044
1189	1044
1190	1045
1191	1045
1192	1046
1193	1046
1194	1047
1195	1047
1196	1048
1197	1048
1198	1049
1199	1049
1200	1200
1201	1200
1202	1201
1203	1201
1204	1202
1205	1202
1206	1203
1207	1203
1208	1204
1209	1204
1210	1205
1211	1205
1212	1206
1213	1206
1214	1207
1215	1207
1216	1208
1217	1208
1218	1209
1219	1209
1220	1210
1221	1210
1222	1211
1223	1211
1224	1212
1225	1212
1226	1213
1227	1213
1228	1214
1229	1214
1230	1215
1231	1215
1232	1216
1233	1216
1234	1217
1235	1217
1236	1218
1237	1218
1238	1219
1239	1219
1240	1220
1241	1220
1242	1221
1243	1221
1244	1222
1245	1222
1246	1223
1247	1223
1248	1224
1249	1224
1250	1225
1251	1225
1252	1226
1253	1226
1254	1227
1255	1227
1256	1228
1257	1228
1258	1229
1259	1229
1260	1230
1261	1230
1262	1231
1263	1231
1264	1232
1265	1232
1266	1233
1267	1233
1268	1234
1269	1234
1270	1235
1271	1235
1272	1236
1273	1236
1274	1237
1275	1237
1276	1238
1277	1238
1278	1239
1279	1239
1280	1240
1281	1240
1282	1241
1283	1241
1284	1242
1285	1242
1286	1243
1287	1243
1288	1244
1289	1244
1290	1245
1291	1245
1292	1246
1293	1246
1294	1247
1295	1247
1296	1248
1297	1248
1298	1249
1299	1249
1300	1200
1301	1200
1302	1201
1303	1201
1304	1202
1305	1202
1306	1203
1307	1203
1308	1204
1309	1204
1310	1205
1311	1205
1312	1206
1313	1206
1314	1207
1315	1207
1316	1208
1317	1208
1318	1209
1319	1209
1320	1210
1321	1210
1322	1211
1323	1211
1324	1212
1325	1212
1326	1213
1327	1213
1328	1214
1329	1214
1330	1215
1331	1215
1332	1216
1333	1216
1334	1217
1335	1217
1336	1218
1337	1218
1338	1219
1339	1219
1340	1220
1341	1220
1342	1221
1343	1221
1344	1222
1345	1222
1346	1223
1347	1223
1348	1224
1349	1224
1350	1225
1351	1225
1352	1226
1353	1226
1354	1227
1355	1227
1356	1228
1357	1228
1358	1229
1359	1229
1360	1230
1361	1230
1362	1231
1363	1231
1364	1232
1365	1232
1366	1233
1367	1233
1368	1234
1369	1234
1370	1235
1371	1235
1372	1236
1373	1236
1374	1237
1375	1237
1376	1238
1377	1238
1378	1239
1379	1239
1380	1240
1381	1240
1382	1241
1383	1241
1384	1242
1385	1242
1386	1243
1387	1243
1388	1244
1389	1244
1390	1245
1391	1245
1392	1246
1393	1246
1394	1247
1395	1247
1396	1248
1397	1248
1398	1249
1399	1249
1400	1400
1401	1400
1402	1401
1403	1401
1404	1402
1405	1402
1406	1403
1407	1403
1408	1404
1409	1404
1410	1405
1411	1405
1412	1406
1413	1406
1414	1407
1415	1407
1416	1408
1417	1408
1418	1409
1419	1409
1420	1410
1421	1410
1422	1411
1423	1411
1424	1412
1425	1412
1426	1413
1427	1413
1428	1414
1429	1414
1430	1415
1431	1415
1432	1416
1433	1416
1434	1417
1435	1417
1436	1418
1437	1418
1438	1419
1439	1419
1440	1420
1441	1420
1442	1421
1443	1421
1444	1422
1445	1422
1446	1423
1447	1423
1448	1424
1449	1424
1450	1425
1451	1425
1452	1426
1453	1426
1454	1427
1455	1427
1456	1428
1457	1428
1458	1429
1459	1429
1460	1430
1461	1430
1462	1431
1463	1431
1464	1432
1465	1432
1466	1433
1467	1433
1468	1434
1469	1434
1470	1435
1471	1435
1472	1436
1473	1436
1474	1437
1475	1437
1476	1438
1477	1438
1478	1439
1479	1439
1480	1440
1481	1440
1482	1441
1483	1441
1484	1442
1485	1442
1486	1443
1487	1443
1488	1444
1489	1444
1490	1445
1491	1445
1492	1446
1493	1446
1494	1447
1495	1447
1496	1448
1497	1448
1498	1449
1499	1449
1500	1400
1501	1400
1502	1401
1503	1401
1504	1402
1505	1402
1506	1403
1507	1403
1508	1404
1509	1404
1510	1405
1511	1405
1512	1406
1513	1406
1514	1407
1515	1407
1516	1408
1517	1408
1518	1409
1519	1409
1520	1410
1521	1410
1522	1411
1523	1411
1524	1412
1525	1412
1526	1413
1527	1413
1528	1414
1529	1414
1530	1415
1531	1415
1532	1416
1533	1416
1534	1417
1535	1417
1536	1418
1537	1418
1538	1419
1539	1419
1540	1420
1541	1420
1542	1421
1543	1421
1544	1422
1545	1422
1546	1423
1547	1423
1548	1424
1549	1424
1550	1425
1551	1425
1552	1426
1553	1426
1554	1427
1555	1427
1556	1428
1557	1428
1558	1429
1559	1429
1560	1430
1561	1430
1562	1431
1563	1431
1564	1432
1565	1432
1566	1433
1567	1433
1568	1434
1569	1434
1570	1435
1571	1435
1572	1436
1573	1436
1574	1437
1575	1437
1576	1438
1577	1438
1578	1439
1579	1439
1580	1440
1581	1440
1582	1441
1583	1441
1584	1442
1585	1442
1586	1443
1587	1443
1588	1444
1589	1444
1590	1445
1591	1445
1592	1446
1593	1446
1594	1447
1595	1447
1596	1448
1597	1448
1598	1449
1599	1449
1600	1600
1601	1600
1602	1601
1603	1601
1604	1602
1605	1602
1606	1603
1607	1603
1608	1604
1609	1604
1610	1605
1611	1605
1612	1606
1613	1606
1614	1607
1615	1607
1616	1608
1617	1608
1618	1609
1619	1609
1620	1610
1621	1610
1622	1611
1623	1611
1624	1612
1625	1612
1626	1613
1627	1613
1628	1614
1629	1614
1630	1615
1631	1615
1632	1616
1633	1616
1634	1617
1635	1617
1636	1618
1637	1618
1638	1619
1639	1619
1640	1620
1641	1620
1642	1621
1643	1621
1644	1622
1645	1622
1646	1623
1647	1623
1648	1624
1649	1624
1650	1625
1651	1625
1652	1626
1653	1626
1654	1627
1655	1627
1656	1628
1657	1628
1658	1629
1659	1629
1660	1630
1661	1630
1662	1631
1663	1631
1664	1632
1665	1632
1666	1633
1667	1633
1668	1634
1669	1634
1670	1635
1671	1635
1672	1636
1673	1636
1674	1637
1675	1637
1676	1638
1677	1638
1678	1639
1679	1639
1680	1640
1681	1640
1682	1641
1683	1641
1684	1642
1685	1642
1686	1643
1687	1643
1688	1644
1689	1644
1690	1645
1691	1645
1692	1646
1693	1646
1694	1647
1695	1647
1696	1648
1697	1648
1698	1649
1699	1649
1700	1600
1701	1600
1702	1601
1703	1601
1704	1602
1705	1602
1706	1603
1707	1603
1708	1604
1709	1604
1710	1605
1711	1605
1712	1606
1713	1606
1714	1607
1715	1607
1716	1608
1717	1608
1718	1609
1719	1609
1720	1610
1721	1610
1722	1611
1723	1611
1724	1612
1725	1612
1726	1613
1727	1613
1728	1614
1729	1614
1730	1615
1731	1615
1732	1616
1733	1616
1734	1617
1735	1617
1736	1618
1737	1618
1738	1619
1739	1619
1740	1620
1741	1620
1742	1621
1743	1621
1744	1622
1745	1622
1746	1623
1747	1623
1748	1624
1749	1624
1750	1625
1751	1625
1752	1626
1753	1626
1754	1627
1755	1627
1756	1628
1757	1628
1758	1629
1759	1629
1760	1630
1761	1630
1762	1631
1763	1631
1764	1632
1765	1632
1766	1633
1767	1633
1768	1634
1769	1634
1770	1635
1771	1635
1772	1636
1773	1636
1774	1637
1775	1637
1776	1638
1777	1638
1778	1639
1779	1639
1780	1640
1781	1640
1782	1641
1783	1641
1784	1642
1785	1642
1786	1643
1787	1643
1788	1644
1789	1644
1790	1645
1791	1645
1792	1646
1793	1646
1794	1647
1795	1647
1796	1648
1797	1648
1798	1649
1799	1649
1800	1800
1801	1800
1802	1801
1803	1801
1804	1802
1805	1802
1806	1803
1807	1803
1808	1804
1809	1804
1810	1805
1811	1805
1812	1806
1813	1806
1814	1807
1815	1807
1816	1808
1817	1808
1818	1809
1819	1809
1820	1810
1821	1810
1822	1811
1823	1811
1824	1812
1825	1812
1826	1813
1827	1813
1828	1814
1829	1814
1830	1815
1831	1815
1832	1816
1833	1816
1834	1817
1835	1817
1836	1818
1837	1818
1838	1819
1839	1819
1840	1820
1841	1820
1842	1821
1843	1821
1844	1822
1845	1822
1846	1823
1847	1823
1848	1824
1849	1824
1850	1825
1851	1825
1852	1826
1853	1826
1854	1827
1855	1827
1856	1828
1857	1828
1858	1829
1859	1829
1860	1830
1861	1830
1862	1831
1863	1831
1864	1832
1865	1832
1866	1833
1867	1833
1868	1834
1869	1834
1870	1835
1871	1835
1872	1836
1873	1836
1874	1837
1875	1837
1876	1838
1877	1838
1878	1839
1879	1839
1880	1840
1881	1840
1882	1841
1883	1841
1884	1842
1885	1842
1886	1843
1887	1843
1888	1844
1889	1844
1890	1845
1891	1845
1892	1846
1893	1846
1894	1847
1895	1847
1896	1848
1897	1848
1898	1849
1899	1849
1900	1800
1901	1800
1902	1801
1903	1801
1904	1802
1905	1802
1906	1803
1907	1803
1908	1804
1909	1804
1910	1805
1911	1805
1912	1806
1913	1806
1914	1807
1915	1807
1916	1808
1917	1808
1918	1809
1919	1809
1920	1810
1921	1810
1922	1811
1923	1811
1924	1812
1925	1812
1926	1813
1927	1813
1928	1814
1929	1814
1930	1815
1931	1815
1932	1816
1933	1816
1934	1817
1935	1817
1936	1818
1937	1818
1938	1819
1939	1819
1940	1820
1941	1820
1942	1821
1943	1821
1944	1822
1945	1822
1946	1823
1947	1823
1948	1824
1949	1824
1950	1825
1951	1825
1952	1826
1953	1826
1954	1827
1955	1827
1956	1828
1957	1828
1958	1829
1959	1829
1960	1830
1961	1830
1962	1831
1963	1831
1964	1832
1965	1832
1966	1833
1967	1833
1968	1834
1969	1834
1970	1835
1971	1835
1972	1836
1973	1836
1974	1837
1975	1837
1976	1838
1977	1838
1978	1839
1979	1839
1980	1840
1981	1840
1982	1841
1983	1841
1984	1842
1985	1842
1986	1843
1987	1843
1988	1844
1989	1844
1990	1845
1991	1845
1992	1846
1993	1846
1994	1847
1995	1847
1996	1848
1997	1848
1998	1849
1999	1849
2000	2000
2001	2000
2002	2001
2003	2001
2004	2002
2005	2002
2006	2003
2007	2003
2008	2004
2009	2004
2010	2005
2011	2005
2012	2006
2013	2006
2014	2007
2015	2007
2016	2008
2017	2008
2018	2009
2019	2009
2020	2010
2021	2010
2022	2011
2023	2011
2024	2012
2025	2012
2026	2013
2027	2013
2028	2014
2029	2014
2030	2015
2031	2015
2032	2016
2033	2016
2034	2017
2035	2017
2036	2018
2037	2018
2038	2019
2039	2019
2040	2020
2041	2020
2042	2021
2043	2021
2044	2022
2045	2022
2046	2023
2047	2023
2048	2024
2049	2024
2050	2025
2051	2025
2052	2026
2053	2026
2054	2027
2055	2027
2056	2028
2057	2028
2058	2029
2059	2029
2060	2030
2061	2030
2062	2031
2063	2031
2064	2032
2065	2032
2066	2033
2067	2033
2068	2034
2069	2034
2070	2035
2071	2035
2072	2036
2073	2036
2074	2037
2075	2037
2076	2038
2077	2038
2078	2039
2079	2039
2080	2040
2081	2040
2082	2041
2083	2041
2084	2042
2085	2042
2086	2043
2087	2043
2088	2044
2089	2044
2090	2045
2091	2045
2092	2046
2093	2046
2094	2047
2095	2047
2096	2048
2097	2048
2098	2049
2099	2049
2100	2000
2101	2000
2102	2001
2103	2001
2104	2002
2105	2002
2106	2003
2107	2003
2108	2004
2109	2004
2110	2005
2111	2005
2112	2006
2113	2006
2114	2007
2115	2007
2116	2008
2117	2008
2118	2009
2119	2009
2120	2010
2121	2010
2122	2011
2123	2011
2124	2012
2125	2012
2126	2013
2127	2013
2128	2014
2129	2014
2130	2015
2131	2015
2132	2016
2133	2016
2134	2017
2135	2017
2136	2018
2137	2018
2138	2019
2139	2019
2140	2020
2141	2020
2142	2021
2143	2021
2144	2022
2145	2022
2146	2023
2147	2023
2148	2024
2149	2024
2150	2025
2151	2025
2152	2026
2153	2026
2154	2027
2155	2027
2156	2028
2157	2028
2158	2029
2159	2029
2160	2030
2161	2030
2162	2031
2163	2031
2164	2032
2165	2032
2166	2033
2167	2033
2168	2034
2169	2034
2170	2035
2171	2035
2172	2036
2173	2036
2174	2037
2175	2037
2176	2038
2177	2038
2178	2039
2179	2039
2180	2040
2181	2040
2182	2041
2183	2041
2184	2042
2185	2042
2186	2043
2187	2043
2188	2044
2189	2044
2190	2045
2191	2045
2192	2046
2193	2046
2194	2047
2195	2047
2196	2048
2197	2048
2198	2049
2199	2049
2200	2200
2201	2200
2202	2201
2203	2201
2204	2202
2205	2202
2206	2203
2207	2203
2208	2204
2209	2204
2210	2205
2211	2205
2212	2206
2213	2206
2214	2207
2215	2207
2216	2208
2217	2208
2218	2209
2219	2209
2220	2210
2221	2210
2222	2211
2223	2211
2224	2212
2225	2212
2226	2213
2227	2213
2228	2214
2229	2214
2230	2215
2231	2215
2232	2216
2233	2216
2234	2217
2235	2217
2236	2218
2237	2218
2238	2219
2239	2219
2240	2220
2241	2220
2242	2221
2243	2221
2244	2222
2245	2222
2246	2223
2247	2223
2248	2224
2249	2224
2250	2225
2251	2225
2252	2226
2253	2226
2254	2227
2255	2227
2256	2228
2257	2228
2258	2229
2259	2229
2260	2230
2261	2230
2262	2231
2263	2231
2264	2232
2265	2232
2266	2233
2267	2233
2268	2234
2269	2234
2270	2235
2271	2235
2272	2236
2273	2236
2274	2237
2275	2237
2276	2238
2277	2238
2278	2239
2279	2239
2280	2240
2281	2240
2282	2241
2283	2241
2284	2242
2285	2242
2286	2243
2287	2243
2288	2244
2289	2244
2290	2245
2291	2245
2292	2246
2293	2246
2294	2247
2295	2247
2296	2248
2297	2248
2298	2249
2299	2249
2300	2200
2301	2200
2302	2201
2303	2201
2304	2202
2305	2202
2306	2203
2307	2203
2308	2204
2309	2204
2310	2205
2311	2205
2312	2206
2313	2206
2314	2207
2315	2207
2316	2208
2317	2208
2318	2209
2319	2209
2320	2210
2321	2210
2322	2211
2323	2211
2324	2212
2325	2212
2326	2213
2327	2213
2328	2214
2329	2214
2330	2215
2331	2215
2332	2216
2333	2216
2334	2217
2335	2217
2336	2218
2337	2218
2338	2219
2339	2219
2340	2220
2341	2220
2342	2221
2343	2221
2344	2222
2345	2222
2346	2223
2347	2223
2348	2224
2349	2224
2350	2225
2351	2225
2352	2226
2353	2226
2354	2227
2355	2227
2356	2228
2357	2228
2358	2229
2359	2229
2360	2230
2361	2230
2362	2231
2363	2231
2364	2232
2365	2232
2366	2233
2367	2233
2368	2234
2369	2234
2370	2235
2371	2235
2372	2236
2373	2236
2374	2237
2375	2237
2376	2238
2377	2238
2378	2239
2379	2239
2380	2240
2381	2240
2382	2241
2383	2241
2384	2242
2385	2242
2386	2243
2387	2243
2388	2244
2389	2244
2390	2245
2391	2245
2392	2246
2393	2246
2394	2247
2395	2247
2396	2248
2397	2248
2398	2249
2399	2249
2400	2400
2401	2400
2402	2401
2403	2401
2404	2402
2405	2402
2406	2403
2407	2403
2408	2404
2409	2404
2410	2405
2411	2405
2412	2406
2413	2406
2414	2407
2415	2407
2416	2408
2417	2408
2418	2409
2419	2409
2420	2410
2421	2410
2422	2411
2423	2411
2424	2412
2425	2412
2426	2413
2427	2413
2428	2414
2429	2414
2430	2415
2431	2415
2432	2416
2433	2416
2434	2417
2435	2417
2436	2418
2437	2418
2438	2419
2439	2419
2440	2420
2441	2420
2442	2421
2443	2421
2444	2422
2445	2422
2446	2423
2447	2423
2448	2424
2449	2424
2450	2425
2451	2425
2452	2426
2453	2426
2454	2427
2455	2427
2456	2428
2457	2428
2458	2429
2459	2429
2460	2430
2461	2430
2462	2431
2463	2431
2464	2432
2465	2432
2466	2433
2467	2433
2468	2434
2469	2434
2470	2435
2471	2435
2472	2436
2473	2436
2474	2437
2475	2437
2476	2438
2477	2438
2478	2439
2479	2439
2480	2440
2481	2440
2482	2441
2483	2441
2484	2442
2485	2442
2486	2443
2487	2443
2488	2444
2489	2444
2490	2445
2491	2445
2492	2446
2493	2446
2494	2447
2495	2447
2496	2448
2497	2448
2498	2449
2499	2449
2500	2400
2501	2400
2502	2401
2503	2401
2504	2402
2505	2402
2506	2403
2507	2403
2508	2404
2509	2404
2510	2405
2511	2405
2512	2406
2513	2406
2514	2407
2515	2407
2516	2408
2517	2408
2518	2409
2519	2409
2520	2410
2521	2410
2522	2411
2523	2411
2524	2412
2525	2412
2526	2413
2527	2413
2528	2414
2529	2414
2530	2415
2531	2415
2532	2416
2533	2416
2534	2417
2535	2417
2536	2418
2537	2418
2538	2419
2539	2419
2540	2420
2541	2420
2542	2421
2543	2421
2544	2422
2545	2422
2546	2423
2547	2423
2548	2424
2549	2424
2550	2425
2551	2425
2552	2426
2553	2426
2554	2427
2555	2427
2556	2428
2557	2428
2558	2429
2559	2429
2560	2430
2561	2430
2562	2431
2563	2431
2564	2432
2565	2432
2566	2433
2567	2433
2568	2434
2569	2434
2570	2435
2571	2435
2572	2436
2573	2436
2574	2437
2575	2437
2576	2438
2577	2438
2578	2439
2579	2439
2580	2440
2581	2440
2582	2441
2583	2441
2584	2442
2585	2442
2586	2443
2587	2443
2588	2444
2589	2444
2590	2445
2591	2445
2592	2446
2593	2446
2594	2447
2595	2447
2596	2448
2597	2448
2598	2449
2599	2449
2600	2600
2601	2600
2602	2601
2603	2601
2604	2602
2605	2602
2606	2603
2607	2603
2608	2604
2609	2604
2610	2605
2611	2605
2612	2606
2613	2606
2614	2607
2615	2607
2616	2608
2617	2608
2618	2609
2619	2609
2620	2610
2621	2610
2622	2611
2623	2611
2624	2612
2625	2612
2626	2613
2627	2613
2628	2614
2629	2614
2630	2615
2631	2615
2632	2616
2633	2616
2634	2617
2635	2617
2636	2618
2637	2618
2638	2619
2639	2619
2640	2620
2641	2620
2642	2621
2643	2621
2644	2622
2645	2622
2646	2623
2647	2623
2648	2624
2649	2624
2650	2625
2651	2625
2652	2626
2653	2626
2654	2627
2655	2627
2656	2628
2657	2628
2658	2629
2659	2629
2660	2630
2661	2630
2662	2631
2663	2631
2664	2632
2665	2632
2666	2633
2667	2633
2668	2634
2669	2634
2670	2635
2671	2635
2672	2636
2673	2636
2674	2637
2675	2637
2676	2638
2677	2638
2678	2639
2679	2639
2680	2640
2681	2640
2682	2641
2683	2641
2684	2642
2685	2642
2686	2643
2687	2643
2688	2644
2689	2644
2690	2645
2691	2645
2692	2646
2693	2646
2694	2647
2695	2647
2696	2648
2697	2648
2698	2649
2699	2649
2700	2600
2701	2600
2702	2601
2703	2601
2704	2602
2705	2602
2706	2603
2707	2603
2708	2604
2709	2604
2710	2605
2711	2605
2712	2606
2713	2606
2714	2607
2715	2607
2716	2608
2717	2608
2718	2609
2719	2609
2720	2610
2721	2610
2722	2611
2723	2611
2724	2612
2725	2612
2726	2613
2727	2613
2728	2614
2729	2614
2730	2615
2731	2615
2732	2616
2733	2616
2734	2617
2735	2617
2736	2618
2737	2618
2738	2619
2739	2619
2740	2620
2741	2620
2742	2621
2743	2621
2744	2622
2745	2622
2746	2623
2747	2623
2748	2624
2749	2624
2750	2625
2751	2625
2752	2626
2753	2626
2754	2627
2755	2627
2756	2628
2757	2628
2758	2629
2759	2629
2760	2630
2761	2630
2762	2631
2763	2631
2764	2632
2765	2632
2766	2633
2767	2633
2768	2634
2769	2634
2770	2635
2771	2635
2772	2636
2773	2636
2774	2637
2775	2637
2776	2638
2777	2638
2778	2639
2779	2639
2780	2640
2781	2640
2782	2641
2783	2641
2784	2642
2785	2642
2786	2643
2787	2643
2788	2644
2789	2644
2790	2645
2791	2645
2792	2646
2793	2646
2794	2647
2795	2647
2796	2648
2797	2648
2798	2649
2799	2649
2800	2800
2801	2800
2802	2801
2803	2801
2804	2802
2805	2802
2806	2803
2807	2803
2808	2804
2809	2804
2810	2805
2811	2805
2812	2806
2813	2806
2814	2807
2815	2807
2816	2808
2817	2808
2818	2809
2819	2809
2820	2810
2821	2810
2822	2811
2823	2811
2824	2812
2825	2812
2826	2813
2827	2813
2828	2814
2829	2814
2830	2815
2831	2815
2832	2816
2833	2816
2834	2817
2835	2817
2836	2818
2837	2818
2838	2819
2839	2819
2840	2820
2841	2820
2842	2821
2843	2821
2844	2822
2845	2822
2846	2823
2847	2823
2848	2824
2849	2824
2850	2825
2851	2825
2852	2826
2853	2826
2854	2827
2855	2827
2856	2828
2857	2828
2858	2829
2859	2829
2860	2830
2861	2830
2862	2831
2863	2831
2864	2832
2865	2832
2866	2833
2867	2833
2868	2834
2869	2834
2870	2835
2871	2835
2872	2836
2873	2836
2874	2837
2875	2837
2876	2838
2877	2838
2878	2839
2879	2839
2880	2840
2881	2840
2882	2841
2883	2841
2884	2842
2885	2842
2886	2843
2887	2843
2888	2844
2889	2844
2890	2845
2891	2845
2892	2846
2893	2846
2894	2847
2895	2847
2896	2848
2897	2848
2898	2849
2899	2849
2900	2800
2901	2800
2902	2801
2903	2801
2904	2802
2905	2802
2906	2803
2907	2803
2908	2804
2909	2804
2910	2805
2911	2805
2912	2806
2913	2806
2914	2807
2915	2807
2916	2808
2917	2808
2918	2809
2919	2809
2920	2810
2921	2810
2922	2811
2923	2811
2924	2812
2925	2812
2926	2813
2927	2813
2928	2814
2929	2814
2930	2815
2931	2815
2932	2816
2933	2816
2934	2817
2935	2817
2936	2818
2937	2818
2938	2819
2939	2819
2940	2820
2941	2820
2942	2821
2943	2821
2944	2822
2945	2822
2946	2823
2947	2823
2948	2824
2949	2824
2950	2825
2951	2825
2952	2826
2953	2826
2954	2827
2955	2827
2956	2828
2957	2828
2958	2829
2959	2829
2960	2830
2961	2830
2962	2831
2963	2831
2964	2832
2965	2832
2966	2833
2967	2833
2968	2834
2969	2834
2970	2835
2971	2835
2972	2836
2973	2836
2974	2837
2975	2837
2976	2838
2977	2838
2978	2839
2979	2839
2980	2840
2981	2840
2982	2841
2983	2841
2984	2842
2985	2842
2986	2843
2987	2843
2988	2844
2989	2844
2990	2845
2991	2845
2992	2846
2993	2846
2994	2847
2995	2847
2996	2848
2997	2848
2998	2849
2999	2849
3000	3000
3001	3000
3002	3001
3003	3001
3004	3002
3005	3002
3006	3003
3007	3003
3008	3004
3009	3004
3010	3005
3011	3005
3012	3006
3013	3006
3014	3007
3015	3007
3016	3008
3017	3008
3018	3009
3019	3009
3020	3010
3021	3010
3022	3011
3023	3011
3024	3012
3025	3012
3026	3013
3027	3013
3028	3014
3029	3014
3030	3015
3031	3015
3032	3016
3033	3016
3034	3017
3035	3017
3036	3018
3037	3018
3038	3019
3039	3019
3040	3020
3041	3020
3042	3021
3043	3021
3044	3022
3045	3022
3046	3023
3047	3023
3048	3024
3049	3024
3050	3025
3051	3025
3052	3026
3053	3026
3054	3027
3055	3027
3056	3028
3057	3028
3058	3029
3059	3029
3060	3030
3061	3030
3062	3031
3063	3031
3064	3032
3065	3032
3066	3033
3067	3033
3068	3034
3069	3034
3070	3035
3071	3035
3072	3036
3073	3036
3074	3037
3075	3037
3076	3038
3077	3038
3078	3039
3079	3039
3080	3040
3081	3040
3082	3041
3083	3041
3084	3042
3085	3042
3086	3043
3087	3043
3088	3044
3089	3044
3090	3045
3091	3045
3092	3046
3093	3046
3094	3047
3095	3047
3096	3048
3097	3048
3098	3049
3099	3049
3100	3000
3101	3000
3102	3001
3103	3001
3104	3002
3105	3002
3106	3003
3107	3003
3108	3004
3109	3004
3110	3005
3111	3005
3112	3006
3113	3006
3114	3007
3115	3007
3116	3008
3117	3008
3118	3009
3119	3009
3120	3010
3121	3010
3122	3011
3123	3011
3124	3012
3125	3012
3126	3013
3127	3013
3128	3014
3129	3014
3130	3015
3131	3015
3132	3016
3133	3016
3134	3017
3135	3017
3136	3018
3137	3018
3138	3019
3139	3019
3140	3020
3141	3020
3142	3021
3143	3021
3144	3022
3145	3022
3146	3023
3147	3023
3148	3024
3149	3024
3150	3025
3151	3025
3152	3026
3153	3026
3154	3027
3155	3027
3156	3028
3157	3028
3158	3029
3159	3029
3160	3030
3161	3030
3162	3031
3163	3031
3164	3032
3165	3032
3166	3033
3167	3033
3168	3034
3169	3034
3170	3035
3171	3035
3172	3036
3173	3036
3174	3037
3175	3037
3176	3038
3177	3038
3178	3039
3179	3039
3180	3040
3181	3040
3182	3041
3183	3041
3184	3042
3185	3042
3186	3043
3187	3043
3188	3044
3189	3044
3190	3045
3191	3045
3192	3046
3193	3046
3194	3047
3195	3047
3196	3048
3197	3048
3198	3049
3199	3049
3200	3200
3201	3200
3202	3201
3203	3201
3204	3202
3205	3202
3206	3203
3207	3203
3208	3204
3209	3204
3210	3205
3211	3205
3212	3206
3213	3206
3214	3207
3215	3207
3216	3208
3217	3208
3218	3209
3219	3209
3220	3210
3221	3210
3222	3211
3223	3211
3224	3212
3225	3212
3226	3213
3227	3213
3228	3214
3229	3214
3230	3215
3231	3215
3232	3216
3233	3216
3234	3217
3235	3217
3236	3218
3237	3218
3238	3219
3239	3219
3240	3220
3241	3220
3242	3221
3243	3221
3244	3222
3245	3222
3246	3223
3247	3223
3248	3224
3249	3224
3250	3225
3251	3225
3252	3226
3253	3226
3254	3227
3255	3227
3256	3228
3257	3228
3258	3229
3259	3229
3260	3230
3261	3230
3262	3231
3263	3231
3264	3232
3265	3232
3266	3233
3267	3233
3268	3234
3269	3234
3270	3235
3271	3235
3272	3236
3273	3236
3274	3237
3275	3237
3276	3238
3277	3238
3278	3239
3279	3239
3280	3240
3281	3240
3282	3241
3283	3241
3284	3242
3285	3242
3286	3243
3287	3243
3288	3244
3289	3244
3290	3245
3291	3245
3292	3246
3293	3246
3294	3247
3295	3247
3296	3248
3297	3248
3298	3249
3299	3249
3300	3200
3301	3200
3302	3201
3303	3201
3304	3202
3305	3202
3306	3203
3307	3203
3308	3204
3309	3204
3310	3205
3311	3205
3312	3206
3313	3206
3314	3207
3315	3207
3316	3208
3317	3208
3318	3209
3319	3209
3320	3210
3321	3210
3322	3211
3323	3211
3324	3212
3325	3212
3326	3213
3327	3213
3328	3214
3329	3214
3330	3215
3331	3215
3332	3216
3333	3216
3334	3217
3335	3217
3336	3218
3337	3218
3338	3219
3339	3219
3340	3220
3341	3220
3342	3221
3343	3221
3344	3222
3345	3222
3346	3223
3347	3223
3348	3224
3349	3224
3350	3225
3351	3225
3352	3226
3353	3226
3354	3227
3355	3227
3356	3228
3357	3228
3358	3229
3359	3229
3360	3230
3361	3230
3362	3231
3363	3231
3364	3232
3365	3232
3366	3233
3367	3233
3368	3234
3369	3234
3370	3235
3371	3235
3372	3236
3373	3236
3374	3237
3375	3237
3376	3238
3377	3238
3378	3239
3379	3239
3380	3240
3381	3240
3382	3241
3383	3241
3384	3242
3385	3242
3386	3243
3387	3243
3388	3244
3389	3244
3390	3245
3391	3245
3392	3246
3393	3246
3394	3247
3395	3247
3396	3248
3397	3248
3398	3249
3399	3249
3400	3400
3401	3400
3402	3401
3403	3401
3404	3402
3405	3402
3406	3403
3407	3403
3408	3404
3409	3404
3410	3405
3411	3405
3412	3406
3413	3406
3414	3407
3415	3407
3416	3408
3417	3408
3418	3409
3419	3409
3420	3410
3421	3410
3422	3411
3423	3411
3424	3412
3425	3412
3426	3413
3427	3413
3428	3414
3429	3414
3430	3415
3431	3415
3432	3416
3433	3416
3434	3417
3435	3417
3436	3418
3437	3418
3438	3419
3439	3419
3440	3420
3441	3420
3442	3421
3443	3421
3444	3422
3445	3422
3446	3423
3447	3423
3448	3424
3449	3424
3450	3425
3451	3425
3452	3426
3453	3426
3454	3427
3455	3427
3456	3428
3457	3428
3458	3429
3459	3429
3460	3430
3461	3430
3462	3431
3463	3431
3464	3432
3465	3432
3466	3433
3467	3433
3468	3434
3469	3434
3470	3435
3471	3435
3472	3436
3473	3436
3474	3437
3475	3437
3476	3438
3477	3438
3478	3439
3479	3439
3480	3440
3481	3440
3482	3441
3483	3441
3484	3442
3485	3442
3486	3443
3487	3443
3488	3444
3489	3444
3490	3445
3491	3445
3492	3446
3493	3446
3494	3447
3495	3447
3496	3448
3497	3448
3498	3449
3499	3449
3500	3400
3501	3400
3502	3401
3503	3401
3504	3402
3505	3402
3506	3403
3507	3403
3508	3404
3509	3404
3510	3405
3511	3405
3512	3406
3513	3406
3514	3407
3515	3407
3516	3408
3517	3408
3518	3409
3519	3409
3520	3410
3521	3410
3522	3411
3523	3411
3524	3412
3525	3412
3526	3413
3527	3413
3528	3414
3529	3414
3530	3415
3531	3415
3532	3416
3533	3416
3534	3417
3535	3417
3536	3418
3537	3418
3538	3419
3539	3419
3540	3420
3541	3420
3542	3421
3543	3421
3544	3422
3545	3422
3546	3423
3547	3423
3548	3424
3549	3424
3550	3425
3551	3425
3552	3426
3553	3426
3554	3427
3555	3427
3556	3428
3557	3428
3558	3429
3559	3429
3560	3430
3561	3430
3562	3431
3563	3431
3564	3432
3565	3432
3566	3433
3567	3433
3568	3434
3569	3434
3570	3435
3571	3435
3572	3436
3573	3436
3574	3437
3575	3437
3576	3438
3577	3438
3578	3439
3579	3439
3580	3440
3581	3440
3582	3441
3583	3441
3584	3442
3585	3442
3586	3443
3587	3443
3588	3444
3589	3444
3590	3445
3591	3445
3592	3446
3593	3446
3594	3447
3595	3447
3596	3448
3597	3448
3598	3449
3599	3449
3600	3600
3601	3600
3602	3601
3603	3601
3604	3602
3605	3602
3606	3603
3607	3603
3608	3604
3609	3604
3610	3605
3611	3605
3612	3606
3613	3606
3614	3607
3615	3607
3616	3608
3617	3608
3618	3609
3619	3609
3620	3610
3621	3610
3622	3611
3623	3611
3624	3612
3625	3612
3626	3613
3627	3613
3628	3614
3629	3614
3630	3615
3631	3615
3632	3616
3633	3616
3634	3617
3635	3617
3636	3618
3637	3618
3638	3619
3639	3619
3640	3620
3641	3620
3642	3621
3643	3621
3644	3622
3645	3622
3646	3623
3647	3623
3648	3624
3649	3624
3650	3625
3651	3625
3652	3626
3653	3626
3654	3627
3655	3627
3656	3628
3657	3628
3658	3629
3659	3629
3660	3630
3661	3630
3662	3631
3663	3631
3664	3632
3665	3632
3666	3633
3667	3633
3668	3634
3669	3634
3670	3635
3671	3635
3672	3636
3673	3636
3674	3637
3675	3637
3676	3638
3677	3638
3678	3639
3679	3639
3680	3640
3681	3640
3682	3641
3683	3641
3684	3642
3685	3642
3686	3643
3687	3643
3688	3644
3689	3644
3690	3645
3691	3645
3692	3646
3693	3646
3694	3647
3695	3647
3696	3648
3697	3648
3698	3649
3699	3649
3700	3600
3701	3600
3702	3601
3703	3601
3704	3602
3705	3602
3706	3603
3707	3603
3708	3604
3709	3604
3710	3605
3711	3605
3712	3606
3713	3606
3714	3607
3715	3607
3716	3608
3717	3608
3718	3609
3719	3609
3720	3610
3721	3610
3722	3611
3723	3611
3724	3612
3725	3612
3726	3613
3727	3613
3728	3614
3729	3614
3730	3615
3731	3615
3732	3616
3733	3616
3734	3617
3735	3617
3736	3618
3737	3618
3738	3619
3739	3619
3740	3620
3741	3620
3742	3621
3743	3621
3744	3622
3745	3622
3746	3623
3747	3623
3748	3624
3749	3624
3750	3625
3751	3625
3752	3626
3753	3626
3754	3627
3755	3627
3756	3628
3757	3628
3758	3629
3759	3629
3760	3630
3761	3630
3762	3631
3763	3631
3764	3632
3765	3632
3766	3633
3767	3633
3768	3634
3769	3634
3770	3635
3771	3635
3772	3636
3773	3636
3774	3637
3775	3637
3776	3638
3777	3638
3778	3639
3779	3639
3780	3640
3781	3640
3782	3641
3783	3641
3784	3642
3785	3642
3786	3643
3787	3643
3788	3644
3789	3644
3790	3645
3791	3645
3792	3646
3793	3646
3794	3647
3795	3647
3796	3648
3797	3648
3798	3649
3799	3649
3800	3800
3801	3800
3802	3801
3803	3801
3804	3802
3805	3802
3806	3803
3807	3803
3808	3804
3809	3804
3810	3805
3811	3805
3812	3806
3813	3806
3814	3807
3815	3807
3816	3808
3817	3808
3818	3809
3819	3809
3820	3810
3821	3810
3822	3811
3823	3811
3824	3812
3825	3812
3826	3813
3827	3813
3828	3814
3829	3814
3830	3815
3831	3815
3832	3816
3833	3816
3834	3817
3835	3817
3836	3818
3837	3818
3838	3819
3839	3819
3840	3820
3841	3820
3842	3821
3843	3821
3844	3822
3845	3822
3846	3823
3847	3823
3848	3824
3849	3824
3850	3825
3851	3825
3852	3826
3853	3826
3854	3827
3855	3827
3856	3828
3857	3828
3858	3829
3859	3829
3860	3830
3861	3830
3862	3831
3863	3831
3864	3832
3865	3832
3866	3833
3867	3833
3868	3834
3869	3834
3870	3835
3871	3835
3872	3836
3873	3836
3874	3837
3875	3837
3876	3838
3877	3838
3878	3839
3879	3839
3880	3840
3881	3840
3882	3841
3883	3841
3884	3842
3885	3842
3886	3843
3887	3843
3888	3844
3889	3844
3890	3845
3891	3845
3892	3846
3893	3846
3894	3847
3895	3847
3896	3848
3897	3848
3898	3849
3899	3849
3900	3800
3901	3800
3902	3801
3903	3801
3904	3802
3905	3802
3906	3803
3907	3803
3908	3804
3909	3804
3910	3805
3911	3805
3912	3806
3913	3806
3914	3807
3915	3807
3916	3808
3917	3808
3918	3809
3919	3809
3920	3810
3921	3810
3922	3811
3923	3811
3924	3812
3925	3812
3926	3813
3927	3813
3928	3814
3929	3814
3930	3815
3931	3815
3932	3816
3933	3816
3934	3817
3935	3817
3936	3818
3937	3818
3938	3819
3939	3819
3940	3820
3941	3820
3942	3821
3943	3821
3944	3822
3945	3822
3946	3823
3947	3823
3948	3824
3949	3824
3950	3825
3951	3825
3952	3826
3953	3826
3954	3827
3955	3827
3956	3828
3957	3828
3958	3829
3959	3829
3960	3830
3961	3830
3962	3831
3963	3831
3964	3832
3965	3832
3966	3833
3967	3833
3968	3834
3969	3834
3970	3835
3971	3835
3972	3836
3973	3836
3974	3837
3975	3837
3976	3838
3977	3838
3978	3839
3979	3839
3980	3840
3981	3840
3982	3841
3983	3841
3984	3842
3985	3842
3986	3843
3987	3843
3988	3844
3989	3844
3990	3845
3991	3845
3992	3846
3993	3846
3994	3847
3995	3847
3996	3848
3997	3848
3998	3849
3999	3849
4000	4000
4001	4000
4002	4001
4003	4001
4004	4002
4005	4002
4006	4003
4007	4003
4008	4004
4009	4004
4010	4005
4011	4005
4012	4006
4013	4006
4014	4007
4015	4007
4016	4008
4017	4008
4018	4009
4019	4009
4020	4010
4021	4010
4022	4011
4023	4011
4024	4012
4025	4012
4026	4013
4027	4013
4028	4014
4029	4014
4030	4015
4031	4015
4032	4016
4033	4016
4034	4017
4035	4017
4036	4018
4037	4018
4038	4019
4039	4019
4040	4020
4041	4020
4042	4021
4043	4021
4044	4022
4045	4022
4046	4023
4047	4023
4048	4024
4049	4024
4050	4025
4051	4025
4052	4026
4053	4026
4054	4027
4055	4027
4056	4028
4057	4028
4058	4029
4059	4029
4060	4030
4061	4030
4062	4031
4063	4031
4064	4032
4065	4032
4066	4033
4067	4033
4068	4034
4069	4034
4070	4035
4071	4035
4072	4036
4073	4036
4074	4037
4075	4037
4076	4038
4077	4038
4078	4039
4079	4039
4080	4040
4081	4040
4082	4041
4083	4041
4084	4042
4085	4042
4086	4043
4087	4043
4088	4044
4089	4044
4090	4045
4091	4045
4092	4046
4093	4046
4094	4047
4095	4047
4096	4048
4097	4048
4098	4049
4099	4049
4100	4000
4101	4000
4102	4001
4103	4001
4104	4002
4105	4002
4106	4003
4107	4003
4108	4004
4109	4004
4110	4005
4111	4005
4112	4006
4113	4006
4114	4007
4115	4007
4116	4008
4117	4008
4118	4009
4119	4009
4120	4010
4121	4010
4122	4011
4123	4011
4124	4012
4125	4012
4126	4013
4127	4013
4128	4014
4129	4014
4130	4015
4131	4015
4132	4016
4133	4016
4134	4017
4135	4017
4136	4018
4137	4018
4138	4019
4139	4019
4140	4020
4141	4020
4142	4021
4143	4021
4144	4022
4145	4022
4146	4023
4147	4023
4148	4024
4149	4024
4150	4025
4151	4025
4152	4026
4153	4026
4154	4027
4155	4027
4156	4028
4157	4028
4158	4029
4159	4029
4160	4030
4161	4030
4162	4031
4163	4031
4164	4032
4165	4032
4166	4033
4167	4033
4168	4034
4169	4034
4170	4035
4171	4035
4172	4036
4173	4036
4174	4037
4175	4037
4176	4038
4177	4038
4178	4039
4179	4039
4180	4040
4181	4040
4182	4041
4183	4041
4184	4042
4185	4042
4186	4043
4187	4043
4188	4044
4189	4044
4190	4045
4191	4045
4192	4046
4193	4046
4194	4047
4195	4047
4196	4048
4197	4048
4198	4049
4199	4049
4200	4200
4201	4200
4202	4201
4203	4201
4204	4202
4205	4202
4206	4203
4207	4203
4208	4204
4209	4204
4210	4205
4211	4205
4212	4206
4213	4206
4214	4207
4215	4207
4216	4208
4217	4208
4218	4209
4219	4209
4220	4210
4221	4210
4222	4211
4223	4211
4224	4212
4225	4212
4226	4213
4227	4213
4228	4214
4229	4214
4230	4215
4231	4215
4232	4216
4233	4216
4234	4217
4235	4217
4236	4218
4237	4218
4238	4219
4239	4219
4240	4220
4241	4220
4242	4221
4243	4221
4244	4222
4245	4222
4246	4223
4247	4223
4248	4224
4249	4224
4250	4225
4251	4225
4252	4226
4253	4226
4254	4227
4255	4227
4256	4228
4257	4228
4258	4229
4259	4229
4260	4230
4261	4230
4262	4231
4263	4231
4264	4232
4265	4232
4266	4233
4267	4233
4268	4234
4269	4234
4270	4235
4271	4235
4272	4236
4273	4236
4274	4237
4275	4237
4276	4238
4277	4238
4278	4239
4279	4239
4280	4240
4281	4240
4282	4241
4283	4241
4284	4242
4285	4242
4286	4243
4287	4243
4288	4244
4289	4244
4290	4245
4291	4245
4292	4246
4293	4246
4294	4247
4295	4247
4296	4248
4297	4248
4298	4249
4299	4249
4300	4200
4301	4200
4302	4201
4303	4201
4304	4202
4305	4202
4306	4203
4307	4203
4308	4204
4309	4204
4310	4205
4311	4205
4312	4206
4313	4206
4314	4207
4315	4207
4316	4208
4317	4208
4318	4209
4319	4209
4320	4210
4321	4210
4322	4211
4323	4211
4324	4212
4325	4212
4326	4213
4327	4213
4328	4214
4329	4214
4330	4215
4331	4215
4332	4216
4333	4216
4334	4217
4335	4217
4336	4218
4337	4218
4338	4219
4339	4219
4340	4220
4341	4220
4342	4221
4343	4221
4344	4222
4345	4222
4346	4223
4347	4223
4348	4224
4349	4224
4350	4225
4351	4225
4352	4226
4353	4226
4354	4227
4355	4227
4356	4228
4357	4228
4358	4229
4359	4229
4360	4230
4361	4230
4362	4231
4363	4231
4364	4232
4365	4232
4366	4233
4367	4233
4368	4234
4369	4234
4370	4235
4371	4235
4372	4236
4373	4236
4374	4237
4375	4237
4376	4238
4377	4238
4378	4239
4379	4239
4380	4240
4381	4240
4382	4241
4383	4241
4384	4242
4385	4242
4386	4243
4387	4243
4388	4244
4389	4244
4390	4245
4391	4245
4392	4246
4393	4246
4394	4247
4395	4247
4396	4248
4397	4248
4398	4249
4399	4249
4400	4400
4401	4400
4402	4401
4403	4401
4404	4402
4405	4402
4406	4403
4407	4403
4408	4404
4409	4404
4410	4405
4411	4405
4412	4406
4413	4406
4414	4407
4415	4407
4416	4408
4417	4408
4418	4409
4419	4409
4420	4410
4421	4410
4422	4411
4423	4411
4424	4412
4425	4412
4426	4413
4427	4413
4428	4414
4429	4414
4430	4415
4431	4415
4432	4416
4433	4416
4434	4417
4435	4417
4436	4418
4437	4418
4438	4419
4439	4419
4440	4420
4441	4420
4442	4421
4443	4421
4444	4422
4445	4422
4446	4423
4447	4423
4448	4424
4449	4424
4450	4425
4451	4425
4452	4426
4453	4426
4454	4427
4455	4427
4456	4428
4457	4428
4458	4429
4459	4429
4460	4430
4461	4430
4462	4431
4463	4431
4464	4432
4465	4432
4466	4433
4467	4433
4468	4434
4469	4434
4470	4435
4471	4435
4472	4436
4473	4436
4474	4437
4475	4437
4476	4438
4477	4438
4478	4439
4479	4439
4480	4440
4481	4440
4482	4441
4483	4441
4484	4442
4485	4442
4486	4443
4487	4443
4488	4444
4489	4444
4490	4445
4491	4445
4492	4446
4493	4446
4494	4447
4495	4447
4496	4448
4497	4448
4498	4449
4499	4449
4500	4400
4501	4400
4502	4401
4503	4401
4504	4402
4505	4402
4506	4403
4507	4403
4508	4404
4509	4404
4510	4405
4511	4405
4512	4406
4513	4406
4514	4407
4515	4407
4516	4408
4517	4408
4518	4409
4519	4409
4520	4410
4521	4410
4522	4411
4523	4411
4524	4412
4525	4412
4526	4413
4527	4413
4528	4414
4529	4414
4530	4415
4531	4415
4532	4416
4533	4416
4534	4417
4535	4417
4536	4418
4537	4418
4538	4419
4539	4419
4540	4420
4541	4420
4542	4421
4543	4421
4544	4422
4545	4422
4546	4423
4547	4423
4548	4424
4549	4424
4550	4425
4551	4425
4552	4426
4553	4426
4554	4427
4555	4427
4556	4428
4557	4428
4558	4429
4559	4429
4560	4430
4561	4430
4562	4431
4563	4431
4564	4432
4565	4432
4566	4433
4567	4433
4568	4434
4569	4434
4570	4435
4571	4435
4572	4436
4573	4436
4574	4437
4575	4437
4576	4438
4577	4438
4578	4439
4579	4439
4580	4440
4581	4440
4582	4441
4583	4441
4584	4442
4585	4442
4586	4443
4587	4443
4588	4444
4589	4444
4590	4445
4591	4445
4592	4446
4593	4446
4594	4447
4595	4447
4596	4448
4597	4448
4598	4449
4599	4449
4600	4600
4601	4600
4602	4601
4603	4601
4604	4602
4605	4602
4606	4603
4607	4603
4608	4604
4609	4604
4610	4605
4611	4605
4612	4606
4613	4606
4614	4607
4615	4607
4616	4608
4617	4608
4618	4609
4619	4609
4620	4610
4621	4610
4622	4611
4623	4611
4624	4612
4625	4612
4626	4613
4627	4613
4628	4614
4629	4614
4630	4615
4631	4615
4632	4616
4633	4616
4634	4617
4635	4617
4636	4618
4637	4618
4638	4619
4639	4619
4640	4620
4641	4620
4642	4621
4643	4621
4644	4622
4645	4622
4646	4623
4647	4623
4648	4624
4649	4624
4650	4625
4651	4625
4652	4626
4653	4626
4654	4627
4655	4627
4656	4628
4657	4628
4658	4629
4659	4629
4660	4630
4661	4630
4662	4631
4663	4631
4664	4632
4665	4632
4666	4633
4667	4633
4668	4634
4669	4634
4670	4635
4671	4635
4672	4636
4673	4636
4674	4637
4675	4637
4676	4638
4677	4638
4678	4639
4679	4639
4680	4640
4681	4640
4682	4641
4683	4641
4684	4642
4685	4642
4686	4643
4687	4643
4688	4644
4689	4644
4690	4645
4691	4645
4692	4646
4693	4646
4694	4647
4695	4647
4696	4648
4697	4648
4698	4649
4699	4649
4700	4600
4701	4600
4702	4601
4703	4601
4704	4602
4705	4602
4706	4603
4707	4603
4708	4604
4709	4604
4710	4605
4711	4605
4712	4606
4713	4606
4714	4607
4715	4607
4716	4608
4717	4608
4718	4609
4719	4609
4720	4610
4721	4610
4722	4611
4723	4611
4724	4612
4725	4612
4726	4613
4727	4613
4728	4614
4729	4614
4730	4615
4731	4615
4732	4616
4733	4616
4734	4617
4735	4617
4736	4618
4737	4618
4738	4619
4739	4619
4740	4620
4741	4620
4742	4621
4743	4621
4744	4622
4745	4622
4746	4623
4747	4623
4748	4624
4749	4624
4750	4625
4751	4625
4752	4626
4753	4626
4754	4627
4755	4627
4756	4628
4757	4628
4758	4629
4759	4629
4760	4630
4761	4630
4762	4631
4763	4631
4764	4632
4765	4632
4766	4633
4767	4633
4768	4634
4769	4634
4770	4635
4771	4635
4772	4636
4773	4636
4774	4637
4775	4637
4776	4638
4777	4638
4778	4639
4779	4639
4780	4640
4781	4640
4782	4641
4783	4641
4784	4642
4785	4642
4786	4643
4787	4643
4788	4644
4789	4644
4790	4645
4791	4645
4792	4646
4793	4646
4794	4647
4795	4647
4796	4648
4797	4648
4798	4649
4799	4649
4800	4800
4801	4800
4802	4801
4803	4801
4804	4802
4805	4802
4806	4803
4807	4803
4808	4804
4809	4804
4810	4805
4811	4805
4812	4806
4813	4806
4814	4807
4815	4807
4816	4808
4817	4808
4818	4809
4819	4809
4820	4810
4821	4810
4822	4811
4823	4811
4824	4812
4825	4812
4826	4813
4827	4813
4828	4814
4829	4814
4830	4815
4831	4815
4832	4816
4833	4816
4834	4817
4835	4817
4836	4818
4837	4818
4838	4819
4839	4819
4840	4820
4841	4820
4842	4821
4843	4821
4844	4822
4845	4822
4846	4823
4847	4823
4848	4824
4849	4824
4850	4825
4851	4825
4852	4826
4853	4826
4854	4827
4855	4827
4856	4828
4857	4828
4858	4829
4859	4829
4860	4830
4861	4830
4862	4831
4863	4831
4864	4832
4865	4832
4866	4833
4867	4833
4868	4834
4869	4834
4870	4835
4871	4835
4872	4836
4873	4836
4874	4837
4875	4837
4876	4838
4877	4838
4878	4839
4879	4839
4880	4840
4881	4840
4882	4841
4883	4841
4884	4842
4885	4842
4886	4843
4887	4843
4888	4844
4889	4844
4890	4845
4891	4845
4892	4846
4893	4846
4894	4847
4895	4847
4896	4848
4897	4848
4898	4849
4899	4849
4900	4800
4901	4800
4902	4801
4903	4801
4904	4802
4905	4802
4906	4803
4907	4803
4908	4804
4909	4804
4910	4805
4911	4805
4912	4806
4913	4806
4914	4807
4915	4807
4916	4808
4917	4808
4918	4809
4919	4809
4920	4810
4921	4810
4922	4811
4923	4811
4924	4812
4925	4812
4926	4813
4927	4813
4928	4814
4929	4814
4930	4815
4931	4815
4932	4816
4933	4816
4934	4817
4935	4817
4936	4818
4937	4818
4938	4819
4939	4819
4940	4820
4941	4820
4942	4821
4943	4821
4944	4822
4945	4822
4946	4823
4947	4823
4948	4824
4949	4824
4950	4825
4951	4825
4952	4826
4953	4826
4954	4827
4955	4827
4956	4828
4957	4828
4958	4829
4959	4829
4960	4830
4961	4830
4962	4831
4963	4831
4964	4832
4965	4832
4966	4833
4967	4833
4968	4834
4969	4834
4970	4835
4971	4835
4972	4836
4973	4836
4974	4837
4975	4837
4976	4838
4977	4838
4978	4839
4979	4839
4980	4840
4981	4840
4982	4841
4983	4841
4984	4842
4985	4842
4986	4843
4987	4843
4988	4844
4989	4844
4990	4845
4991	4845
4992	4846
4993	4846
4994	4847
4995	4847
4996	4848
4997	4848
4998	4849
4999	4849
5000	5000
5001	5000
5002	5001
5003	5001
5004	5002
5005	5002
5006	5003
5007	5003
5008	5004
5009	5004
5010	5005
5011	5005
5012	5006
5013	5006
5014	5007
5015	5007
5016	5008
5017	5008
5018	5009
5019	5009
5020	5010
5021	5010
5022	5011
5023	5011
5024	5012
5025	5012
5026	5013
5027	5013
5028	5014
5029	5014
5030	5015
5031	5015
5032	5016
5033	5016
5034	5017
5035	5017
5036	5018
5037	5018
5038	5019
5039	5019
5040	5020
5041	5020
5042	5021
5043	5021
5044	5022
5045	5022
5046	5023
5047	5023
5048	5024
5049	5024
5050	5025
5051	5025
5052	5026
5053	5026
5054	5027
5055	5027
5056	5028
5057	5028
5058	5029
5059	5029
5060	5030
5061	5030
5062	5031
5063	5031
5064	5032
5065	5032
5066	5033
5067	5033
5068	5034
5069	5034
5070	5035
5071	5035
5072	5036
5073	5036
5074	5037
5075	5037
5076	5038
5077	5038
5078	5039
5079	5039
5080	5040
5081	5040
5082	5041
5083	5041
5084	5042
5085	5042
5086	5043
5087	5043
5088	5044
5089	5044
5090	5045
5091	5045
5092	5046
5093	5046
5094	5047
5095	5047
5096	5048
5097	5048
5098	5049
5099	5049
5100	5000
5101	5000
5102	5001
5103	5001
5104	5002
5105	5002
5106	5003
5107	5003
5108	5004
5109	5004
5110	5005
5111	5005
5112	5006
5113	5006
5114	5007
5115	5007
5116	5008
5117	5008
5118	5009
5119	5009
5120	5010
5121	5010
5122	5011
5123	5011
5124	5012
5125	5012
5126	5013
5127	5013
5128	5014
5129	5014
5130	5015
5131	5015
5132	5016
5133	5016
5134	5017
5135	5017
5136	5018
5137	5018
5138	5019
5139	5019
5140	5020
5141	5020
5142	5021
5143	5021
5144	5022
5145	5022
5146	5023
5147	5023
5148	5024
5149	5024
5150	5025
5151	5025
5152	5026
5153	5026
5154	5027
5155	5027
5156	5028
5157	5028
5158	5029
5159	5029
5160	5030
5161	5030
5162	5031
5163	5031
5164	5032
5165	5032
5166	5033
5167	5033
5168	5034
5169	5034
5170	5035
5171	5035
5172	5036
5173	5036
5174	5037
5175	5037
5176	5038
5177	5038
5178	5039
5179	5039
5180	5040
5181	5040
5182	5041
5183	5041
5184	5042
5185	5042
5186	5043
5187	5043
5188	5044
5189	5044
5190	5045
5191	5045
5192	5046
5193	5046
5194	5047
5195	5047
5196	5048
5197	5048
5198	5049
5199	5049
5200	5200
5201	5200
5202	5201
5203	5201
5204	5202
5205	5202
5206	5203
5207	5203
5208	5204
5209	5204
5210	5205
5211	5205
5212	5206
5213	5206
5214	5207
5215	5207
5216	5208
5217	5208
5218	5209
5219	5209
5220	5210
5221	5210
5222	5211
5223	5211
5224	5212
5225	5212
5226	5213
5227	5213
5228	5214
5229	5214
5230	5215
5231	5215
5232	5216
5233	5216
5234	5217
5235	5217
5236	5218
5237	5218
5238	5219
5239	5219
5240	5220
5241	5220
5242	5221
5243	5221
5244	5222
5245	5222
5246	5223
5247	5223
5248	5224
5249	5224
5250	5225
5251	5225
5252	5226
5253	5226
5254	5227
5255	5227
5256	5228
5257	5228
5258	5229
5259	5229
5260	5230
5261	5230
5262	5231
5263	5231
5264	5232
5265	5232
5266	5233
5267	5233
5268	5234
5269	5234
5270	5235
5271	5235
5272	5236
5273	5236
5274	5237
5275	5237
5276	5238
5277	5238
5278	5239
5279	5239
5280	5240
5281	5240
5282	5241
5283	5241
5284	5242
5285	5242
5286	5243
5287	5243
5288	5244
5289	5244
5290	5245
5291	5245
5292	5246
5293	5246
5294	5247
5295	5247
5296	5248
5297	5248
5298	5249
5299	5249
5300	5200
5301	5200
5302	5201
5303	5201
5304	5202
5305	5202
5306	5203
5307	5203
5308	5204
5309	5204
5310	5205
5311	5205
5312	5206
5313	5206
5314	5207
5315	5207
5316	5208
5317	5208
5318	5209
5319	5209
5320	5210
5321	5210
5322	5211
5323	5211
5324	5212
5325	5212
5326	5213
5327	5213
5328	5214
5329	5214
5330	5215
5331	5215
5332	5216
5333	5216
5334	5217
5335	5217
5336	5218
5337	5218
5338	5219
5339	5219
5340	5220
5341	5220
5342	5221
5343	5221
5344	5222
5345	5222
5346	5223
5347	5223
5348	5224
5349	5224
5350	5225
5351	5225
5352	5226
5353	5226
5354	5227
5355	5227
5356	5228
5357	5228
5358	5229
5359	5229
5360	5230
5361	5230
5362	5231
5363	5231
5364	5232
5365	5232
5366	5233
5367	5233
5368	5234
5369	5234
5370	5235
5371	5235
5372	5236
5373	5236
5374	5237
5375	5237
5376	5238
5377	5238
5378	5239
5379	5239
5380	5240
5381	5240
5382	5241
5383	5241
5384	5242
5385	5242
5386	5243
5387	5243
5388	5244
5389	5244
5390	5245
5391	5245
5392	5246
5393	5246
5394	5247
5395	5247
5396	5248
5397	5248
5398	5249
5399	5249
5400	5400
5401	5400
5402	5401
5403	5401
5404	5402
5405	5402
5406	5403
5407	5403
5408	5404
5409	5404
5410	5405
5411	5405
5412	5406
5413	5406
5414	5407
5415	5407
5416	5408
5417	5408
5418	5409
5419	5409
5420	5410
5421	5410
5422	5411
5423	5411
5424	5412
5425	5412
5426	5413
5427	5413
5428	5414
5429	5414
5430	5415
5431	5415
5432	5416
5433	5416
5434	5417
5435	5417
5436	5418
5437	5418
5438	5419
5439	5419
5440	5420
5441	5420
5442	5421
5443	5421
5444	5422
5445	5422
5446	5423
5447	5423
5448	5424
5449	5424
5450	5425
5451	5425
5452	5426
5453	5426
5454	5427
5455	5427
5456	5428
5457	5428
5458	5429
5459	5429
5460	5430
5461	5430
5462	5431
5463	5431
5464	5432
5465	5432
5466	5433
5467	5433
5468	5434
5469	5434
5470	5435
5471	5435
5472	5436
5473	5436
5474	5437
5475	5437
5476	5438
5477	5438
5478	5439
5479	5439
5480	5440
5481	5440
5482	5441
5483	5441
5484	5442
5485	5442
5486	5443
5487	5443
5488	5444
5489	5444
5490	5445
5491	5445
5492	5446
5493	5446
5494	5447
5495	5447
5496	5448
5497	5448
5498	5449
5499	5449
5500	5400
5501	5400
5502	5401
5503	5401
5504	5402
5505	5402
5506	5403
5507	5403
5508	5404
5509	5404
5510	5405
5511	5405
5512	5406
5513	5406
5514	5407
5515	5407
5516	5408
5517	5408
5518	5409
5519	5409
5520	5410
5521	5410
5522	5411
5523	5411
5524	5412
5525	5412
5526	5413
5527	5413
5528	5414
5529	5414
5530	5415
5531	5415
5532	5416
5533	5416
5534	5417
5535	5417
5536	5418
5537	5418
5538	5419
5539	5419
5540	5420
5541	5420
5542	5421
5543	5421
5544	5422
5545	5422
5546	5423
5547	5423
5548	5424
5549	5424
5550	5425
5551	5425
5552	5426
5553	5426
5554	5427
5555	5427
5556	5428
5557	5428
5558	5429
5559	5429
5560	5430
5561	5430
5562	5431
5563	5431
5564	5432
5565	5432
5566	5433
5567	5433
5568	5434
5569	5434
5570	5435
5571	5435
5572	5436
5573	5436
5574	5437
5575	5437
5576	5438
5577	5438
5578	5439
5579	5439
5580	5440
5581	5440
5582	5441
5583	5441
5584	5442
5585	5442
5586	5443
5587	5443
5588	5444
5589	5444
5590	5445
5591	5445
5592	5446
5593	5446
5594	5447
5595	5447
5596	5448
5597	5448
5598	5449
5599	5449
5600	5600
5601	5600
5602	5601
5603	5601
5604	5602
5605	5602
5606	5603
5607	5603
5608	5604
5609	5604
5610	5605
5611	5605
5612	5606
5613	5606
5614	5607
5615	5607
5616	5608
5617	5608
5618	5609
5619	5609
5620	5610
5621	5610
5622	5611
5623	5611
5624	5612
5625	5612
5626	5613
5627	5613
5628	5614
5629	5614
5630	5615
5631	5615
5632	5616
5633	5616
5634	5617
5635	5617
5636	5618
5637	5618
5638	5619
5639	5619
5640	5620
5641	5620
5642	5621
5643	5621
5644	5622
5645	5622
5646	5623
5647	5623
5648	5624
5649	5624
5650	5625
5651	5625
5652	5626
5653	5626
5654	5627
5655	5627
5656	5628
5657	5628
5658	5629
5659	5629
5660	5630
5661	5630
5662	5631
5663	5631
5664	5632
5665	5632
5666	5633
5667	5633
5668	5634
5669	5634
5670	5635
5671	5635
5672	5636
5673	5636
5674	5637
5675	5637
5676	5638
5677	5638
5678	5639
5679	5639
5680	5640
5681	5640
5682	5641
5683	5641
5684	5642
5685	5642
5686	5643
5687	5643
5688	5644
5689	5644
5690	5645
5691	5645
5692	5646
5693	5646
5694	5647
5695	5647
5696	5648
5697	5648
5698	5649
5699	5649
5700	5600
5701	5600
5702	5601
5703	5601
5704	5602
5705	5602
5706	5603
5707	5603
5708	5604
5709	5604
5710	5605
5711	5605
5712	5606
5713	5606
5714	5607
5715	5607
5716	5608
5717	5608
5718	5609
5719	5609
5720	5610
5721	5610
5722	5611
5723	5611
5724	5612
5725	5612
5726	5613
5727	5613
5728	5614
5729	5614
5730	5615
5731	5615
5732	5616
5733	5616
5734	5617
5735	5617
5736	5618
5737	5618
5738	5619
5739	5619
5740	5620
5741	5620
5742	5621
5743	5621
5744	5622
5745	5622
5746	5623
5747	5623
5748	5624
5749	5624
5750	5625
5751	5625
5752	5626
5753	5626
5754	5627
5755	5627
5756	5628
5757	5628
5758	5629
5759	5629
5760	5630
5761	5630
5762	5631
5763	5631
5764	5632
5765	5632
5766	5633
5767	5633
5768	5634
5769	5634
5770	5635
5771	5635
5772	5636
5773	5636
5774	5637
5775	5637
5776	5638
5777	5638
5778	5639
5779	5639
5780	5640
5781	5640
5782	5641
5783	5641
5784	5642
5785	5642
5786	5643
5787	5643
5788	5644
5789	5644
5790	5645
5791	5645
5792	5646
5793	5646
5794	5647
5795	5647
5796	5648
5797	5648
5798	5649
5799	5649
5800	5800
5801	5800
5802	5801
5803	5801
5804	5802
5805	5802
5806	5803
5807	5803
5808	5804
5809	5804
5810	5805
5811	5805
5812	5806
5813	5806
5814	5807
5815	5807
5816	5808
5817	5808
5818	5809
5819	5809
5820	5810
5821	5810
5822	5811
5823	5811
5824	5812
5825	5812
5826	5813
5827	5813
5828	5814
5829	5814
5830	5815
5831	5815
5832	5816
5833	5816
5834	5817
5835	5817
5836	5818
5837	5818
5838	5819
5839	5819
5840	5820
5841	5820
5842	5821
5843	5821
5844	5822
5845	5822
5846	5823
5847	5823
5848	5824
5849	5824
5850	5825
5851	5825
5852	5826
5853	5826
5854	5827
5855	5827
5856	5828
5857	5828
5858	5829
5859	5829
5860	5830
5861	5830
5862	5831
5863	5831
5864	5832
5865	5832
5866	5833
5867	5833
5868	5834
5869	5834
5870	5835
5871	5835
5872	5836
5873	5836
5874	5837
5875	5837
5876	5838
5877	5838
5878	5839
5879	5839
5880	5840
5881	5840
5882	5841
5883	5841
5884	5842
5885	5842
5886	5843
5887	5843
5888	5844
5889	5844
5890	5845
5891	5845
5892	5846
5893	5846
5894	5847
5895	5847
5896	5848
5897	5848
5898	5849
5899	5849
5900	5800
5901	5800
5902	5801
5903	5801
5904	5802
5905	5802
5906	5803
5907	5803
5908	5804
5909	5804
5910	5805
5911	5805
5912	5806
5913	5806
5914	5807
5915	5807
5916	5808
5917	5808
5918	5809
5919	5809
5920	5810
5921	5810
5922	5811
5923	5811
5924	5812
5925	5812
5926	5813
5927	5813
5928	5814
5929	5814
5930	5815
5931	5815
5932	5816
5933	5816
5934	5817
5935	5817
5936	5818
5937	5818
5938	5819
5939	5819
5940	5820
5941	5820
5942	5821
5943	5821
5944	5822
5945	5822
5946	5823
5947	5823
5948	5824
5949	5824
5950	5825
5951	5825
5952	5826
5953	5826
5954	5827
5955	5827
5956	5828
5957	5828
5958	5829
5959	5829
5960	5830
5961	5830
5962	5831
5963	5831
5964	5832
5965	5832
5966	5833
5967	5833
5968	5834
5969	5834
5970	5835
5971	5835
5972	5836
5973	5836
5974	5837
5975	5837
5976	5838
5977	5838
5978	5839
5979	5839
5980	5840
5981	5840
5982	5841
5983	5841
5984	5842
5985	5842
5986	5843
5987	5843
5988	5844
5989	5844
5990	5845
5991	5845
5992	5846
5993	5846
5994	5847
5995	5847
5996	5848
5997	5848
5998	5849
5999	5849
6000	6000
6001	6000
6002	6001
6003	6001
6004	6002
6005	6002
6006	6003
6007	6003
6008	6004
6009	6004
6010	6005
6011	6005
6012	6006
6013	6006
6014	6007
6015	6007
6016	6008
6017	6008
6018	6009
6019	6009
6020	6010
6021	6010
6022	6011
6023	6011
6024	6012
6025	6012
6026	6013
6027	6013
6028	6014
6029	6014
6030	6015
6031	6015
6032	6016
6033	6016
6034	6017
6035	6017
6036	6018
6037	6018
6038	6019
6039	6019
6040	6020
6041	6020
6042	6021
6043	6021
6044	6022
6045	6022
6046	6023
6047	6023
6048	6024
6049	6024
6050	6025
6051	6025
6052	6026
6053	6026
6054	6027
6055	6027
6056	6028
6057	6028
6058	6029
6059	6029
6060	6030
6061	6030
6062	6031
6063	6031
6064	6032
6065	6032
6066	6033
6067	6033
6068	6034
6069	6034
6070	6035
6071	6035
6072	6036
6073	6036
6074	6037
6075	6037
6076	6038
6077	6038
6078	6039
6079	6039
6080	6040
6081	6040
6082	6041
6083	6041
6084	6042
6085	6042
6086	6043
6087	6043
6088	6044
6089	6044
6090	6045
6091	6045
6092	6046
6093	6046
6094	6047
6095	6047
6096	6048
6097	6048
6098	6049
6099	6049
6100	6000
6101	6000
6102	6001
6103	6001
6104	6002
6105	6002
6106	6003
6107	6003
6108	6004
6109	6004
6110	6005
6111	6005
6112	6006
6113	6006
6114	6007
6115	6007
6116	6008
6117	6008
6118	6009
6119	6009
6120	6010
6121	6010
6122	6011
6123	6011
6124	6012
6125	6012
6126	6013
6127	6013
6128	6014
6129	6014
6130	6015
6131	6015
6132	6016
6133	6016
6134	6017
6135	6017
6136	6018
6137	6018
6138	6019
6139	6019
6140	6020
6141	6020
6142	6021
6143	6021
6144	6022
6145	6022
6146	6023
6147	6023
6148	6024
6149	6024
6150	6025
6151	6025
6152	6026
6153	6026
6154	6027
6155	6027
6156	6028
6157	6028
6158	6029
6159	6029
6160	6030
6161	6030
6162	6031
6163	6031
6164	6032
6165	6032
6166	6033
6167	6033
6168	6034
6169	6034
6170	6035
6171	6035
6172	6036
6173	6036
6174	6037
6175	6037
6176	6038
6177	6038
6178	6039
6179	6039
6180	6040
6181	6040
6182	6041
6183	6041
6184	6042
6185	6042
6186	6043
6187	6043
6188	6044
6189	6044
6190	6045
6191	6045
6192	6046
6193	6046
6194	6047
6195	6047
6196	6048
6197	6048
6198	6049
6199	6049
6200	6200
6201	6200
6202	6201
6203	6201
6204	6202
6205	6202
6206	6203
6207	6203
6208	6204
6209	6204
6210	6205
6211	6205
6212	6206
6213	6206
6214	6207
6215	6207
6216	6208
6217	6208
6218	6209
6219	6209
6220	6210
6221	6210
6222	6211
6223	6211
6224	6212
6225	6212
6226	6213
6227	6213
6228	6214
6229	6214
6230	6215
6231	6215
6232	6216
6233	6216
6234	6217
6235	6217
6236	6218
6237	6218
6238	6219
6239	6219
6240	6220
6241	6220
6242	6221
6243	6221
6244	6222
6245	6222
6246	6223
6247	6223
6248	6224
6249	6224
6250	6225
6251	6225
6252	6226
6253	6226
6254	6227
6255	6227
6256	6228
6257	6228
6258	6229
6259	6229
6260	6230
6261	6230
6262	6231
6263	6231
6264	6232
6265	6232
6266	6233
6267	6233
6268	6234
6269	6234
6270	6235
6271	6235
6272	6236
6273	6236
6274	6237
6275	6237
6276	6238
6277	6238
6278	6239
6279	6239
6280	6240
6281	6240
6282	6241
6283	6241
6284	6242
6285	6242
6286	6243
6287	6243
6288	6244
6289	6244
6290	6245
6291	6245
6292	6246
6293	6246
6294	6247
6295	6247
6296	6248
6297	6248
6298	6249
6299	6249
6300	6200
6301	6200
6302	6201
6303	6201
6304	6202
6305	6202
6306	6203
6307	6203
6308	6204
6309	6204
6310	6205
6311	6205
6312	6206
6313	6206
6314	6207
6315	6207
6316	6208
6317	6208
6318	6209
6319	6209
6320	6210
6321	6210
6322	6211
6323	6211
6324	6212
6325	6212
6326	6213
6327	6213
6328	6214
6329	6214
6330	6215
6331	6215
6332	6216
6333	6216
6334	6217
6335	6217
6336	6218
6337	6218
6338	6219
6339	6219
6340	6220
6341	6220
6342	6221
6343	6221
6344	6222
6345	6222
6346	6223
6347	6223
6348	6224
6349	6224
6350	6225
6351	6225
6352	6226
6353	6226
6354	6227
6355	6227
6356	6228
6357	6228
6358	6229
6359	6229
6360	6230
6361	6230
6362	6231
6363	6231
6364	6232
6365	6232
6366	6233
6367	6233
6368	6234
6369	6234
6370	6235
6371	6235
6372	6236
6373	6236
6374	6237
6375	6237
6376	6238
6377	6238
6378	6239
6379	6239
6380	6240
6381	6240
6382	6241
6383	6241
6384	6242
6385	6242
6386	6243
6387	6243
6388	6244
6389	6244
6390	6245
6391	6245
6392	6246
6393	6246
6394	6247
6395	6247
6396	6248
6397	6248
6398	6249
6399	6249
6400	6400
6401	6400
6402	6401
6403	6401
6404	6402
6405	6402
6406	6403
6407	6403
6408	6404
6409	6404
6410	6405
6411	6405
6412	6406
6413	6406
6414	6407
6415	6407
6416	6408
6417	6408
6418	6409
6419	6409
6420	6410
6421	6410
6422	6411
6423	6411
6424	6412
6425	6412
6426	6413
6427	6413
6428	6414
6429	6414
6430	6415
6431	6415
6432	6416
6433	6416
6434	6417
6435	6417
6436	6418
6437	6418
6438	6419
6439	6419
6440	6420
6441	6420
6442	6421
6443	6421
6444	6422
6445	6422
6446	6423
6447	6423
6448	6424
6449	6424
6450	6425
6451	6425
6452	6426
6453	6426
6454	6427
6455	6427
6456	6428
6457	6428
6458	6429
6459	6429
6460	6430
6461	6430
6462	6431
6463	6431
6464	6432
6465	6432
6466	6433
6467	6433
6468	6434
6469	6434
6470	6435
6471	6435
6472	6436
6473	6436
6474	6437
6475	6437
6476	6438
6477	6438
6478	6439
6479	6439
6480	6440
6481	6440
6482	6441
6483	6441
6484	6442
6485	6442
6486	6443
6487	6443
6488	6444
6489	6444
6490	6445
6491	6445
6492	6446
6493	6446
6494	6447
6495	6447
6496	6448
6497	6448
6498	6449
6499	6449
6500	6400
6501	6400
6502	6401
6503	6401
6504	6402
6505	6402
6506	6403
6507	6403
6508	6404
6509	6404
6510	6405
6511	6405
6512	6406
6513	6406
6514	6407
6515	6407
6516	6408
6517	6408
6518	6409
6519	6409
6520	6410
6521	6410
6522	6411
6523	6411
6524	6412
6525	6412
6526	6413
6527	6413
6528	6414
6529	6414
6530	6415
6531	6415
6532	6416
6533	6416
6534	6417
6535	6417
6536	6418
6537	6418
6538	6419
6539	6419
6540	6420
6541	6420
6542	6421
6543	6421
6544	6422
6545	6422
6546	6423
6547	6423
6548	6424
6549	6424
6550	6425
6551	6425
6552	6426
6553	6426
6554	6427
6555	6427
6556	6428
6557	6428
6558	6429
6559	6429
6560	6430
6561	6430
6562	6431
6563	6431
6564	6432
6565	6432
6566	6433
6567	6433
6568	6434
6569	6434
6570	6435
6571	6435
6572	6436
6573	6436
6574	6437
6575	6437
6576	6438
6577	6438
6578	6439
6579	6439
6580	6440
6581	6440
6582	6441
6583	6441
6584	6442
6585	6442
6586	6443
6587	6443
6588	6444
6589	6444
6590	6445
6591	6445
6592	6446
6593	6446
6594	6447
6595	6447
6596	6448
6597	6448
6598	6449
6599	6449
6600	6600
6601	6600
6602	6601
6603	6601
6604	6602
6605	6602
6606	6603
6607	6603
6608	6604
6609	6604
6610	6605
6611	6605
6612	6606
6613	6606
6614	6607
6615	6607
6616	6608
6617	6608
6618	6609
6619	6609
6620	6610
6621	6610
6622	6611
6623	6611
6624	6612
6625	6612
6626	6613
6627	6613
6628	6614
6629	6614
6630	6615
6631	6615
6632	6616
6633	6616
6634	6617
6635	6617
6636	6618
6637	6618
6638	6619
6639	6619
6640	6620
6641	6620
6642	6621
6643	6621
6644	6622
6645	6622
6646	6623
6647	6623
6648	6624
6649	6624
6650	6625
6651	6625
6652	6626
6653	6626
6654	6627
6655	6627
6656	6628
6657	6628
6658	6629
6659	6629
6660	6630
6661	6630
6662	6631
6663	6631
6664	6632
6665	6632
6666	6633
6667	6633
6668	6634
6669	6634
6670	6635
6671	6635
6672	6636
6673	6636
6674	6637
6675	6637
6676	6638
6677	6638
6678	6639
6679	6639
6680	6640
6681	6640
6682	6641
6683	6641
6684	6642
6685	6642
6686	6643
6687	6643
6688	6644
6689	6644
6690	6645
6691	6645
6692	6646
6693	6646
6694	6647
6695	6647
6696	6648
6697	6648
6698	6649
6699	6649
6700	6600
6701	6600
6702	6601
6703	6601
6704	6602
6705	6602
6706	6603
6707	6603
6708	6604
6709	6604
6710	6605
6711	6605
6712	6606
6713	6606
6714	6607
6715	6607
6716	6608
6717	6608
6718	6609
6719	6609
6720	6610
6721	6610
6722	6611
6723	6611
6724	6612
6725	6612
6726	6613
6727	6613
6728	6614
6729	6614
6730	6615
6731	6615
6732	6616
6733	6616
6734	6617
6735	6617
6736	6618
6737	6618
6738	6619
6739	6619
6740	6620
6741	6620
6742	6621
6743	6621
6744	6622
6745	6622
6746	6623
6747	6623
6748	6624
6749	6624
6750	6625
6751	6625
6752	6626
6753	6626
6754	6627
6755	6627
6756	6628
6757	6628
6758	6629
6759	6629
6760	6630
6761	6630
6762	6631
6763	6631
6764	6632
6765	6632
6766	6633
6767	6633
6768	6634
6769	6634
6770	6635
6771	6635
6772	6636
6773	6636
6774	6637
6775	6637
6776	6638
6777	6638
6778	6639
6779	6639
6780	6640
6781	6640
6782	6641
6783	6641
6784	6642
6785	6642
6786	6643
6787	6643
6788	6644
6789	6644
6790	6645
6791	6645
6792	6646
6793	6646
6794	6647
6795	6647
6796	6648
6797	6648
6798	6649
6799	6649
6800	6800
6801	6800
6802	6801
6803	6801
6804	6802
6805	6802
6806	6803
6807	6803
6808	6804
6809	6804
6810	6805
6811	6805
6812	6806
6813	6806
6814	6807
6815	6807
6816	6808
6817	6808
6818	6809
6819	6809
6820	6810
6821	6810
6822	6811
6823	6811
6824	6812
6825	6812
6826	6813
6827	6813
6828	6814
6829	6814
6830	6815
6831	6815
6832	6816
6833	6816
6834	6817
6835	6817
6836	6818
6837	6818
6838	6819
6839	6819
6840	6820
6841	6820
6842	6821
6843	6821
6844	6822
6845	6822
6846	6823
6847	6823
6848	6824
6849	6824
6850	6825
6851	6825
6852	6826
6853	6826
6854	6827
6855	6827
6856	6828
6857	6828
6858	6829
6859	6829
6860	6830
6861	6830
6862	6831
6863	6831
6864	6832
6865	6832
6866	6833
6867	6833
6868	6834
6869	6834
6870	6835
6871	6835
6872	6836
6873	6836
6874	6837
6875	6837
6876	6838
6877	6838
6878	6839
6879	6839
6880	6840
6881	6840
6882	6841
6883	6841
6884	6842
6885	6842
6886	6843
6887	6843
6888	6844
6889	6844
6890	6845
6891	6845
6892	6846
6893	6846
6894	6847
6895	6847
6896	6848
6897	6848
6898	6849
6899	6849
6900	6800
6901	6800
6902	6801
6903	6801
6904	6802
6905	6802
6906	6803
6907	6803
6908	6804
6909	6804
6910	6805
6911	6805
6912	6806
6913	6806
6914	6807
6915	6807
6916	6808
6917	6808
6918	6809
6919	6809
6920	6810
6921	6810
6922	6811
6923	6811
6924	6812
6925	6812
6926	6813
6927	6813
6928	6814
6929	6814
6930	6815
6931	6815
6932	6816
6933	6816
6934	6817
6935	6817
6936	6818
6937	6818
6938	6819
6939	6819
6940	6820
6941	6820
6942	6821
6943	6821
6944	6822
6945	6822
6946	6823
6947	6823
6948	6824
6949	6824
6950	6825
6951	6825
6952	6826
6953	6826
6954	6827
6955	6827
6956	6828
6957	6828
6958	6829
6959	6829
6960	6830
6961	6830
6962	6831
6963	6831
6964	6832
6965	6832
6966	6833
6967	6833
6968	6834
6969	6834
6970	6835
6971	6835
6972	6836
6973	6836
6974	6837
6975	6837
6976	6838
6977	6838
6978	6839
6979	6839
6980	6840
6981	6840
6982	6841
6983	6841
6984	6842
6985	6842
6986	6843
6987	6843
6988	6844
6989	6844
6990	6845
6991	6845
6992	6846
6993	6846
6994	6847
6995	6847
6996	6848
6997	6848
6998	6849
6999	6849
7000	7000
7001	7000
7002	7001
7003	7001
7004	7002
7005	7002
7006	7003
7007	7003
7008	7004
7009	7004
7010	7005
7011	7005
7012	7006
7013	7006
7014	7007
7015	7007
7016	7008
7017	7008
7018	7009
7019	7009
7020	7010
7021	7010
7022	7011
7023	7011
7024	7012
7025	7012
7026	7013
7027	7013
7028	7014
7029	7014
7030	7015
7031	7015
7032	7016
7033	7016
7034	7017
7035	7017
7036	7018
7037	7018
7038	7019
7039	7019
7040	7020
7041	7020
7042	7021
7043	7021
7044	7022
7045	7022
7046	7023
7047	7023
7048	7024
7049	7024
7050	7025
7051	7025
7052	7026
7053	7026
7054	7027
7055	7027
7056	7028
7057	7028
7058	7029
7059	7029
7060	7030
7061	7030
7062	7031
7063	7031
7064	7032
7065	7032
7066	7033
7067	7033
7068	7034
7069	7034
7070	7035
7071	7035
7072	7036
7073	7036
7074	7037
7075	7037
7076	7038
7077	7038
7078	7039
7079	7039
7080	7040
7081	7040
7082	7041
7083	7041
7084	7042
7085	7042
7086	7043
7087	7043
7088	7044
7089	7044
7090	7045
7091	7045
7092	7046
7093	7046
7094	7047
7095	7047
7096	7048
7097	7048
7098	7049
7099	7049
7100	7000
7101	7000
7102	7001
7103	7001
7104	7002
7105	7002
7106	7003
7107	7003
7108	7004
7109	7004
7110	7005
7111	7005
7112	7006
7113	7006
7114	7007
7115	7007
7116	7008
7117	7008
7118	7009
7119	7009
7120	7010
7121	7010
7122	7011
7123	7011
7124	7012
7125	7012
7126	7013
7127	7013
7128	7014
7129	7014
7130	7015
7131	7015
7132	7016
7133	7016
7134	7017
7135	7017
7136	7018
7137	7018
7138	7019
7139	7019
7140	7020
7141	7020
7142	7021
7143	7021
7144	7022
7145	7022
7146	7023
7147	7023
7148	7024
7149	7024
7150	7025
7151	7025
7152	7026
7153	7026
7154	7027
7155	7027
7156	7028
7157	7028
7158	7029
7159	7029
7160	7030
7161	7030
7162	7031
7163	7031
7164	7032
7165	7032
7166	7033
7167	7033
7168	7034
7169	7034
7170	7035
7171	7035
7172	7036
7173	7036
7174	7037
7175	7037
7176	7038
7177	7038
7178	7039
7179	7039
7180	7040
7181	7040
7182	7041
7183	7041
7184	7042
7185	7042
7186	7043
7187	7043
7188	7044
7189	7044
7190	7045
7191	7045
7192	7046
7193	7046
7194	7047
7195	7047
7196	7048
7197	7048
7198	7049
7199	7049
7200	7200
7201	7200
7202	7201
7203	7201
7204	7202
7205	7202
7206	7203
7207	7203
7208	7204
7209	7204
7210	7205
7211	7205
7212	7206
7213	7206
7214	7207
7215	7207
7216	7208
7217	7208
7218	7209
7219	7209
7220	7210
7221	7210
7222	7211
7223	7211
7224	7212
7225	7212
7226	7213
7227	7213
7228	7214
7229	7214
7230	7215
7231	7215
7232	7216
7233	7216
7234	7217
7235	7217
7236	7218
7237	7218
7238	7219
7239	7219
7240	7220
7241	7220
7242	7221
7243	7221
7244	7222
7245	7222
7246	7223
7247	7223
7248	7224
7249	7224
7250	7225
7251	7225
7252	7226
7253	7226
7254	7227
7255	7227
7256	7228
7257	7228
7258	7229
7259	7229
7260	7230
7261	7230
7262	7231
7263	7231
7264	7232
7265	7232
7266	7233
7267	7233
7268	7234
7269	7234
7270	7235
7271	7235
7272	7236
7273	7236
7274	7237
7275	7237
7276	7238
7277	7238
7278	7239
7279	7239
7280	7240
7281	7240
7282	7241
7283	7241
7284	7242
7285	7242
7286	7243
7287	7243
7288	7244
7289	7244
7290	7245
7291	7245
7292	7246
7293	7246
7294	7247
7295	7247
7296	7248
7297	7248
7298	7249
7299	7249
7300	7200
7301	7200
7302	7201
7303	7201
7304	7202
7305	7202
7306	7203
7307	7203
7308	7204
7309	7204
7310	7205
7311	7205
7312	7206
7313	7206
7314	7207
7315	7207
7316	7208
7317	7208
7318	7209
7319	7209
7320	7210
7321	7210
7322	7211
7323	7211
7324	7212
7325	7212
7326	7213
7327	7213
7328	7214
7329	7214
7330	7215
7331	7215
7332	7216
7333	7216
7334	7217
7335	7217
7336	7218
7337	7218
7338	7219
7339	7219
7340	7220
7341	7220
7342	7221
7343	7221
7344	7222
7345	7222
7346	7223
7347	7223
7348	7224
7349	7224
7350	7225
7351	7225
7352	7226
7353	7226
7354	7227
7355	7227
7356	7228
7357	7228
7358	7229
7359	7229
7360	7230
7361	7230
7362	7231
7363	7231
7364	7232
7365	7232
7366	7233
7367	7233
7368	7234
7369	7234
7370	7235
7371	7235
7372	7236
7373	7236
7374	7237
7375	7237
7376	7238
7377	7238
7378	7239
7379	7239
7380	7240
7381	7240
7382	7241
7383	7241
7384	7242
7385	7242
7386	7243
7387	7243
7388	7244
7389	7244
7390	7245
7391	7245
7392	7246
7393	7246
7394	7247
7395	7247
7396	7248
7397	7248
7398	7249
7399	7249
7400	7400
7401	7400
7402	7401
7403	7401
7404	7402
7405	7402
7406	7403
7407	7403
7408	7404
7409	7404
7410	7405
7411	7405
7412	7406
7413	7406
7414	7407
7415	7407
7416	7408
7417	7408
7418	7409
7419	7409
7420	7410
7421	7410
7422	7411
7423	7411
7424	7412
7425	7412
7426	7413
7427	7413
7428	7414
7429	7414
7430	7415
7431	7415
7432	7416
7433	7416
7434	7417
7435	7417
7436	7418
7437	7418
7438	7419
7439	7419
7440	7420
7441	7420
7442	7421
7443	7421
7444	7422
7445	7422
7446	7423
7447	7423
7448	7424
7449	7424
7450	7425
7451	7425
7452	7426
7453	7426
7454	7427
7455	7427
7456	7428
7457	7428
7458	7429
7459	7429
7460	7430
7461	7430
7462	7431
7463	7431
7464	7432
7465	7432
7466	7433
7467	7433
7468	7434
7469	7434
7470	7435
7471	7435
7472	7436
7473	7436
7474	7437
7475	7437
7476	7438
7477	7438
7478	7439
7479	7439
7480	7440
7481	7440
7482	7441
7483	7441
7484	7442
7485	7442
7486	7443
7487	7443
7488	7444
7489	7444
7490	7445
7491	7445
7492	7446
7493	7446
7494	7447
7495	7447
7496	7448
7497	7448
7498	7449
7499	7449
7500	7400
7501	7400
7502	7401
7503	7401
7504	7402
7505	7402
7506	7403
7507	7403
7508	7404
7509	7404
7510	7405
7511	7405
7512	7406
7513	7406
7514	7407
7515	7407
7516	7408
7517	7408
7518	7409
7519	7409
7520	7410
7521	7410
7522	7411
7523	7411
7524	7412
7525	7412
7526	7413
7527	7413
7528	7414
7529	7414
7530	7415
7531	7415
7532	7416
7533	7416
7534	7417
7535	7417
7536	7418
7537	7418
7538	7419
7539	7419
7540	7420
7541	7420
7542	7421
7543	7421
7544	7422
7545	7422
7546	7423
7547	7423
7548	7424
7549	7424
7550	7425
7551	7425
7552	7426
7553	7426
7554	7427
7555	7427
7556	7428
7557	7428
7558	7429
7559	7429
7560	7430
7561	7430
7562	7431
7563	7431
7564	7432
7565	7432
7566	7433
7567	7433
7568	7434
7569	7434
7570	7435
7571	7435
7572	7436
7573	7436
7574	7437
7575	7437
7576	7438
7577	7438
7578	7439
7579	7439
7580	7440
7581	7440
7582	7441
7583	7441
7584	7442
7585	7442
7586	7443
7587	7443
7588	7444
7589	7444
7590	7445
7591	7445
7592	7446
7593	7446
7594	7447
7595	7447
7596	7448
7597	7448
7598	7449
7599	7449
7600	7600
7601	7600
7602	7601
7603	7601
7604	7602
7605	7602
7606	7603
7607	7603
7608	7604
7609	7604
7610	7605
7611	7605
7612	7606
7613	7606
7614	7607
7615	7607
7616	7608
7617	7608
7618	7609
7619	7609
7620	7610
7621	7610
7622	7611
7623	7611
7624	7612
7625	7612
7626	7613
7627	7613
7628	7614
7629	7614
7630	7615
7631	7615
7632	7616
7633	7616
7634	7617
7635	7617
7636	7618
7637	7618
7638	7619
7639	7619
7640	7620
7641	7620
7642	7621
7643	7621
7644	7622
7645	7622
7646	7623
7647	7623
7648	7624
7649	7624
7650	7625
7651	7625
7652	7626
7653	7626
7654	7627
7655	7627
7656	7628
7657	7628
7658	7629
7659	7629
7660	7630
7661	7630
7662	7631
7663	7631
7664	7632
7665	7632
7666	7633
7667	7633
7668	7634
7669	7634
7670	7635
7671	7635
7672	7636
7673	7636
7674	7637
7675	7637
7676	7638
7677	7638
7678	7639
7679	7639
7680	7640
7681	7640
7682	7641
7683	7641
7684	7642
7685	7642
7686	7643
7687	7643
7688	7644
7689	7644
7690	7645
7691	7645
7692	7646
7693	7646
7694	7647
7695	7647
7696	7648
7697	7648
7698	7649
7699	7649
7700	7600
7701	7600
7702	7601
7703	7601
7704	7602
7705	7602
7706	7603
7707	7603
7708	7604
7709	7604
7710	7605
7711	7605
7712	7606
7713	7606
7714	7607
7715	7607
7716	7608
7717	7608
7718	7609
7719	7609
7720	7610
7721	7610
7722	7611
7723	7611
7724	7612
7725	7612
7726	7613
7727	7613
7728	7614
7729	7614
7730	7615
7731	7615
7732	7616
7733	7616
7734	7617
7735	7617
7736	7618
7737	7618
7738	7619
7739	7619
7740	7620
7741	7620
7742	7621
7743	7621
7744	7622
7745	7622
7746	7623
7747	7623
7748	7624
7749	7624
7750	7625
7751	7625
7752	7626
7753	7626
7754	7627
7755	7627
7756	7628
7757	7628
7758	7629
7759	7629
7760	7630
7761	7630
7762	7631
7763	7631
7764	7632
7765	7632
7766	7633
7767	7633
7768	7634
7769	7634
7770	7635
7771	7635
7772	7636
7773	7636
7774	7637
7775	7637
7776	7638
7777	7638
7778	7639
7779	7639
7780	7640
7781	7640
7782	7641
7783	7641
7784	7642
7785	7642
7786	7643
7787	7643
7788	7644
7789	7644
7790	7645
7791	7645
7792	7646
7793	7646
7794	7647
7795	7647
7796	7648
7797	7648
7798	7649
7799	7649
7800	7800
7801	7800
7802	7801
7803	7801
7804	7802
7805	7802
7806	7803
7807	7803
7808	7804
7809	7804
7810	7805
7811	7805
7812	7806
7813	7806
7814	7807
7815	7807
7816	7808
7817	7808
7818	7809
7819	7809
7820	7810
7821	7810
7822	7811
7823	7811
7824	7812
7825	7812
7826	7813
7827	7813
7828	7814
7829	7814
7830	7815
7831	7815
7832	7816
7833	7816
7834	7817
7835	7817
7836	7818
7837	7818
7838	7819
7839	7819
7840	7820
7841	7820
7842	7821
7843	7821
7844	7822
7845	7822
7846	7823
7847	7823
7848	7824
7849	7824
7850	7825
7851	7825
7852	7826
7853	7826
7854	7827
7855	7827
7856	7828
7857	7828
7858	7829
7859	7829
7860	7830
7861	7830
7862	7831
7863	7831
7864	7832
7865	7832
7866	7833
7867	7833
7868	7834
7869	7834
7870	7835
7871	7835
7872	7836
7873	7836
7874	7837
7875	7837
7876	7838
7877	7838
7878	7839
7879	7839
7880	7840
7881	7840
7882	7841
7883	7841
7884	7842
7885	7842
7886	7843
7887	7843
7888	7844
7889	7844
7890	7845
7891	7845
7892	7846
7893	7846
7894	7847
7895	7847
7896	7848
7897	7848
7898	7849
7899	7849
7900	7800
7901	7800
7902	7801
7903	7801
7904	7802
7905	7802
7906	7803
7907	7803
7908	7804
7909	7804
7910	7805
7911	7805
7912	7806
7913	7806
7914	7807
7915	7807
7916	7808
7917	7808
7918	7809
7919	7809
7920	7810
7921	7810
7922	7811
7923	7811
7924	7812
7925	7812
7926	7813
7927	7813
7928	7814
7929	7814
7930	7815
7931	7815
7932	7816
7933	7816
7934	7817
7935	7817
7936	7818
7937	7818
7938	7819
7939	7819
7940	7820
7941	7820
7942	7821
7943	7821
7944	7822
7945	7822
7946	7823
7947	7823
7948	7824
7949	7824
7950	7825
7951	7825
7952	7826
7953	7826
7954	7827
7955	7827
7956	7828
7957	7828
7958	7829
7959	7829
7960	7830
7961	7830
7962	7831
7963	7831
7964	7832
7965	7832
7966	7833
7967	7833
7968	7834
7969	7834
7970	7835
7971	7835
7972	7836
7973	7836
7974	7837
7975	7837
7976	7838
7977	7838
7978	7839
7979	7839
7980	7840
7981	7840
7982	7841
7983	7841
7984	7842
7985	7842
7986	7843
7987	7843
7988	7844
7989	7844
7990	7845
7991	7845
7992	7846
7993	7846
7994	7847
7995	7847
7996	7848
7997	7848
7998	7849
7999	7849
8000	8000
8001	8000
8002	8001
8003	8001
8004	8002
8005	8002
8006	8003
8007	8003
8008	8004
8009	8004
8010	8005
8011	8005
8012	8006
8013	8006
8014	8007
8015	8007
8016	8008
8017	8008
8018	8009
8019	8009
8020	8010
8021	8010
8022	8011
8023	8011
8024	8012
8025	8012
8026	8013
8027	8013
8028	8014
8029	8014
8030	8015
8031	8015
8032	8016
8033	8016
8034	8017
8035	8017
8036	8018
8037	8018
8038	8019
8039	8019
8040	8020
8041	8020
8042	8021
8043	8021
8044	8022
8045	8022
8046	8023
8047	8023
8048	8024
8049	8024
8050	8025
8051	8025
8052	8026
8053	8026
8054	8027
8055	8027
8056	8028
8057	8028
8058	8029
8059	8029
8060	8030
8061	8030
8062	8031
8063	8031
8064	8032
8065	8032
8066	8033
8067	8033
8068	8034
8069	8034
8070	8035
8071	8035
8072	8036
8073	8036
8074	8037
8075	8037
8076	8038
8077	8038
8078	8039
8079	8039
8080	8040
8081	8040
8082	8041
8083	8041
8084	8042
8085	8042
8086	8043
8087	8043
8088	8044
8089	8044
8090	8045
8091	8045
8092	8046
8093	8046
8094	8047
8095	8047
8096	8048
8097	8048
8098	8049
8099	8049
8100	8000
8101	8000
8102	8001
8103	8001
8104	8002
8105	8002
8106	8003
8107	8003
8108	8004
8109	8004
8110	8005
8111	8005
8112	8006
8113	8006
8114	8007
8115	8007
8116	8008
8117	8008
8118	8009
8119	8009
8120	8010
8121	8010
8122	8011
8123	8011
8124	8012
8125	8012
8126	8013
8127	8013
8128	8014
8129	8014
8130	8015
8131	8015
8132	8016
8133	8016
8134	8017
8135	8017
8136	8018
8137	8018
8138	8019
8139	8019
8140	8020
8141	8020
8142	8021
8143	8021
8144	8022
8145	8022
8146	8023
8147	8023
8148	8024
8149	8024
8150	8025
8151	8025
8152	8026
8153	8026
8154	8027
8155	8027
8156	8028
8157	8028
8158	8029
8159	8029
8160	8030
8161	8030
8162	8031
8163	8031
8164	8032
8165	8032
8166	8033
8167	8033
8168	8034
8169	8034
8170	8035
8171	8035
8172	8036
8173	8036
8174	8037
8175	8037
8176	8038
8177	8038
8178	8039
8179	8039
8180	8040
8181	8040
8182	8041
8183	8041
8184	8042
8185	8042
8186	8043
8187	8043
8188	8044
8189	8044
8190	8045
8191	8045
8192	8046
8193	8046
8194	8047
8195	8047
8196	8048
8197	8048
8198	8049
8199	8049
8200	8200
8201	8200
8202	8201
8203	8201
8204	8202
8205	8202
8206	8203
8207	8203
8208	8204
8209	8204
8210	8205
8211	8205
8212	8206
8213	8206
8214	8207
8215	8207
8216	8208
8217	8208
8218	8209
8219	8209
8220	8210
8221	8210
8222	8211
8223	8211
8224	8212
8225	8212
8226	8213
8227	8213
8228	8214
8229	8214
8230	8215
8231	8215
8232	8216
8233	8216
8234	8217
8235	8217
8236	8218
8237	8218
8238	8219
8239	8219
8240	8220
8241	8220
8242	8221
8243	8221
8244	8222
8245	8222
8246	8223
8247	8223
8248	8224
8249	8224
8250	8225
8251	8225
8252	8226
8253	8226
8254	8227
8255	8227
8256	8228
8257	8228
8258	8229
8259	8229
8260	8230
8261	8230
8262	8231
8263	8231
8264	8232
8265	8232
8266	8233
8267	8233
8268	8234
8269	8234
8270	8235
8271	8235
8272	8236
8273	8236
8274	8237
8275	8237
8276	8238
8277	8238
8278	8239
8279	8239
8280	8240
8281	8240
8282	8241
8283	8241
8284	8242
8285	8242
8286	8243
8287	8243
8288	8244
8289	8244
8290	8245
8291	8245
8292	8246
8293	8246
8294	8247
8295	8247
8296	8248
8297	8248
8298	8249
8299	8249
8300	8200
8301	8200
8302	8201
8303	8201
8304	8202
8305	8202
8306	8203
8307	8203
8308	8204
8309	8204
8310	8205
8311	8205
8312	8206
8313	8206
8314	8207
8315	8207
8316	8208
8317	8208
8318	8209
8319	8209
8320	8210
8321	8210
8322	8211
8323	8211
8324	8212
8325	8212
8326	8213
8327	8213
8328	8214
8329	8214
8330	8215
8331	8215
8332	8216
8333	8216
8334	8217
8335	8217
8336	8218
8337	8218
8338	8219
8339	8219
8340	8220
8341	8220
8342	8221
8343	8221
8344	8222
8345	8222
8346	8223
8347	8223
8348	8224
8349	8224
8350	8225
8351	8225
8352	8226
8353	8226
8354	8227
8355	8227
8356	8228
8357	8228
8358	8229
8359	8229
8360	8230
8361	8230
8362	8231
8363	8231
8364	8232
8365	8232
8366	8233
8367	8233
8368	8234
8369	8234
8370	8235
8371	8235
8372	8236
8373	8236
8374	8237
8375	8237
8376	8238
8377	8238
8378	8239
8379	8239
8380	8240
8381	8240
8382	8241
8383	8241
8384	8242
8385	8242
8386	8243
8387	8243
8388	8244
8389	8244
8390	8245
8391	8245
8392	8246
8393	8246
8394	8247
8395	8247
8396	8248
8397	8248
8398	8249
8399	8249
8400	8400
8401	8400
8402	8401
8403	8401
8404	8402
8405	8402
8406	8403
8407	8403
8408	8404
8409	8404
8410	8405
8411	8405
8412	8406
8413	8406
8414	8407
8415	8407
8416	8408
8417	8408
8418	8409
8419	8409
8420	8410
8421	8410
8422	8411
8423	8411
8424	8412
8425	8412
8426	8413
8427	8413
8428	8414
8429	8414
8430	8415
8431	8415
8432	8416
8433	8416
8434	8417
8435	8417
8436	8418
8437	8418
8438	8419
8439	8419
8440	8420
8441	8420
8442	8421
8443	8421
8444	8422
8445	8422
8446	8423
8447	8423
8448	8424
8449	8424
8450	8425
8451	8425
8452	8426
8453	8426
8454	8427
8455	8427
8456	8428
8457	8428
8458	8429
8459	8429
8460	8430
8461	8430
8462	8431
8463	8431
8464	8432
8465	8432
8466	8433
8467	8433
8468	8434
8469	8434
8470	8435
8471	8435
8472	8436
8473	8436
8474	8437
8475	8437
8476	8438
8477	8438
8478	8439
8479	8439
8480	8440
8481	8440
8482	8441
8483	8441
8484	8442
8485	8442
8486	8443
8487	8443
8488	8444
8489	8444
8490	8445
8491	8445
8492	8446
8493	8446
8494	8447
8495	8447
8496	8448
8497	8448
8498	8449
8499	8449
8500	8400
8501	8400
8502	8401
8503	8401
8504	8402
8505	8402
8506	8403
8507	8403
8508	8404
8509	8404
8510	8405
8511	8405
8512	8406
8513	8406
8514	8407
8515	8407
8516	8408
8517	8408
8518	8409
8519	8409
8520	8410
8521	8410
8522	8411
8523	8411
8524	8412
8525	8412
8526	8413
8527	8413
8528	8414
8529	8414
8530	8415
8531	8415
8532	8416
8533	8416
8534	8417
8535	8417
8536	8418
8537	8418
8538	8419
8539	8419
8540	8420
8541	8420
8542	8421
8543	8421
8544	8422
8545	8422
8546	8423
8547	8423
8548	8424
8549	8424
8550	8425
8551	8425
8552	8426
8553	8426
8554	8427
8555	8427
8556	8428
8557	8428
8558	8429
8559	8429
8560	8430
8561	8430
8562	8431
8563	8431
8564	8432
8565	8432
8566	8433
8567	8433
8568	8434
8569	8434
8570	8435
8571	8435
8572	8436
8573	8436
8574	8437
8575	8437
8576	8438
8577	8438
8578	8439
8579	8439
8580	8440
8581	8440
8582	8441
8583	8441
8584	8442
8585	8442
8586	8443
8587	8443
8588	8444
8589	8444
8590	8445
8591	8445
8592	8446
8593	8446
8594	8447
8595	8447
8596	8448
8597	8448
8598	8449
8599	8449
8600	8600
8601	8600
8602	8601
8603	8601
8604	8602
8605	8602
8606	8603
8607	8603
8608	8604
8609	8604
8610	8605
8611	8605
8612	8606
8613	8606
8614	8607
8615	8607
8616	8608
8617	8608
8618	8609
8619	8609
8620	8610
8621	8610
8622	8611
8623	8611
8624	8612
8625	8612
8626	8613
8627	8613
8628	8614
8629	8614
8630	8615
8631	8615
8632	8616
8633	8616
8634	8617
8635	8617
8636	8618
8637	8618
8638	8619
8639	8619
8640	8620
8641	8620
8642	8621
8643	8621
8644	8622
8645	8622
8646	8623
8647	8623
8648	8624
8649	8624
8650	8625
8651	8625
8652	8626
8653	8626
8654	8627
8655	8627
8656	8628
8657	8628
8658	8629
8659	8629
8660	8630
8661	8630
8662	8631
8663	8631
8664	8632
8665	8632
8666	8633
8667	8633
8668	8634
8669	8634
8670	8635
8671	8635
8672	8636
8673	8636
8674	8637
8675	8637
8676	8638
8677	8638
8678	8639
8679	8639
8680	8640
8681	8640
8682	8641
8683	8641
8684	8642
8685	8642
8686	8643
8687	8643
8688	8644
8689	8644
8690	8645
8691	8645
8692	8646
8693	8646
8694	8647
8695	8647
8696	8648
8697	8648
8698	8649
8699	8649
8700	8600
8701	8600
8702	8601
8703	8601
8704	8602
8705	8602
8706	8603
8707	8603
8708	8604
8709	8604
8710	8605
8711	8605
8712	8606
8713	8606
8714	8607
8715	8607
8716	8608
8717	8608
8718	8609
8719	8609
8720	8610
8721	8610
8722	8611
8723	8611
8724	8612
8725	8612
8726	8613
8727	8613
8728	8614
8729	8614
8730	8615
8731	8615
8732	8616
8733	8616
8734	8617
8735	8617
8736	8618
8737	8618
8738	8619
8739	8619
8740	8620
8741	8620
8742	8621
8743	8621
8744	8622
8745	8622
8746	8623
8747	8623
8748	8624
8749	8624
8750	8625
8751	8625
8752	8626
8753	8626
8754	8627
8755	8627
8756	8628
8757	8628
8758	8629
8759	8629
8760	8630
8761	8630
8762	8631
8763	8631
8764	8632
8765	8632
8766	8633
8767	8633
8768	8634
8769	8634
8770	8635
8771	8635
8772	8636
8773	8636
8774	8637
8775	8637
8776	8638
8777	8638
8778	8639
8779	8639
8780	8640
8781	8640
8782	8641
8783	8641
8784	8642
8785	8642
8786	8643
8787	8643
8788	8644
8789	8644
8790	8645
8791	8645
8792	8646
8793	8646
8794	8647
8795	8647
8796	8648
8797	8648
8798	8649
8799	8649
8800	8800
8801	8800
8802	8801
8803	8801
8804	8802
8805	8802
8806	8803
8807	8803
8808	8804
8809	8804
8810	8805
8811	8805
8812	8806
8813	8806
8814	8807
8815	8807
8816	8808
8817	8808
8818	8809
8819	8809
8820	8810
8821	8810
8822	8811
8823	8811
8824	8812
8825	8812
8826	8813
8827	8813
8828	8814
8829	8814
8830	8815
8831	8815
8832	8816
8833	8816
8834	8817
8835	8817
8836	8818
8837	8818
8838	8819
8839	8819
8840	8820
8841	8820
8842	8821
8843	8821
8844	8822
8845	8822
8846	8823
8847	8823
8848	8824
8849	8824
8850	8825
8851	8825
8852	8826
8853	8826
8854	8827
8855	8827
8856	8828
8857	8828
8858	8829
8859	8829
8860	8830
8861	8830
8862	8831
8863	8831
8864	8832
8865	8832
8866	8833
8867	8833
8868	8834
8869	8834
8870	8835
8871	8835
8872	8836
8873	8836
8874	8837
8875	8837
8876	8838
8877	8838
8878	8839
8879	8839
8880	8840
8881	8840
8882	8841
8883	8841
8884	8842
8885	8842
8886	8843
8887	8843
8888	8844
8889	8844
8890	8845
8891	8845
8892	8846
8893	8846
8894	8847
8895	8847
8896	8848
8897	8848
8898	8849
8899	8849
8900	8800
8901	8800
8902	8801
8903	8801
8904	8802
8905	8802
8906	8803
8907	8803
8908	8804
8909	8804
8910	8805
8911	8805
8912	8806
8913	8806
8914	8807
8915	8807
8916	8808
8917	8808
8918	8809
8919	8809
8920	8810
8921	8810
8922	8811
8923	8811
8924	8812
8925	8812
8926	8813
8927	8813
8928	8814
8929	8814
8930	8815
8931	8815
8932	8816
8933	8816
8934	8817
8935	8817
8936	8818
8937	8818
8938	8819
8939	8819
8940	8820
8941	8820
8942	8821
8943	8821
8944	8822
8945	8822
8946	8823
8947	8823
8948	8824
8949	8824
8950	8825
8951	8825
8952	8826
8953	8826
8954	8827
8955	8827
8956	8828
8957	8828
8958	8829
8959	8829
8960	8830
8961	8830
8962	8831
8963	8831
8964	8832
8965	8832
8966	8833
8967	8833
8968	8834
8969	8834
8970	8835
8971	8835
8972	8836
8973	8836
8974	8837
8975	8837
8976	8838
8977	8838
8978	8839
8979	8839
8980	8840
8981	8840
8982	8841
8983	8841
8984	8842
8985	8842
8986	8843
8987	8843
8988	8844
8989	8844
8990	8845
8991	8845
8992	8846
8993	8846
8994	8847
8995	8847
8996	8848
8997	8848
8998	8849
8999	8849
9000	9000
9001	9000
9002	9001
9003	9001
9004	9002
9005	9002
9006	9003
9007	9003
9008	9004
9009	9004
9010	9005
9011	9005
9012	9006
9013	9006
9014	9007
9015	9007
9016	9008
9017	9008
9018	9009
9019	9009
9020	9010
9021	9010
9022	9011
9023	9011
9024	9012
9025	9012
9026	9013
9027	9013
9028	9014
9029	9014
9030	9015
9031	9015
9032	9016
9033	9016
9034	9017
9035	9017
9036	9018
9037	9018
9038	9019
9039	9019
9040	9020
9041	9020
9042	9021
9043	9021
9044	9022
9045	9022
9046	9023
9047	9023
9048	9024
9049	9024
9050	9025
9051	9025
9052	9026
9053	9026
9054	9027
9055	9027
9056	9028
9057	9028
9058	9029
9059	9029
9060	9030
9061	9030
9062	9031
9063	9031
9064	9032
9065	9032
9066	9033
9067	9033
9068	9034
9069	9034
9070	9035
9071	9035
9072	9036
9073	9036
9074	9037
9075	9037
9076	9038
9077	9038
9078	9039
9079	9039
9080	9040
9081	9040
9082	9041
9083	9041
9084	9042
9085	9042
9086	9043
9087	9043
9088	9044
9089	9044
9090	9045
9091	9045
9092	9046
9093	9046
9094	9047
9095	9047
9096	9048
9097	9048
9098	9049
9099	9049
9100	9000
9101	9000
9102	9001
9103	9001
9104	9002
9105	9002
9106	9003
9107	9003
9108	9004
9109	9004
9110	9005
9111	9005
9112	9006
9113	9006
9114	9007
9115	9007
9116	9008
9117	9008
9118	9009
9119	9009
9120	9010
9121	9010
9122	9011
9123	9011
9124	9012
9125	9012
9126	9013
9127	9013
9128	9014
9129	9014
9130	9015
9131	9015
9132	9016
9133	9016
9134	9017
9135	9017
9136	9018
9137	9018
9138	9019
9139	9019
9140	9020
9141	9020
9142	9021
9143	9021
9144	9022
9145	9022
9146	9023
9147	9023
9148	9024
9149	9024
9150	9025
9151	9025
9152	9026
9153	9026
9154	9027
9155	9027
9156	9028
9157	9028
9158	9029
9159	9029
9160	9030
9161	9030
9162	9031
9163	9031
9164	9032
9165	9032
9166	9033
9167	9033
9168	9034
9169	9034
9170	9035
9171	9035
9172	9036
9173	9036
9174	9037
9175	9037
9176	9038
9177	9038
9178	9039
9179	9039
9180	9040
9181	9040
9182	9041
9183	9041
9184	9042
9185	9042
9186	9043
9187	9043
9188	9044
9189	9044
9190	9045
9191	9045
9192	9046
9193	9046
9194	9047
9195	9047
9196	9048
9197	9048
9198	9049
9199	9049
9200	9200
9201	9200
9202	9201
9203	9201
9204	9202
9205	9202
9206	9203
9207	9203
9208	9204
9209	9204
9210	9205
9211	9205
9212	9206
9213	9206
9214	9207
9215	9207
9216	9208
9217	9208
9218	9209
9219	9209
9220	9210
9221	9210
9222	9211
9223	9211
9224	9212
9225	9212
9226	9213
9227	9213
9228	9214
9229	9214
9230	9215
9231	9215
9232	9216
9233	9216
9234	9217
9235	9217
9236	9218
9237	9218
9238	9219
9239	9219
9240	9220
9241	9220
9242	9221
9243	9221
9244	9222
9245	9222
9246	9223
9247	9223
9248	9224
9249	9224
9250	9225
9251	9225
9252	9226
9253	9226
9254	9227
9255	9227
9256	9228
9257	9228
9258	9229
9259	9229
9260	9230
9261	9230
9262	9231
9263	9231
9264	9232
9265	9232
9266	9233
9267	9233
9268	9234
9269	9234
9270	9235
9271	9235
9272	9236
9273	9236
9274	9237
9275	9237
9276	9238
9277	9238
9278	9239
9279	9239
9280	9240
9281	9240
9282	9241
9283	9241
9284	9242
9285	9242
9286	9243
9287	9243
9288	9244
9289	9244
9290	9245
9291	9245
9292	9246
9293	9246
9294	9247
9295	9247
9296	9248
9297	9248
9298	9249
9299	9249
9300	9200
9301	9200
9302	9201
9303	9201
9304	9202
9305	9202
9306	9203
9307	9203
9308	9204
9309	9204
9310	9205
9311	9205
9312	9206
9313	9206
9314	9207
9315	9207
9316	9208
9317	9208
9318	9209
9319	9209
9320	9210
9321	9210
9322	9211
9323	9211
9324	9212
9325	9212
9326	9213
9327	9213
9328	9214
9329	9214
9330	9215
9331	9215
9332	9216
9333	9216
9334	9217
9335	9217
9336	9218
9337	9218
9338	9219
9339	9219
9340	9220
9341	9220
9342	9221
9343	9221
9344	9222
9345	9222
9346	9223
9347	9223
9348	9224
9349	9224
9350	9225
9351	9225
9352	9226
9353	9226
9354	9227
9355	9227
9356	9228
9357	9228
9358	9229
9359	9229
9360	9230
9361	9230
9362	9231
9363	9231
9364	9232
9365	9232
9366	9233
9367	9233
9368	9234
9369	9234
9370	9235
9371	9235
9372	9236
9373	9236
9374	9237
9375	9237
9376	9238
9377	9238
9378	9239
9379	9239
9380	9240
9381	9240
9382	9241
9383	9241
9384	9242
9385	9242
9386	9243
9387	9243
9388	9244
9389	9244
9390	9245
9391	9245
9392	9246
9393	9246
9394	9247
9395	9247
9396	9248
9397	9248
9398	9249
9399	9249
9400	9400
9401	9400
9402	9401
9403	9401
9404	9402
9405	9402
9406	9403
9407	9403
9408	9404
9409	9404
9410	9405
9411	9405
9412	9406
9413	9406
9414	9407
9415	9407
9416	9408
9417	9408
9418	9409
9419	9409
9420	9410
9421	9410
9422	9411
9423	9411
9424	9412
9425	9412
9426	9413
9427	9413
9428	9414
9429	9414
9430	9415
9431	9415
9432	9416
9433	9416
9434	9417
9435	9417
9436	9418
9437	9418
9438	9419
9439	9419
9440	9420
9441	9420
9442	9421
9443	9421
9444	9422
9445	9422
9446	9423
9447	9423
9448	9424
9449	9424
9450	9425
9451	9425
9452	9426
9453	9426
9454	9427
9455	9427
9456	9428
9457	9428
9458	9429
9459	9429
9460	9430
9461	9430
9462	9431
9463	9431
9464	9432
9465	9432
9466	9433
9467	9433
9468	9434
9469	9434
9470	9435
9471	9435
9472	9436
9473	9436
9474	9437
9475	9437
9476	9438
9477	9438
9478	9439
9479	9439
9480	9440
9481	9440
9482	9441
9483	9441
9484	9442
9485	9442
9486	9443
9487	9443
9488	9444
9489	9444
9490	9445
9491	9445
9492	9446
9493	9446
9494	9447
9495	9447
9496	9448
9497	9448
9498	9449
9499	9449
9500	9400
9501	9400
9502	9401
9503	9401
9504	9402
9505	9402
9506	9403
9507	9403
9508	9404
9509	9404
9510	9405
9511	9405
9512	9406
9513	9406
9514	9407
9515	9407
9516	9408
9517	9408
9518	9409
9519	9409
9520	9410
9521	9410
9522	9411
9523	9411
9524	9412
9525	9412
9526	9413
9527	9413
9528	9414
9529	9414
9530	9415
9531	9415
9532	9416
9533	9416
9534	9417
9535	9417
9536	9418
9537	9418
9538	9419
9539	9419
9540	9420
9541	9420
9542	9421
9543	9421
9544	9422
9545	9422
9546	9423
9547	9423
9548	9424
9549	9424
9550	9425
9551	9425
9552	9426
9553	9426
9554	9427
9555	9427
9556	9428
9557	9428
9558	9429
9559	9429
9560	9430
9561	9430
9562	9431
9563	9431
9564	9432
9565	9432
9566	9433
9567	9433
9568	9434
9569	9434
9570	9435
9571	9435
9572	9436
9573	9436
9574	9437
9575	9437
9576	9438
9577	9438
9578	9439
9579	9439
9580	9440
9581	9440
9582	9441
9583	9441
9584	9442
9585	9442
9586	9443
9587	9443
9588	9444
9589	9444
9590	9445
9591	9445
9592	9446
9593	9446
9594	9447
9595	9447
9596	9448
9597	9448
9598	9449
9599	9449
9600	9600
9601	9600
9602	9601
9603	9601
9604	9602
9605	9602
9606	9603
9607	9603
9608	9604
9609	9604
9610	9605
9611	9605
9612	9606
9613	9606
9614	9607
9615	9607
9616	9608
9617	9608
9618	9609
9619	9609
9620	9610
9621	9610
9622	9611
9623	9611
9624	9612
9625	9612
9626	9613
9627	9613
9628	9614
9629	9614
9630	9615
9631	9615
9632	9616
9633	9616
9634	9617
9635	9617
9636	9618
9637	9618
9638	9619
9639	9619
9640	9620
9641	9620
9642	9621
9643	9621
9644	9622
9645	9622
9646	9623
9647	9623
9648	9624
9649	9624
9650	9625
9651	9625
9652	9626
9653	9626
9654	9627
9655	9627
9656	9628
9657	9628
9658	9629
9659	9629
9660	9630
9661	9630
9662	9631
9663	9631
9664	9632
9665	9632
9666	9633
9667	9633
9668	9634
9669	9634
9670	9635
9671	9635
9672	9636
9673	9636
9674	9637
9675	9637
9676	9638
9677	9638
9678	9639
9679	9639
9680	9640
9681	9640
9682	9641
9683	9641
9684	9642
9685	9642
9686	9643
9687	9643
9688	9644
9689	9644
9690	9645
9691	9645
9692	9646
9693	9646
9694	9647
9695	9647
9696	9648
9697	9648
9698	9649
9699	9649
9700	9600
9701	9600
9702	9601
9703	9601
9704	9602
9705	9602
9706	9603
9707	9603
9708	9604
9709	9604
9710	9605
9711	9605
9712	9606
9713	9606
9714	9607
9715	9607
9716	9608
9717	9608
9718	9609
9719	9609
9720	9610
9721	9610
9722	9611
9723	9611
9724	9612
9725	9612
9726	9613
9727	9613
9728	9614
9729	9614
9730	9615
9731	9615
9732	9616
9733	9616
9734	9617
9735	9617
9736	9618
9737	9618
9738	9619
9739	9619
9740	9620
9741	9620
9742	9621
9743	9621
9744	9622
9745	9622
9746	9623
9747	9623
9748	9624
9749	9624
9750	9625
9751	9625
9752	9626
9753	9626
9754	9627
9755	9627
9756	9628
9757	9628
9758	9629
9759	9629
9760	9630
9761	9630
9762	9631
9763	9631
9764	9632
9765	9632
9766	9633
9767	9633
9768	9634
9769	9634
9770	9635
9771	9635
9772	9636
9773	9636
9774	9637
9775	9637
9776	9638
9777	9638
9778	9639
9779	9639
9780	9640
9781	9640
9782	9641
9783	9641
9784	9642
9785	9642
9786	9643
9787	9643
9788	9644
9789	9644
9790	9645
9791	9645
9792	9646
9793	9646
9794	9647
9795	9647
9796	9648
9797	9648
9798	9649
9799	9649
9800	9800
9801	9800
9802	9801
9803	9801
9804	9802
9805	9802
9806	9803
9807	9803
9808	9804
9809	9804
9810	9805
9811	9805
9812	9806
9813	9806
9814	9807
9815	9807
9816	9808
9817	9808
9818	9809
9819	9809
9820	9810
9821	9810
9822	9811
9823	9811
9824	9812
9825	9812
9826	9813
9827	9813
9828	9814
9829	9814
9830	9815
9831	9815
9832	9816
9833	9816
9834	9817
9835	9817
9836	9818
9837	9818
9838	9819
9839	9819
9840	9820
9841	9820
9842	9821
9843	9821
9844	9822
9845	9822
9846	9823
9847	9823
9848	9824
9849	9824
9850	9825
9851	9825
9852	9826
9853	9826
9854	9827
9855	9827
9856	9828
9857	9828
9858	9829
9859	9829
9860	9830
9861	9830
9862	9831
9863	9831
9864	9832
9865	9832
9866	9833
9867	9833
9868	9834
9869	9834
9870	9835
9871	9835
9872	9836
9873	9836
9874	9837
9875	9837
9876	9838
9877	9838
9878	9839
9879	9839
9880	9840
9881	9840
9882	9841
9883	9841
9884	9842
9885	9842
9886	9843
9887	9843
9888	9844
9889	9844
9890	9845
9891	9845
9892	9846
9893	9846
9894	9847
9895	9847
9896	9848
9897	9848
9898	9849
9899	9849
9900	9800
9901	9800
9902	9801
9903	9801
9904	9802
9905	9802
9906	9803
9907	9803
9908	9804
9909	9804
9910	9805
9911	9805
9912	9806
9913	9806
9914	9807
9915	9807
9916	9808
9917	9808
9918	9809
9919	9809
9920	9810
9921	9810
9922	9811
9923	9811
9924	9812
9925	9812
9926	9813
9927	9813
9928	9814
9929	9814
9930	9815
9931	9815
9932	9816
9933	9816
9934	9817
9935	9817
9936	9818
9937	9818
9938	9819
9939	9819
9940	9820
9941	9820
9942	9821
9943	9821
9944	9822
9945	9822
9946	9823
9947	9823
9948	9824
9949	9824
9950	9825
9951	9825
9952	9826
9953	9826
9954	9827
9955	9827
9956	9828
9957	9828
9958	9829
9959	9829
9960	9830
9961	9830
9962	9831
9963	9831
9964	9832
9965	9832
9966	9833
9967	9833
9968	9834
9969	9834
9970	9835
9971	9835
9972	9836
9973	9836
9974	9837
9975	9837
9976	9838
9977	9838
9978	9839
9979	9839
9980	9840
9981	9840
9982	9841
9983	9841
9984	9842
9985	9842
9986	9843
9987	9843
9988	9844
9989	9844
9990	9845
9991	9845
9992	9846
9993	9846
9994	9847
9995	9847
9996	9848
9997	9848
9998	9849
9999	9849
10000	10000
10001	10000
10002	10001
10003	10001
10004	10002
10005	10002
10006	10003
10007	10003
10008	10004
10009	10004
10010	10005
10011	10005
10012	10006
10013	10006
10014	10007
10015	10007
10016	10008
10017	10008
10018	10009
10019	10009
10020	10010
10021	10010
10022	10011
10023	10011
10024	10012
10025	10012
10026	10013
10027	10013
10028	10014
10029	10014
10030	10015
10031	10015
10032	10016
10033	10016
10034	10017
10035	10017
10036	10018
10037	10018
10038	10019
10039	10019
10040	10020
10041	10020
10042	10021
10043	10021
10044	10022
10045	10022
10046	10023
10047	10023
10048	10024
10049	10024
10050	10025
10051	10025
10052	10026
10053	10026
10054	10027
10055	10027
10056	10028
10057	10028
10058	10029
10059	10029
10060	10030
10061	10030
10062	10031
10063	10031
10064	10032
10065	10032
10066	10033
10067	10033
10068	10034
10069	10034
10070	10035
10071	10035
10072	10036
10073	10036
10074	10037
10075	10037
10076	10038
10077	10038
10078	10039
10079	10039
10080	10040
10081	10040
10082	10041
10083	10041
10084	10042
10085	10042
10086	10043
10087	10043
10088	10044
10089	10044
10090	10045
10091	10045
10092	10046
10093	10046
10094	10047
10095	10047
10096	10048
10097	10048
10098	10049
10099	10049
10100	10000
10101	10000
10102	10001
10103	10001
10104	10002
10105	10002
10106	10003
10107	10003
10108	10004
10109	10004
10110	10005
10111	10005
10112	10006
10113	10006
10114	10007
10115	10007
10116	10008
10117	10008
10118	10009
10119	10009
10120	10010
10121	10010
10122	10011
10123	10011
10124	10012
10125	10012
10126	10013
10127	10013
10128	10014
10129	10014
10130	10015
10131	10015
10132	10016
10133	10016
10134	10017
10135	10017
10136	10018
10137	10018
10138	10019
10139	10019
10140	10020
10141	10020
10142	10021
10143	10021
10144	10022
10145	10022
10146	10023
10147	10023
10148	10024
10149	10024
10150	10025
10151	10025
10152	10026
10153	10026
10154	10027
10155	10027
10156	10028
10157	10028
10158	10029
10159	10029
10160	10030
10161	10030
10162	10031
10163	10031
10164	10032
10165	10032
10166	10033
10167	10033
10168	10034
10169	10034
10170	10035
10171	10035
10172	10036
10173	10036
10174	10037
10175	10037
10176	10038
10177	10038
10178	10039
10179	10039
10180	10040
10181	10040
10182	10041
10183	10041
10184	10042
10185	10042
10186	10043
10187	10043
10188	10044
10189	10044
10190	10045
10191	10045
10192	10046
10193	10046
10194	10047
10195	10047
10196	10048
10197	10048
10198	10049
10199	10049
10200	10200
10201	10200
10202	10201
10203	10201
10204	10202
10205	10202
10206	10203
10207	10203
10208	10204
10209	10204
10210	10205
10211	10205
10212	10206
10213	10206
10214	10207
10215	10207
10216	10208
10217	10208
10218	10209
10219	10209
10220	10210
10221	10210
10222	10211
10223	10211
10224	10212
10225	10212
10226	10213
10227	10213
10228	10214
10229	10214
10230	10215
10231	10215
10232	10216
10233	10216
10234	10217
10235	10217
10236	10218
10237	10218
10238	10219
10239	10219
10240	10220
10241	10220
10242	10221
10243	10221
10244	10222
10245	10222
10246	10223
10247	10223
10248	10224
10249	10224
10250	10225
10251	10225
10252	10226
10253	10226
10254	10227
10255	10227
10256	10228
10257	10228
10258	10229
10259	10229
10260	10230
10261	10230
10262	10231
10263	10231
10264	10232
10265	10232
10266	10233
10267	10233
10268	10234
10269	10234
10270	10235
10271	10235
10272	10236
10273	10236
10274	10237
10275	10237
10276	10238
10277	10238
10278	10239
10279	10239
10280	10240
10281	10240
10282	10241
10283	10241
10284	10242
10285	10242
10286	10243
10287	10243
10288	10244
10289	10244
10290	10245
10291	10245
10292	10246
10293	10246
10294	10247
10295	10247
10296	10248
10297	10248
10298	10249
10299	10249
10300	10200
10301	10200
10302	10201
10303	10201
10304	10202
10305	10202
10306	10203
10307	10203
10308	10204
10309	10204
10310	10205
10311	10205
10312	10206
10313	10206
10314	10207
10315	10207
10316	10208
10317	10208
10318	10209
10319	10209
10320	10210
10321	10210
10322	10211
10323	10211
10324	10212
10325	10212
10326	10213
10327	10213
10328	10214
10329	10214
10330	10215
10331	10215
10332	10216
10333	10216
10334	10217
10335	10217
10336	10218
10337	10218
10338	10219
10339	10219
10340	10220
10341	10220
10342	10221
10343	10221
10344	10222
10345	10222
10346	10223
10347	10223
10348	10224
10349	10224
10350	10225
10351	10225
10352	10226
10353	10226
10354	10227
10355	10227
10356	10228
10357	10228
10358	10229
10359	10229
10360	10230
10361	10230
10362	10231
10363	10231
10364	10232
10365	10232
10366	10233
10367	10233
10368	10234
10369	10234
10370	10235
10371	10235
10372	10236
10373	10236
10374	10237
10375	10237
10376	10238
10377	10238
10378	10239
10379	10239
10380	10240
10381	10240
10382	10241
10383	10241
10384	10242
10385	10242
10386	10243
10387	10243
10388	10244
10389	10244
10390	10245
10391	10245
10392	10246
10393	10246
10394	10247
10395	10247
10396	10248
10397	10248
10398	10249
10399	10249
10400	10400
10401	10400
10402	10401
10403	10401
10404	10402
10405	10402
10406	10403
10407	10403
10408	10404
10409	10404
10410	10405
10411	10405
10412	10406
10413	10406
10414	10407
10415	10407
10416	10408
10417	10408
10418	10409
10419	10409
10420	10410
10421	10410
10422	10411
10423	10411
10424	10412
10425	10412
10426	10413
10427	10413
10428	10414
10429	10414
10430	10415
10431	10415
10432	10416
10433	10416
10434	10417
10435	10417
10436	10418
10437	10418
10438	10419
10439	10419
10440	10420
10441	10420
10442	10421
10443	10421
10444	10422
10445	10422
10446	10423
10447	10423
10448	10424
10449	10424
10450	10425
10451	10425
10452	10426
10453	10426
10454	10427
10455	10427
10456	10428
10457	10428
10458	10429
10459	10429
10460	10430
10461	10430
10462	10431
10463	10431
10464	10432
10465	10432
10466	10433
10467	10433
10468	10434
10469	10434
10470	10435
10471	10435
10472	10436
10473	10436
10474	10437
10475	10437
10476	10438
10477	10438
10478	10439
10479	10439
10480	10440
10481	10440
10482	10441
10483	10441
10484	10442
10485	10442
10486	10443
10487	10443
10488	10444
10489	10444
10490	10445
10491	10445
10492	10446
10493	10446
10494	10447
10495	10447
10496	10448
10497	10448
10498	10449
10499	10449
10500	10400
10501	10400
10502	10401
10503	10401
10504	10402
10505	10402
10506	10403
10507	10403
10508	10404
10509	10404
10510	10405
10511	10405
10512	10406
10513	10406
10514	10407
10515	10407
10516	10408
10517	10408
10518	10409
10519	10409
10520	10410
10521	10410
10522	10411
10523	10411
10524	10412
10525	10412
10526	10413
10527	10413
10528	10414
10529	10414
10530	10415
10531	10415
10532	10416
10533	10416
10534	10417
10535	10417
10536	10418
10537	10418
10538	10419
10539	10419
10540	10420
10541	10420
10542	10421
10543	10421
10544	10422
10545	10422
10546	10423
10547	10423
10548	10424
10549	10424
10550	10425
10551	10425
10552	10426
10553	10426
10554	10427
10555	10427
10556	10428
10557	10428
10558	10429
10559	10429
10560	10430
10561	10430
10562	10431
10563	10431
10564	10432
10565	10432
10566	10433
10567	10433
10568	10434
10569	10434
10570	10435
10571	10435
10572	10436
10573	10436
10574	10437
10575	10437
10576	10438
10577	10438
10578	10439
10579	10439
10580	10440
10581	10440
10582	10441
10583	10441
10584	10442
10585	10442
10586	10443
10587	10443
10588	10444
10589	10444
10590	10445
10591	10445
10592	10446
10593	10446
10594	10447
10595	10447
10596	10448
10597	10448
10598	10449
10599	10449
10600	10600
10601	10600
10602	10601
10603	10601
10604	10602
10605	10602
10606	10603
10607	10603
10608	10604
10609	10604
10610	10605
10611	10605
10612	10606
10613	10606
10614	10607
10615	10607
10616	10608
10617	10608
10618	10609
10619	10609
10620	10610
10621	10610
10622	10611
10623	10611
10624	10612
10625	10612
10626	10613
10627	10613
10628	10614
10629	10614
10630	10615
10631	10615
10632	10616
10633	10616
10634	10617
10635	10617
10636	10618
10637	10618
10638	10619
10639	10619
10640	10620
10641	10620
10642	10621
10643	10621
10644	10622
10645	10622
10646	10623
10647	10623
10648	10624
10649	10624
10650	10625
10651	10625
10652	10626
10653	10626
10654	10627
10655	10627
10656	10628
10657	10628
10658	10629
10659	10629
10660	10630
10661	10630
10662	10631
10663	10631
10664	10632
10665	10632
10666	10633
10667	10633
10668	10634
10669	10634
10670	10635
10671	10635
10672	10636
10673	10636
10674	10637
10675	10637
10676	10638
10677	10638
10678	10639
10679	10639
10680	10640
10681	10640
10682	10641
10683	10641
10684	10642
10685	10642
10686	10643
10687	10643
10688	10644
10689	10644
10690	10645
10691	10645
10692	10646
10693	10646
10694	10647
10695	10647
10696	10648
10697	10648
10698	10649
10699	10649
10700	10600
10701	10600
10702	10601
10703	10601
10704	10602
10705	10602
10706	10603
10707	10603
10708	10604
10709	10604
10710	10605
10711	10605
10712	10606
10713	10606
10714	10607
10715	10607
10716	10608
10717	10608
10718	10609
10719	10609
10720	10610
10721	10610
10722	10611
10723	10611
10724	10612
10725	10612
10726	10613
10727	10613
10728	10614
10729	10614
10730	10615
10731	10615
10732	10616
10733	10616
10734	10617
10735	10617
10736	10618
10737	10618
10738	10619
10739	10619
10740	10620
10741	10620
10742	10621
10743	10621
10744	10622
10745	10622
10746	10623
10747	10623
10748	10624
10749	10624
10750	10625
10751	10625
10752	10626
10753	10626
10754	10627
10755	10627
10756	10628
10757	10628
10758	10629
10759	10629
10760	10630
10761	10630
10762	10631
10763	10631
10764	10632
10765	10632
10766	10633
10767	10633
10768	10634
10769	10634
10770	10635
10771	10635
10772	10636
10773	10636
10774	10637
10775	10637
10776	10638
10777	10638
10778	10639
10779	10639
10780	10640
10781	10640
10782	10641
10783	10641
10784	10642
10785	10642
10786	10643
10787	10643
10788	10644
10789	10644
10790	10645
10791	10645
10792	10646
10793	10646
10794	10647
10795	10647
10796	10648
10797	10648
10798	10649
10799	10649
10800	10800
10801	10800
10802	10801
10803	10801
10804	10802
10805	10802
10806	10803
10807	10803
10808	10804
10809	10804
10810	10805
10811	10805
10812	10806
10813	10806
10814	10807
10815	10807
10816	10808
10817	10808
10818	10809
10819	10809
10820	10810
10821	10810
10822	10811
10823	10811
10824	10812
10825	10812
10826	10813
10827	10813
10828	10814
10829	10814
10830	10815
10831	10815
10832	10816
10833	10816
10834	10817
10835	10817
10836	10818
10837	10818
10838	10819
10839	10819
10840	10820
10841	10820
10842	10821
10843	10821
10844	10822
10845	10822
10846	10823
10847	10823
10848	10824
10849	10824
10850	10825
10851	10825
10852	10826
10853	10826
10854	10827
10855	10827
10856	10828
10857	10828
10858	10829
10859	10829
10860	10830
10861	10830
10862	10831
10863	10831
10864	10832
10865	10832
10866	10833
10867	10833
10868	10834
10869	10834
10870	10835
10871	10835
10872	10836
10873	10836
10874	10837
10875	10837
10876	10838
10877	10838
10878	10839
10879	10839
10880	10840
10881	10840
10882	10841
10883	10841
10884	10842
10885	10842
10886	10843
10887	10843
10888	10844
10889	10844
10890	10845
10891	10845
10892	10846
10893	10846
10894	10847
10895	10847
10896	10848
10897	10848
10898	10849
10899	10849
10900	10800
10901	10800
10902	10801
10903	10801
10904	10802
10905	10802
10906	10803
10907	10803
10908	10804
10909	10804
10910	10805
10911	10805
10912	10806
10913	10806
10914	10807
10915	10807
10916	10808
10917	10808
10918	10809
10919	10809
10920	10810
10921	10810
10922	10811
10923	10811
10924	10812
10925	10812
10926	10813
10927	10813
10928	10814
10929	10814
10930	10815
10931	10815
10932	10816
10933	10816
10934	10817
10935	10817
10936	10818
10937	10818
10938	10819
10939	10819
10940	10820
10941	10820
10942	10821
10943	10821
10944	10822
10945	10822
10946	10823
10947	10823
10948	10824
10949	10824
10950	10825
10951	10825
10952	10826
10953	10826
10954	10827
10955	10827
10956	10828
10957	10828
10958	10829
10959	10829
10960	10830
10961	10830
10962	10831
10963	10831
10964	10832
10965	10832
10966	10833
10967	10833
10968	10834
10969	10834
10970	10835
10971	10835
10972	10836
10973	10836
10974	10837
10975	10837
10976	10838
10977	10838
10978	10839
10979	10839
10980	10840
10981	10840
10982	10841
10983	10841
10984	10842
10985	10842
10986	10843
10987	10843
10988	10844
10989	10844
10990	10845
10991	10845
10992	10846
10993	10846
10994	10847
10995	10847
10996	10848
10997	10848
10998	10849
10999	10849
11000	11000
11001	11000
11002	11001
11003	11001
11004	11002
11005	11002
11006	11003
11007	11003
11008	11004
11009	11004
11010	11005
11011	11005
11012	11006
11013	11006
11014	11007
11015	11007
11016	11008
11017	11008
11018	11009
11019	11009
11020	11010
11021	11010
11022	11011
11023	11011
11024	11012
11025	11012
11026	11013
11027	11013
11028	11014
11029	11014
11030	11015
11031	11015
11032	11016
11033	11016
11034	11017
11035	11017
11036	11018
11037	11018
11038	11019
11039	11019
11040	11020
11041	11020
11042	11021
11043	11021
11044	11022
11045	11022
11046	11023
11047	11023
11048	11024
11049	11024
11050	11025
11051	11025
11052	11026
11053	11026
11054	11027
11055	11027
11056	11028
11057	11028
11058	11029
11059	11029
11060	11030
11061	11030
11062	11031
11063	11031
11064	11032
11065	11032
11066	11033
11067	11033
11068	11034
11069	11034
11070	11035
11071	11035
11072	11036
11073	11036
11074	11037
11075	11037
11076	11038
11077	11038
11078	11039
11079	11039
11080	11040
11081	11040
11082	11041
11083	11041
11084	11042
11085	11042
11086	11043
11087	11043
11088	11044
11089	11044
11090	11045
11091	11045
11092	11046
11093	11046
11094	11047
11095	11047
11096	11048
11097	11048
11098	11049
11099	11049
11100	11000
11101	11000
11102	11001
11103	11001
11104	11002
11105	11002
11106	11003
11107	11003
11108	11004
11109	11004
11110	11005
11111	11005
11112	11006
11113	11006
11114	11007
11115	11007
11116	11008
11117	11008
11118	11009
11119	11009
11120	11010
11121	11010
11122	11011
11123	11011
11124	11012
11125	11012
11126	11013
11127	11013
11128	11014
11129	11014
11130	11015
11131	11015
11132	11016
11133	11016
11134	11017
11135	11017
11136	11018
11137	11018
11138	11019
11139	11019
11140	11020
11141	11020
11142	11021
11143	11021
11144	11022
11145	11022
11146	11023
11147	11023
11148	11024
11149	11024
11150	11025
11151	11025
11152	11026
11153	11026
11154	11027
11155	11027
11156	11028
11157	11028
11158	11029
11159	11029
11160	11030
11161	11030
11162	11031
11163	11031
11164	11032
11165	11032
11166	11033
11167	11033
11168	11034
11169	11034
11170	11035
11171	11035
11172	11036
11173	11036
11174	11037
11175	11037
11176	11038
11177	11038
11178	11039
11179	11039
11180	11040
11181	11040
11182	11041
11183	11041
11184	11042
11185	11042
11186	11043
11187	11043
11188	11044
11189	11044
11190	11045
11191	11045
11192	11046
11193	11046
11194	11047
11195	11047
11196	11048
11197	11048
11198	11049
11199	11049
11200	11200
11201	11200
11202	11201
11203	11201
11204	11202
11205	11202
11206	11203
11207	11203
11208	11204
11209	11204
11210	11205
11211	11205
11212	11206
11213	11206
11214	11207
11215	11207
11216	11208
11217	11208
11218	11209
11219	11209
11220	11210
11221	11210
11222	11211
11223	11211
11224	11212
11225	11212
11226	11213
11227	11213
11228	11214
11229	11214
11230	11215
11231	11215
11232	11216
11233	11216
11234	11217
11235	11217
11236	11218
11237	11218
11238	11219
11239	11219
11240	11220
11241	11220
11242	11221
11243	11221
11244	11222
11245	11222
11246	11223
11247	11223
11248	11224
11249	11224
11250	11225
11251	11225
11252	11226
11253	11226
11254	11227
11255	11227
11256	11228
11257	11228
11258	11229
11259	11229
11260	11230
11261	11230
11262	11231
11263	11231
11264	11232
11265	11232
11266	11233
11267	11233
11268	11234
11269	11234
11270	11235
11271	11235
11272	11236
11273	11236
11274	11237
11275	11237
11276	11238
11277	11238
11278	11239
11279	11239
11280	11240
11281	11240
11282	11241
11283	11241
11284	11242
11285	11242
11286	11243
11287	11243
11288	11244
11289	11244
11290	11245
11291	11245
11292	11246
11293	11246
11294	11247
11295	11247
11296	11248
11297	11248
11298	11249
11299	11249
11300	11200
11301	11200
11302	11201
11303	11201
11304	11202
11305	11202
11306	11203
11307	11203
11308	11204
11309	11204
11310	11205
11311	11205
11312	11206
11313	11206
11314	11207
11315	11207
11316	11208
11317	11208
11318	11209
11319	11209
11320	11210
11321	11210
11322	11211
11323	11211
11324	11212
11325	11212
11326	11213
11327	11213
11328	11214
11329	11214
11330	11215
11331	11215
11332	11216
11333	11216
11334	11217
11335	11217
11336	11218
11337	11218
11338	11219
11339	11219
11340	11220
11341	11220
11342	11221
11343	11221
11344	11222
11345	11222
11346	11223
11347	11223
11348	11224
11349	11224
11350	11225
11351	11225
11352	11226
11353	11226
11354	11227
11355	11227
11356	11228
11357	11228
11358	11229
11359	11229
11360	11230
11361	11230
11362	11231
11363	11231
11364	11232
11365	11232
11366	11233
11367	11233
11368	11234
11369	11234
11370	11235
11371	11235
11372	11236
11373	11236
11374	11237
11375	11237
11376	11238
11377	11238
11378	11239
11379	11239
11380	11240
11381	11240
11382	11241
11383	11241
11384	11242
11385	11242
11386	11243
11387	11243
11388	11244
11389	11244
11390	11245
11391	11245
11392	11246
11393	11246
11394	11247
11395	11247
11396	11248
11397	11248
11398	11249
11399	11249
11400	11400
11401	11400
11402	11401
11403	11401
11404	11402
11405	11402
11406	11403
11407	11403
11408	11404
11409	11404
11410	11405
11411	11405
11412	11406
11413	11406
11414	11407
11415	11407
11416	11408
11417	11408
11418	11409
11419	11409
11420	11410
11421	11410
11422	11411
11423	11411
11424	11412
11425	11412
11426	11413
11427	11413
11428	11414
11429	11414
11430	11415
11431	11415
11432	11416
11433	11416
11434	11417
11435	11417
11436	11418
11437	11418
11438	11419
11439	11419
11440	11420
11441	11420
11442	11421
11443	11421
11444	11422
11445	11422
11446	11423
11447	11423
11448	11424
11449	11424
11450	11425
11451	11425
11452	11426
11453	11426
11454	11427
11455	11427
11456	11428
11457	11428
11458	11429
11459	11429
11460	11430
11461	11430
11462	11431
11463	11431
11464	11432
11465	11432
11466	11433
11467	11433
11468	11434
11469	11434
11470	11435
11471	11435
11472	11436
11473	11436
11474	11437
11475	11437
11476	11438
11477	11438
11478	11439
11479	11439
11480	11440
11481	11440
11482	11441
11483	11441
11484	11442
11485	11442
11486	11443
11487	11443
11488	11444
11489	11444
11490	11445
11491	11445
11492	11446
11493	11446
11494	11447
11495	11447
11496	11448
11497	11448
11498	11449
11499	11449
11500	11400
11501	11400
11502	11401
11503	11401
11504	11402
11505	11402
11506	11403
11507	11403
11508	11404
11509	11404
11510	11405
11511	11405
11512	11406
11513	11406
11514	11407
11515	11407
11516	11408
11517	11408
11518	11409
11519	11409
11520	11410
11521	11410
11522	11411
11523	11411
11524	11412
11525	11412
11526	11413
11527	11413
11528	11414
11529	11414
11530	11415
11531	11415
11532	11416
11533	11416
11534	11417
11535	11417
11536	11418
11537	11418
11538	11419
11539	11419
11540	11420
11541	11420
11542	11421
11543	11421
11544	11422
11545	11422
11546	11423
11547	11423
11548	11424
11549	11424
11550	11425
11551	11425
11552	11426
11553	11426
11554	11427
11555	11427
11556	11428
11557	11428
11558	11429
11559	11429
11560	11430
11561	11430
11562	11431
11563	11431
11564	11432
11565	11432
11566	11433
11567	11433
11568	11434
11569	11434
11570	11435
11571	11435
11572	11436
11573	11436
11574	11437
11575	11437
11576	11438
11577	11438
11578	11439
11579	11439
11580	11440
11581	11440
11582	11441
11583	11441
11584	11442
11585	11442
11586	11443
11587	11443
11588	11444
11589	11444
11590	11445
11591	11445
11592	11446
11593	11446
11594	11447
11595	11447
11596	11448
11597	11448
11598	11449
11599	11449
11600	11600
11601	11600
11602	11601
11603	11601
11604	11602
11605	11602
11606	11603
11607	11603
11608	11604
11609	11604
11610	11605
11611	11605
11612	11606
11613	11606
11614	11607
11615	11607
11616	11608
11617	11608
11618	11609
11619	11609
11620	11610
11621	11610
11622	11611
11623	11611
11624	11612
11625	11612
11626	11613
11627	11613
11628	11614
11629	11614
11630	11615
11631	11615
11632	11616
11633	11616
11634	11617
11635	11617
11636	11618
11637	11618
11638	11619
11639	11619
11640	11620
11641	11620
11642	11621
11643	11621
11644	11622
11645	11622
11646	11623
11647	11623
11648	11624
11649	11624
11650	11625
11651	11625
11652	11626
11653	11626
11654	11627
11655	11627
11656	11628
11657	11628
11658	11629
11659	11629
11660	11630
11661	11630
11662	11631
11663	11631
11664	11632
11665	11632
11666	11633
11667	11633
11668	11634
11669	11634
11670	11635
11671	11635
11672	11636
11673	11636
11674	11637
11675	11637
11676	11638
11677	11638
11678	11639
11679	11639
11680	11640
11681	11640
11682	11641
11683	11641
11684	11642
11685	11642
11686	11643
11687	11643
11688	11644
11689	11644
11690	11645
11691	11645
11692	11646
11693	11646
11694	11647
11695	11647
11696	11648
11697	11648
11698	11649
11699	11649
11700	11600
11701	11600
11702	11601
11703	11601
11704	11602
11705	11602
11706	11603
11707	11603
11708	11604
11709	11604
11710	11605
11711	11605
11712	11606
11713	11606
11714	11607
11715	11607
11716	11608
11717	11608
11718	11609
11719	11609
11720	11610
11721	11610
11722	11611
11723	11611
11724	11612
11725	11612
11726	11613
11727	11613
11728	11614
11729	11614
11730	11615
11731	11615
11732	11616
11733	11616
11734	11617
11735	11617
11736	11618
11737	11618
11738	11619
11739	11619
11740	11620
11741	11620
11742	11621
11743	11621
11744	11622
11745	11622
11746	11623
11747	11623
11748	11624
11749	11624
11750	11625
11751	11625
11752	11626
11753	11626
11754	11627
11755	11627
11756	11628
11757	11628
11758	11629
11759	11629
11760	11630
11761	11630
11762	11631
11763	11631
11764	11632
11765	11632
11766	11633
11767	11633
11768	11634
11769	11634
11770	11635
11771	11635
11772	11636
11773	11636
11774	11637
11775	11637
11776	11638
11777	11638
11778	11639
11779	11639
11780	11640
11781	11640
11782	11641
11783	11641
11784	11642
11785	11642
11786	11643
11787	11643
11788	11644
11789	11644
11790	11645
11791	11645
11792	11646
11793	11646
11794	11647
11795	11647
11796	11648
11797	11648
11798	11649
11799	11649
11800	11800
11801	11800
11802	11801
11803	11801
11804	11802
11805	11802
11806	11803
11807	11803
11808	11804
11809	11804
11810	11805
11811	11805
11812	11806
11813	11806
11814	11807
11815	11807
11816	11808
11817	11808
11818	11809
11819	11809
11820	11810
11821	11810
11822	11811
11823	11811
11824	11812
11825	11812
11826	11813
11827	11813
11828	11814
11829	11814
11830	11815
11831	11815
11832	11816
11833	11816
11834	11817
11835	11817
11836	11818
11837	11818
11838	11819
11839	11819
11840	11820
11841	11820
11842	11821
11843	11821
11844	11822
11845	11822
11846	11823
11847	11823
11848	11824
11849	11824
11850	11825
11851	11825
11852	11826
11853	11826
11854	11827
11855	11827
11856	11828
11857	11828
11858	11829
11859	11829
11860	11830
11861	11830
11862	11831
11863	11831
11864	11832
11865	11832
11866	11833
11867	11833
11868	11834
11869	11834
11870	11835
11871	11835
11872	11836
11873	11836
11874	11837
11875	11837
11876	11838
11877	11838
11878	11839
11879	11839
11880	11840
11881	11840
11882	11841
11883	11841
11884	11842
11885	11842
11886	11843
11887	11843
11888	11844
11889	11844
11890	11845
11891	11845
11892	11846
11893	11846
11894	11847
11895	11847
11896	11848
11897	11848
11898	11849
11899	11849
11900	11800
11901	11800
11902	11801
11903	11801
11904	11802
11905	11802
11906	11803
11907	11803
11908	11804
11909	11804
11910	11805
11911	11805
11912	11806
11913	11806
11914	11807
11915	11807
11916	11808
11917	11808
11918	11809
11919	11809
11920	11810
11921	11810
11922	11811
11923	11811
11924	11812
11925	11812
11926	11813
11927	11813
11928	11814
11929	11814
11930	11815
11931	11815
11932	11816
11933	11816
11934	11817
11935	11817
11936	11818
11937	11818
11938	11819
11939	11819
11940	11820
11941	11820
11942	11821
11943	11821
11944	11822
11945	11822
11946	11823
11947	11823
11948	11824
11949	11824
11950	11825
11951	11825
11952	11826
11953	11826
11954	11827
11955	11827
11956	11828
11957	11828
11958	11829
11959	11829
11960	11830
11961	11830
11962	11831
11963	11831
11964	11832
11965	11832
11966	11833
11967	11833
11968	11834
11969	11834
11970	11835
11971	11835
11972	11836
11973	11836
11974	11837
11975	11837
11976	11838
11977	11838
11978	11839
11979	11839
11980	11840
11981	11840
11982	11841
11983	11841
11984	11842
11985	11842
11986	11843
11987	11843
11988	11844
11989	11844
11990	11845
11991	11845
11992	11846
11993	11846
11994	11847
11995	11847
11996	11848
11997	11848
11998	11849
11999	11849
12000	12000
12001	12000
12002	12001
12003	12001
12004	12002
12005	12002
12006	12003
12007	12003
12008	12004
12009	12004
12010	12005
12011	12005
12012	12006
12013	12006
12014	12007
12015	12007
12016	12008
12017	12008
12018	12009
12019	12009
12020	12010
12021	12010
12022	12011
12023	12011
12024	12012
12025	12012
12026	12013
12027	12013
12028	12014
12029	12014
12030	12015
12031	12015
12032	12016
12033	12016
12034	12017
12035	12017
12036	12018
12037	12018
12038	12019
12039	12019
12040	12020
12041	12020
12042	12021
12043	12021
12044	12022
12045	12022
12046	12023
12047	12023
12048	12024
12049	12024
12050	12025
12051	12025
12052	12026
12053	12026
12054	12027
12055	12027
12056	12028
12057	12028
12058	12029
12059	12029
12060	12030
12061	12030
12062	12031
12063	12031
12064	12032
12065	12032
12066	12033
12067	12033
12068	12034
12069	12034
12070	12035
12071	12035
12072	12036
12073	12036
12074	12037
12075	12037
12076	12038
12077	12038
12078	12039
12079	12039
12080	12040
12081	12040
12082	12041
12083	12041
12084	12042
12085	12042
12086	12043
12087	12043
12088	12044
12089	12044
12090	12045
12091	12045
12092	12046
12093	12046
12094	12047
12095	12047
12096	12048
12097	12048
12098	12049
12099	12049
12100	12000
12101	12000
12102	12001
12103	12001
12104	12002
12105	12002
12106	12003
12107	12003
12108	12004
12109	12004
12110	12005
12111	12005
12112	12006
12113	12006
12114	12007
12115	12007
12116	12008
12117	12008
12118	12009
12119	12009
12120	12010
12121	12010
12122	12011
12123	12011
12124	12012
12125	12012
12126	12013
12127	12013
12128	12014
12129	12014
12130	12015
12131	12015
12132	12016
12133	12016
12134	12017
12135	12017
12136	12018
12137	12018
12138	12019
12139	12019
12140	12020
12141	12020
12142	12021
12143	12021
12144	12022
12145	12022
12146	12023
12147	12023
12148	12024
12149	12024
12150	12025
12151	12025
12152	12026
12153	12026
12154	12027
12155	12027
12156	12028
12157	12028
12158	12029
12159	12029
12160	12030
12161	12030
12162	12031
12163	12031
12164	12032
12165	12032
12166	12033
12167	12033
12168	12034
12169	12034
12170	12035
12171	12035
12172	12036
12173	12036
12174	12037
12175	12037
12176	12038
12177	12038
12178	12039
12179	12039
12180	12040
12181	12040
12182	12041
12183	12041
12184	12042
12185	12042
12186	12043
12187	12043
12188	12044
12189	12044
12190	12045
12191	12045
12192	12046
12193	12046
12194	12047
12195	12047
12196	12048
12197	12048
12198	12049
12199	12049
12200	12200
12201	12200
12202	12201
12203	12201
12204	12202
12205	12202
12206	12203
12207	12203
12208	12204
12209	12204
12210	12205
12211	12205
12212	12206
12213	12206
12214	12207
12215	12207
12216	12208
12217	12208
12218	12209
12219	12209
12220	12210
12221	12210
12222	12211
12223	12211
12224	12212
12225	12212
12226	12213
12227	12213
12228	12214
12229	12214
12230	12215
12231	12215
12232	12216
12233	12216
12234	12217
12235	12217
12236	12218
12237	12218
12238	12219
12239	12219
12240	12220
12241	12220
12242	12221
12243	12221
12244	12222
12245	12222
12246	12223
12247	12223
12248	12224
12249	12224
12250	12225
12251	12225
12252	12226
12253	12226
12254	12227
12255	12227
12256	12228
12257	12228
12258	12229
12259	12229
12260	12230
12261	12230
12262	12231
12263	12231
12264	12232
12265	12232
12266	12233
12267	12233
12268	12234
12269	12234
12270	12235
12271	12235
12272	12236
12273	12236
12274	12237
12275	12237
12276	12238
12277	12238
12278	12239
12279	12239
12280	12240
12281	12240
12282	12241
12283	12241
12284	12242
12285	12242
12286	12243
12287	12243
12288	12244
12289	12244
12290	12245
12291	12245
12292	12246
12293	12246
12294	12247
12295	12247
12296	12248
12297	12248
12298	12249
12299	12249
12300	12200
12301	12200
12302	12201
12303	12201
12304	12202
12305	12202
12306	12203
12307	12203
12308	12204
12309	12204
12310	12205
12311	12205
12312	12206
12313	12206
12314	12207
12315	12207
12316	12208
12317	12208
12318	12209
12319	12209
12320	12210
12321	12210
12322	12211
12323	12211
12324	12212
12325	12212
12326	12213
12327	12213
12328	12214
12329	12214
12330	12215
12331	12215
12332	12216
12333	12216
12334	12217
12335	12217
12336	12218
12337	12218
12338	12219
12339	12219
12340	12220
12341	12220
12342	12221
12343	12221
12344	12222
12345	12222
12346	12223
12347	12223
12348	12224
12349	12224
12350	12225
12351	12225
12352	12226
12353	12226
12354	12227
12355	12227
12356	12228
12357	12228
12358	12229
12359	12229
12360	12230
12361	12230
12362	12231
12363	12231
12364	12232
12365	12232
12366	12233
12367	12233
12368	12234
12369	12234
12370	12235
12371	12235
12372	12236
12373	12236
12374	12237
12375	12237
12376	12238
12377	12238
12378	12239
12379	12239
12380	12240
12381	12240
12382	12241
12383	12241
12384	12242
12385	12242
12386	12243
12387	12243
12388	12244
12389	12244
12390	12245
12391	12245
12392	12246
12393	12246
12394	12247
12395	12247
12396	12248
12397	12248
12398	12249
12399	12249
12400	12400
12401	12400
12402	12401
12403	12401
12404	12402
12405	12402
12406	12403
12407	12403
12408	12404
12409	12404
12410	12405
12411	12405
12412	12406
12413	12406
12414	12407
12415	12407
12416	12408
12417	12408
12418	12409
12419	12409
12420	12410
12421	12410
12422	12411
12423	12411
12424	12412
12425	12412
12426	12413
12427	12413
12428	12414
12429	12414
12430	12415
12431	12415
12432	12416
12433	12416
12434	12417
12435	12417
12436	12418
12437	12418
12438	12419
12439	12419
12440	12420
12441	12420
12442	12421
12443	12421
12444	12422
12445	12422
12446	12423
12447	12423
12448	12424
12449	12424
12450	12425
12451	12425
12452	12426
12453	12426
12454	12427
12455	12427
12456	12428
12457	12428
12458	12429
12459	12429
12460	12430
12461	12430
12462	12431
12463	12431
12464	12432
12465	12432
12466	12433
12467	12433
12468	12434
12469	12434
12470	12435
12471	12435
12472	12436
12473	12436
12474	12437
12475	12437
12476	12438
12477	12438
12478	12439
12479	12439
12480	12440
12481	12440
12482	12441
12483	12441
12484	12442
12485	12442
12486	12443
12487	12443
12488	12444
12489	12444
12490	12445
12491	12445
12492	12446
12493	12446
12494	12447
12495	12447
12496	12448
12497	12448
12498	12449
12499	12449
12500	12400
12501	12400
12502	12401
12503	12401
12504	12402
12505	12402
12506	12403
12507	12403
12508	12404
12509	12404
12510	12405
12511	12405
12512	12406
12513	12406
12514	12407
12515	12407
12516	12408
12517	12408
12518	12409
12519	12409
12520	12410
12521	12410
12522	12411
12523	12411
12524	12412
12525	12412
12526	12413
12527	12413
12528	12414
12529	12414
12530	12415
12531	12415
12532	12416
12533	12416
12534	12417
12535	12417
12536	12418
12537	12418
12538	12419
12539	12419
12540	12420
12541	12420
12542	12421
12543	12421
12544	12422
12545	12422
12546	12423
12547	12423
12548	12424
12549	12424
12550	12425
12551	12425
12552	12426
12553	12426
12554	12427
12555	12427
12556	12428
12557	12428
12558	12429
12559	12429
12560	12430
12561	12430
12562	12431
12563	12431
12564	12432
12565	12432
12566	12433
12567	12433
12568	12434
12569	12434
12570	12435
12571	12435
12572	12436
12573	12436
12574	12437
12575	12437
12576	12438
12577	12438
12578	12439
12579	12439
12580	12440
12581	12440
12582	12441
12583	12441
12584	12442
12585	12442
12586	12443
12587	12443
12588	12444
12589	12444
12590	12445
12591	12445
12592	12446
12593	12446
12594	12447
12595	12447
12596	12448
12597	12448
12598	12449
12599	12449
12600	12600
12601	12600
12602	12601
12603	12601
12604	12602
12605	12602
12606	12603
12607	12603
12608	12604
12609	12604
12610	12605
12611	12605
12612	12606
12613	12606
12614	12607
12615	12607
12616	12608
12617	12608
12618	12609
12619	12609
12620	12610
12621	12610
12622	12611
12623	12611
12624	12612
12625	12612
12626	12613
12627	12613
12628	12614
12629	12614
12630	12615
12631	12615
12632	12616
12633	12616
12634	12617
12635	12617
12636	12618
12637	12618
12638	12619
12639	12619
12640	12620
12641	12620
12642	12621
12643	12621
12644	12622
12645	12622
12646	12623
12647	12623
12648	12624
12649	12624
12650	12625
12651	12625
12652	12626
12653	12626
12654	12627
12655	12627
12656	12628
12657	12628
12658	12629
12659	12629
12660	12630
12661	12630
12662	12631
12663	12631
12664	12632
12665	12632
12666	12633
12667	12633
12668	12634
12669	12634
12670	12635
12671	12635
12672	12636
12673	12636
12674	12637
12675	12637
12676	12638
12677	12638
12678	12639
12679	12639
12680	12640
12681	12640
12682	12641
12683	12641
12684	12642
12685	12642
12686	12643
12687	12643
12688	12644
12689	12644
12690	12645
12691	12645
12692	12646
12693	12646
12694	12647
12695	12647
12696	12648
12697	12648
12698	12649
12699	12649
12700	12600
12701	12600
12702	12601
12703	12601
12704	12602
12705	12602
12706	12603
12707	12603
12708	12604
12709	12604
12710	12605
12711	12605
12712	12606
12713	12606
12714	12607
12715	12607
12716	12608
12717	12608
12718	12609
12719	12609
12720	12610
12721	12610
12722	12611
12723	12611
12724	12612
12725	12612
12726	12613
12727	12613
12728	12614
12729	12614
12730	12615
12731	12615
12732	12616
12733	12616
12734	12617
12735	12617
12736	12618
12737	12618
12738	12619
12739	12619
12740	12620
12741	12620
12742	12621
12743	12621
12744	12622
12745	12622
12746	12623
12747	12623
12748	12624
12749	12624
12750	12625
12751	12625
12752	12626
12753	12626
12754	12627
12755	12627
12756	12628
12757	12628
12758	12629
12759	12629
12760	12630
12761	12630
12762	12631
12763	12631
12764	12632
12765	12632
12766	12633
12767	12633
12768	12634
12769	12634
12770	12635
12771	12635
12772	12636
12773	12636
12774	12637
12775	12637
12776	12638
12777	12638
12778	12639
12779	12639
12780	12640
12781	12640
12782	12641
12783	12641
12784	12642
12785	12642
12786	12643
12787	12643
12788	12644
12789	12644
12790	12645
12791	12645
12792	12646
12793	12646
12794	12647
12795	12647
12796	12648
12797	12648
12798	12649
12799	12649
12800	12800
12801	12800
12802	12801
12803	12801
12804	12802
12805	12802
12806	12803
12807	12803
12808	12804
12809	12804
12810	12805
12811	12805
12812	12806
12813	12806
12814	12807
12815	12807
12816	12808
12817	12808
12818	12809
12819	12809
12820	12810
12821	12810
12822	12811
12823	12811
12824	12812
12825	12812
12826	12813
12827	12813
12828	12814
12829	12814
12830	12815
12831	12815
12832	12816
12833	12816
12834	12817
12835	12817
12836	12818
12837	12818
12838	12819
12839	12819
12840	12820
12841	12820
12842	12821
12843	12821
12844	12822
12845	12822
12846	12823
12847	12823
12848	12824
12849	12824
12850	12825
12851	12825
12852	12826
12853	12826
12854	12827
12855	12827
12856	12828
12857	12828
12858	12829
12859	12829
12860	12830
12861	12830
12862	12831
12863	12831
12864	12832
12865	12832
12866	12833
12867	12833
12868	12834
12869	12834
12870	12835
12871	12835
12872	12836
12873	12836
12874	12837
12875	12837
12876	12838
12877	12838
12878	12839
12879	12839
12880	12840
12881	12840
12882	12841
12883	12841
12884	12842
12885	12842
12886	12843
12887	12843
12888	12844
12889	12844
12890	12845
12891	12845
12892	12846
12893	12846
12894	12847
12895	12847
12896	12848
12897	12848
12898	12849
12899	12849
12900	12800
12901	12800
12902	12801
12903	12801
12904	12802
12905	12802
12906	12803
12907	12803
12908	12804
12909	12804
12910	12805
12911	12805
12912	12806
12913	12806
12914	12807
12915	12807
12916	12808
12917	12808
12918	12809
12919	12809
12920	12810
12921	12810
12922	12811
12923	12811
12924	12812
12925	12812
12926	12813
12927	12813
12928	12814
12929	12814
12930	12815
12931	12815
12932	12816
12933	12816
12934	12817
12935	12817
12936	12818
12937	12818
12938	12819
12939	12819
12940	12820
12941	12820
12942	12821
12943	12821
12944	12822
12945	12822
12946	12823
12947	12823
12948	12824
12949	12824
12950	12825
12951	12825
12952	12826
12953	12826
12954	12827
12955	12827
12956	12828
12957	12828
12958	12829
12959	12829
12960	12830
12961	12830
12962	12831
12963	12831
12964	12832
12965	12832
12966	12833
12967	12833
12968	12834
12969	12834
12970	12835
12971	12835
12972	12836
12973	12836
12974	12837
12975	12837
12976	12838
12977	12838
12978	12839
12979	12839
12980	12840
12981	12840
12982	12841
12983	12841
12984	12842
12985	12842
12986	12843
12987	12843
12988	12844
12989	12844
12990	12845
12991	12845
12992	12846
12993	12846
12994	12847
12995	12847
12996	12848
12997	12848
12998	12849
12999	12849
13000	13000
13001	13000
13002	13001
13003	13001
13004	13002
13005	13002
13006	13003
13007	13003
13008	13004
13009	13004
13010	13005
13011	13005
13012	13006
13013	13006
13014	13007
13015	13007
13016	13008
13017	13008
13018	13009
13019	13009
13020	13010
13021	13010
13022	13011
13023	13011
13024	13012
13025	13012
13026	13013
13027	13013
13028	13014
13029	13014
13030	13015
13031	13015
13032	13016
13033	13016
13034	13017
13035	13017
13036	13018
13037	13018
13038	13019
13039	13019
13040	13020
13041	13020
13042	13021
13043	13021
13044	13022
13045	13022
13046	13023
13047	13023
13048	13024
13049	13024
13050	13025
13051	13025
13052	13026
13053	13026
13054	13027
13055	13027
13056	13028
13057	13028
13058	13029
13059	13029
13060	13030
13061	13030
13062	13031
13063	13031
13064	13032
13065	13032
13066	13033
13067	13033
13068	13034
13069	13034
13070	13035
13071	13035
13072	13036
13073	13036
13074	13037
13075	13037
13076	13038
13077	13038
13078	13039
13079	13039
13080	13040
13081	13040
13082	13041
13083	13041
13084	13042
13085	13042
13086	13043
13087	13043
13088	13044
13089	13044
13090	13045
13091	13045
13092	13046
13093	13046
13094	13047
13095	13047
13096	13048
13097	13048
13098	13049
13099	13049
13100	13000
13101	13000
13102	13001
13103	13001
13104	13002
13105	13002
13106	13003
13107	13003
13108	13004
13109	13004
13110	13005
13111	13005
13112	13006
13113	13006
13114	13007
13115	13007
13116	13008
13117	13008
13118	13009
13119	13009
13120	13010
13121	13010
13122	13011
13123	13011
13124	13012
13125	13012
13126	13013
13127	13013
13128	13014
13129	13014
13130	13015
13131	13015
13132	13016
13133	13016
13134	13017
13135	13017
13136	13018
13137	13018
13138	13019
13139	13019
13140	13020
13141	13020
13142	13021
13143	13021
13144	13022
13145	13022
13146	13023
13147	13023
13148	13024
13149	13024
13150	13025
13151	13025
13152	13026
13153	13026
13154	13027
13155	13027
13156	13028
13157	13028
13158	13029
13159	13029
13160	13030
13161	13030
13162	13031
13163	13031
13164	13032
13165	13032
13166	13033
13167	13033
13168	13034
13169	13034
13170	13035
13171	13035
13172	13036
13173	13036
13174	13037
13175	13037
13176	13038
13177	13038
13178	13039
13179	13039
13180	13040
13181	13040
13182	13041
13183	13041
13184	13042
13185	13042
13186	13043
13187	13043
13188	13044
13189	13044
13190	13045
13191	13045
13192	13046
13193	13046
13194	13047
13195	13047
13196	13048
13197	13048
13198	13049
13199	13049
13200	13200
13201	13200
13202	13201
13203	13201
13204	13202
13205	13202
13206	13203
13207	13203
13208	13204
13209	13204
13210	13205
13211	13205
13212	13206
13213	13206
13214	13207
13215	13207
13216	13208
13217	13208
13218	13209
13219	13209
13220	13210
13221	13210
13222	13211
13223	13211
13224	13212
13225	13212
13226	13213
13227	13213
13228	13214
13229	13214
13230	13215
13231	13215
13232	13216
13233	13216
13234	13217
13235	13217
13236	13218
13237	13218
13238	13219
13239	13219
13240	13220
13241	13220
13242	13221
13243	13221
13244	13222
13245	13222
13246	13223
13247	13223
13248	13224
13249	13224
13250	13225
13251	13225
13252	13226
13253	13226
13254	13227
13255	13227
13256	13228
13257	13228
13258	13229
13259	13229
13260	13230
13261	13230
13262	13231
13263	13231
13264	13232
13265	13232
13266	13233
13267	13233
13268	13234
13269	13234
13270	13235
13271	13235
13272	13236
13273	13236
13274	13237
13275	13237
13276	13238
13277	13238
13278	13239
13279	13239
13280	13240
13281	13240
13282	13241
13283	13241
13284	13242
13285	13242
13286	13243
13287	13243
13288	13244
13289	13244
13290	13245
13291	13245
13292	13246
13293	13246
13294	13247
13295	13247
13296	13248
13297	13248
13298	13249
13299	13249
13300	13200
13301	13200
13302	13201
13303	13201
13304	13202
13305	13202
13306	13203
13307	13203
13308	13204
13309	13204
13310	13205
13311	13205
13312	13206
13313	13206
13314	13207
13315	13207
13316	13208
13317	13208
13318	13209
13319	13209
13320	13210
13321	13210
13322	13211
13323	13211
13324	13212
13325	13212
13326	13213
13327	13213
13328	13214
13329	13214
13330	13215
13331	13215
13332	13216
13333	13216
13334	13217
13335	13217
13336	13218
13337	13218
13338	13219
13339	13219
13340	13220
13341	13220
13342	13221
13343	13221
13344	13222
13345	13222
13346	13223
13347	13223
13348	13224
13349	13224
13350	13225
13351	13225
13352	13226
13353	13226
13354	13227
13355	13227
13356	13228
13357	13228
13358	13229
13359	13229
13360	13230
13361	13230
13362	13231
13363	13231
13364	13232
13365	13232
13366	13233
13367	13233
13368	13234
13369	13234
13370	13235
13371	13235
13372	13236
13373	13236
13374	13237
13375	13237
13376	13238
13377	13238
13378	13239
13379	13239
13380	13240
13381	13240
13382	13241
13383	13241
13384	13242
13385	13242
13386	13243
13387	13243
13388	13244
13389	13244
13390	13245
13391	13245
13392	13246
13393	13246
13394	13247
13395	13247
13396	13248
13397	13248
13398	13249
13399	13249
13400	13400
13401	13400
13402	13401
13403	13401
13404	13402
13405	13402
13406	13403
13407	13403
13408	13404
13409	13404
13410	13405
13411	13405
13412	13406
13413	13406
13414	13407
13415	13407
13416	13408
13417	13408
13418	13409
13419	13409
13420	13410
13421	13410
13422	13411
13423	13411
13424	13412
13425	13412
13426	13413
13427	13413
13428	13414
13429	13414
13430	13415
13431	13415
13432	13416
13433	13416
13434	13417
13435	13417
13436	13418
13437	13418
13438	13419
13439	13419
13440	13420
13441	13420
13442	13421
13443	13421
13444	13422
13445	13422
13446	13423
13447	13423
13448	13424
13449	13424
13450	13425
13451	13425
13452	13426
13453	13426
13454	13427
13455	13427
13456	13428
13457	13428
13458	13429
13459	13429
13460	13430
13461	13430
13462	13431
13463	13431
13464	13432
13465	13432
13466	13433
13467	13433
13468	13434
13469	13434
13470	13435
13471	13435
13472	13436
13473	13436
13474	13437
13475	13437
13476	13438
13477	13438
13478	13439
13479	13439
13480	13440
13481	13440
13482	13441
13483	13441
13484	13442
13485	13442
13486	13443
13487	13443
13488	13444
13489	13444
13490	13445
13491	13445
13492	13446
13493	13446
13494	13447
13495	13447
13496	13448
13497	13448
13498	13449
13499	13449
13500	13400
13501	13400
13502	13401
13503	13401
13504	13402
13505	13402
13506	13403
13507	13403
13508	13404
13509	13404
13510	13405
13511	13405
13512	13406
13513	13406
13514	13407
13515	13407
13516	13408
13517	13408
13518	13409
13519	13409
13520	13410
13521	13410
13522	13411
13523	13411
13524	13412
13525	13412
13526	13413
13527	13413
13528	13414
13529	13414
13530	13415
13531	13415
13532	13416
13533	13416
13534	13417
13535	13417
13536	13418
13537	13418
13538	13419
13539	13419
13540	13420
13541	13420
13542	13421
13543	13421
13544	13422
13545	13422
13546	13423
13547	13423
13548	13424
13549	13424
13550	13425
13551	13425
13552	13426
13553	13426
13554	13427
13555	13427
13556	13428
13557	13428
13558	13429
13559	13429
13560	13430
13561	13430
13562	13431
13563	13431
13564	13432
13565	13432
13566	13433
13567	13433
13568	13434
13569	13434
13570	13435
13571	13435
13572	13436
13573	13436
13574	13437
13575	13437
13576	13438
13577	13438
13578	13439
13579	13439
13580	13440
13581	13440
13582	13441
13583	13441
13584	13442
13585	13442
13586	13443
13587	13443
13588	13444
13589	13444
13590	13445
13591	13445
13592	13446
13593	13446
13594	13447
13595	13447
13596	13448
13597	13448
13598	13449
13599	13449
13600	13600
13601	13600
13602	13601
13603	13601
13604	13602
13605	13602
13606	13603
13607	13603
13608	13604
13609	13604
13610	13605
13611	13605
13612	13606
13613	13606
13614	13607
13615	13607
13616	13608
13617	13608
13618	13609
13619	13609
13620	13610
13621	13610
13622	13611
13623	13611
13624	13612
13625	13612
13626	13613
13627	13613
13628	13614
13629	13614
13630	13615
13631	13615
13632	13616
13633	13616
13634	13617
13635	13617
13636	13618
13637	13618
13638	13619
13639	13619
13640	13620
13641	13620
13642	13621
13643	13621
13644	13622
13645	13622
13646	13623
13647	13623
13648	13624
13649	13624
13650	13625
13651	13625
13652	13626
13653	13626
13654	13627
13655	13627
13656	13628
13657	13628
13658	13629
13659	13629
13660	13630
13661	13630
13662	13631
13663	13631
13664	13632
13665	13632
13666	13633
13667	13633
13668	13634
13669	13634
13670	13635
13671	13635
13672	13636
13673	13636
13674	13637
13675	13637
13676	13638
13677	13638
13678	13639
13679	13639
13680	13640
13681	13640
13682	13641
13683	13641
13684	13642
13685	13642
13686	13643
13687	13643
13688	13644
13689	13644
13690	13645
13691	13645
13692	13646
13693	13646
13694	13647
13695	13647
13696	13648
13697	13648
13698	13649
13699	13649
13700	13600
13701	13600
13702	13601
13703	13601
13704	13602
13705	13602
13706	13603
13707	13603
13708	13604
13709	13604
13710	13605
13711	13605
13712	13606
13713	13606
13714	13607
13715	13607
13716	13608
13717	13608
13718	13609
13719	13609
13720	13610
13721	13610
13722	13611
13723	13611
13724	13612
13725	13612
13726	13613
13727	13613
13728	13614
13729	13614
13730	13615
13731	13615
13732	13616
13733	13616
13734	13617
13735	13617
13736	13618
13737	13618
13738	13619
13739	13619
13740	13620
13741	13620
13742	13621
13743	13621
13744	13622
13745	13622
13746	13623
13747	13623
13748	13624
13749	13624
13750	13625
13751	13625
13752	13626
13753	13626
13754	13627
13755	13627
13756	13628
13757	13628
13758	13629
13759	13629
13760	13630
13761	13630
13762	13631
13763	13631
13764	13632
13765	13632
13766	13633
13767	13633
13768	13634
13769	13634
13770	13635
13771	13635
13772	13636
13773	13636
13774	13637
13775	13637
13776	13638
13777	13638
13778	13639
13779	13639
13780	13640
13781	13640
13782	13641
13783	13641
13784	13642
13785	13642
13786	13643
13787	13643
13788	13644
13789	13644
13790	13645
13791	13645
13792	13646
13793	13646
13794	13647
13795	13647
13796	13648
13797	13648
13798	13649
13799	13649
13800	13800
13801	13800
13802	13801
13803	13801
13804	13802
13805	13802
13806	13803
13807	13803
13808	13804
13809	13804
13810	13805
13811	13805
13812	13806
13813	13806
13814	13807
13815	13807
13816	13808
13817	13808
13818	13809
13819	13809
13820	13810
13821	13810
13822	13811
13823	13811
13824	13812
13825	13812
13826	13813
13827	13813
13828	13814
13829	13814
13830	13815
13831	13815
13832	13816
13833	13816
13834	13817
13835	13817
13836	13818
13837	13818
13838	13819
13839	13819
13840	13820
13841	13820
13842	13821
13843	13821
13844	13822
13845	13822
13846	13823
13847	13823
13848	13824
13849	13824
13850	13825
13851	13825
13852	13826
13853	13826
13854	13827
13855	13827
13856	13828
13857	13828
13858	13829
13859	13829
13860	13830
13861	13830
13862	13831
13863	13831
13864	13832
13865	13832
13866	13833
13867	13833
13868	13834
13869	13834
13870	13835
13871	13835
13872	13836
13873	13836
13874	13837
13875	13837
13876	13838
13877	13838
13878	13839
13879	13839
13880	13840
13881	13840
13882	13841
13883	13841
13884	13842
13885	13842
13886	13843
13887	13843
13888	13844
13889	13844
13890	13845
13891	13845
13892	13846
13893	13846
13894	13847
13895	13847
13896	13848
13897	13848
13898	13849
13899	13849
13900	13800
13901	13800
13902	13801
13903	13801
13904	13802
13905	13802
13906	13803
13907	13803
13908	13804
13909	13804
13910	13805
13911	13805
13912	13806
13913	13806
13914	13807
13915	13807
13916	13808
13917	13808
13918	13809
13919	13809
13920	13810
13921	13810
13922	13811
13923	13811
13924	13812
13925	13812
13926	13813
13927	13813
13928	13814
13929	13814
13930	13815
13931	13815
13932	13816
13933	13816
13934	13817
13935	13817
13936	13818
13937	13818
13938	13819
13939	13819
13940	13820
13941	13820
13942	13821
13943	13821
13944	13822
13945	13822
13946	13823
13947	13823
13948	13824
13949	13824
13950	13825
13951	13825
13952	13826
13953	13826
13954	13827
13955	13827
13956	13828
13957	13828
13958	13829
13959	13829
13960	13830
13961	13830
13962	13831
13963	13831
13964	13832
13965	13832
13966	13833
13967	13833
13968	13834
13969	13834
13970	13835
13971	13835
13972	13836
13973	13836
13974	13837
13975	13837
13976	13838
13977	13838
13978	13839
13979	13839
13980	13840
13981	13840
13982	13841
13983	13841
13984	13842
13985	13842
13986	13843
13987	13843
13988	13844
13989	13844
13990	13845
13991	13845
13992	13846
13993	13846
13994	13847
13995	13847
13996	13848
13997	13848
13998	13849
13999	13849
14000	14000
14001	14000
14002	14001
14003	14001
14004	14002
14005	14002
14006	14003
14007	14003
14008	14004
14009	14004
14010	14005
14011	14005
14012	14006
14013	14006
14014	14007
14015	14007
14016	14008
14017	14008
14018	14009
14019	14009
14020	14010
14021	14010
14022	14011
14023	14011
14024	14012
14025	14012
14026	14013
14027	14013
14028	14014
14029	14014
14030	14015
14031	14015
14032	14016
14033	14016
14034	14017
14035	14017
14036	14018
14037	14018
14038	14019
14039	14019
14040	14020
14041	14020
14042	14021
14043	14021
14044	14022
14045	14022
14046	14023
14047	14023
14048	14024
14049	14024
14050	14025
14051	14025
14052	14026
14053	14026
14054	14027
14055	14027
14056	14028
14057	14028
14058	14029
14059	14029
14060	14030
14061	14030
14062	14031
14063	14031
14064	14032
14065	14032
14066	14033
14067	14033
14068	14034
14069	14034
14070	14035
14071	14035
14072	14036
14073	14036
14074	14037
14075	14037
14076	14038
14077	14038
14078	14039
14079	14039
14080	14040
14081	14040
14082	14041
14083	14041
14084	14042
14085	14042
14086	14043
14087	14043
14088	14044
14089	14044
14090	14045
14091	14045
14092	14046
14093	14046
14094	14047
14095	14047
14096	14048
14097	14048
14098	14049
14099	14049
14100	14000
14101	14000
14102	14001
14103	14001
14104	14002
14105	14002
14106	14003
14107	14003
14108	14004
14109	14004
14110	14005
14111	14005
14112	14006
14113	14006
14114	14007
14115	14007
14116	14008
14117	14008
14118	14009
14119	14009
14120	14010
14121	14010
14122	14011
14123	14011
14124	14012
14125	14012
14126	14013
14127	14013
14128	14014
14129	14014
14130	14015
14131	14015
14132	14016
14133	14016
14134	14017
14135	14017
14136	14018
14137	14018
14138	14019
14139	14019
14140	14020
14141	14020
14142	14021
14143	14021
14144	14022
14145	14022
14146	14023
14147	14023
14148	14024
14149	14024
14150	14025
14151	14025
14152	14026
14153	14026
14154	14027
14155	14027
14156	14028
14157	14028
14158	14029
14159	14029
14160	14030
14161	14030
14162	14031
14163	14031
14164	14032
14165	14032
14166	14033
14167	14033
14168	14034
14169	14034
14170	14035
14171	14035
14172	14036
14173	14036
14174	14037
14175	14037
14176	14038
14177	14038
14178	14039
14179	14039
14180	14040
14181	14040
14182	14041
14183	14041
14184	14042
14185	14042
14186	14043
14187	14043
14188	14044
14189	14044
14190	14045
14191	14045
14192	14046
14193	14046
14194	14047
14195	14047
14196	14048
14197	14048
14198	14049
14199	14049
14200	14200
14201	14200
14202	14201
14203	14201
14204	14202
14205	14202
14206	14203
14207	14203
14208	14204
14209	14204
14210	14205
14211	14205
14212	14206
14213	14206
14214	14207
14215	14207
14216	14208
14217	14208
14218	14209
14219	14209
14220	14210
14221	14210
14222	14211
14223	14211
14224	14212
14225	14212
14226	14213
14227	14213
14228	14214
14229	14214
14230	14215
14231	14215
14232	14216
14233	14216
14234	14217
14235	14217
14236	14218
14237	14218
14238	14219
14239	14219
14240	14220
14241	14220
14242	14221
14243	14221
14244	14222
14245	14222
14246	14223
14247	14223
14248	14224
14249	14224
14250	14225
14251	14225
14252	14226
14253	14226
14254	14227
14255	14227
14256	14228
14257	14228
14258	14229
14259	14229
14260	14230
14261	14230
14262	14231
14263	14231
14264	14232
14265	14232
14266	14233
14267	14233
14268	14234
14269	14234
14270	14235
14271	14235
14272	14236
14273	14236
14274	14237
14275	14237
14276	14238
14277	14238
14278	14239
14279	14239
14280	14240
14281	14240
14282	14241
14283	14241
14284	14242
14285	14242
14286	14243
14287	14243
14288	14244
14289	14244
14290	14245
14291	14245
14292	14246
14293	14246
14294	14247
14295	14247
14296	14248
14297	14248
14298	14249
14299	14249
14300	14200
14301	14200
14302	14201
14303	14201
14304	14202
14305	14202
14306	14203
14307	14203
14308	14204
14309	14204
14310	14205
14311	14205
14312	14206
14313	14206
14314	14207
14315	14207
14316	14208
14317	14208
14318	14209
14319	14209
14320	14210
14321	14210
14322	14211
14323	14211
14324	14212
14325	14212
14326	14213
14327	14213
14328	14214
14329	14214
14330	14215
14331	14215
14332	14216
14333	14216
14334	14217
14335	14217
14336	14218
14337	14218
14338	14219
14339	14219
14340	14220
14341	14220
14342	14221
14343	14221
14344	14222
14345	14222
14346	14223
14347	14223
14348	14224
14349	14224
14350	14225
14351	14225
14352	14226
14353	14226
14354	14227
14355	14227
14356	14228
14357	14228
14358	14229
14359	14229
14360	14230
14361	14230
14362	14231
14363	14231
14364	14232
14365	14232
14366	14233
14367	14233
14368	14234
14369	14234
14370	14235
14371	14235
14372	14236
14373	14236
14374	14237
14375	14237
14376	14238
14377	14238
14378	14239
14379	14239
14380	14240
14381	14240
14382	14241
14383	14241
14384	14242
14385	14242
14386	14243
14387	14243
14388	14244
14389	14244
14390	14245
14391	14245
14392	14246
14393	14246
14394	14247
14395	14247
14396	14248
14397	14248
14398	14249
14399	14249
14400	14400
14401	14400
14402	14401
14403	14401
14404	14402
14405	14402
14406	14403
14407	14403
14408	14404
14409	14404
14410	14405
14411	14405
14412	14406
14413	14406
14414	14407
14415	14407
14416	14408
14417	14408
14418	14409
14419	14409
14420	14410
14421	14410
14422	14411
14423	14411
14424	14412
14425	14412
14426	14413
14427	14413
14428	14414
14429	14414
14430	14415
14431	14415
14432	14416
14433	14416
14434	14417
14435	14417
14436	14418
14437	14418
14438	14419
14439	14419
14440	14420
14441	14420
14442	14421
14443	14421
14444	14422
14445	14422
14446	14423
14447	14423
14448	14424
14449	14424
14450	14425
14451	14425
14452	14426
14453	14426
14454	14427
14455	14427
14456	14428
14457	14428
14458	14429
14459	14429
14460	14430
14461	14430
14462	14431
14463	14431
14464	14432
14465	14432
14466	14433
14467	14433
14468	14434
14469	14434
14470	14435
14471	14435
14472	14436
14473	14436
14474	14437
14475	14437
14476	14438
14477	14438
14478	14439
14479	14439
14480	14440
14481	14440
14482	14441
14483	14441
14484	14442
14485	14442
14486	14443
14487	14443
14488	14444
14489	14444
14490	14445
14491	14445
14492	14446
14493	14446
14494	14447
14495	14447
14496	14448
14497	14448
14498	14449
14499	14449
14500	14400
14501	14400
14502	14401
14503	14401
14504	14402
14505	14402
14506	14403
14507	14403
14508	14404
14509	14404
14510	14405
14511	14405
14512	14406
14513	14406
14514	14407
14515	14407
14516	14408
14517	14408
14518	14409
14519	14409
14520	14410
14521	14410
14522	14411
14523	14411
14524	14412
14525	14412
14526	14413
14527	14413
14528	14414
14529	14414
14530	14415
14531	14415
14532	14416
14533	14416
14534	14417
14535	14417
14536	14418
14537	14418
14538	14419
14539	14419
14540	14420
14541	14420
14542	14421
14543	14421
14544	14422
14545	14422
14546	14423
14547	14423
14548	14424
14549	14424
14550	14425
14551	14425
14552	14426
14553	14426
14554	14427
14555	14427
14556	14428
14557	14428
14558	14429
14559	14429
14560	14430
14561	14430
14562	14431
14563	14431
14564	14432
14565	14432
14566	14433
14567	14433
14568	14434
14569	14434
14570	14435
14571	14435
14572	14436
14573	14436
14574	14437
14575	14437
14576	14438
14577	14438
14578	14439
14579	14439
14580	14440
14581	14440
14582	14441
14583	14441
14584	14442
14585	14442
14586	14443
14587	14443
14588	14444
14589	14444
14590	14445
14591	14445
14592	14446
14593	14446
14594	14447
14595	14447
14596	14448
14597	14448
14598	14449
14599	14449
14600	14600
14601	14600
14602	14601
14603	14601
14604	14602
14605	14602
14606	14603
14607	14603
14608	14604
14609	14604
14610	14605
14611	14605
14612	14606
14613	14606
14614	14607
14615	14607
14616	14608
14617	14608
14618	14609
14619	14609
14620	14610
14621	14610
14622	14611
14623	14611
14624	14612
14625	14612
14626	14613
14627	14613
14628	14614
14629	14614
14630	14615
14631	14615
14632	14616
14633	14616
14634	14617
14635	14617
14636	14618
14637	14618
14638	14619
14639	14619
14640	14620
14641	14620
14642	14621
14643	14621
14644	14622
14645	14622
14646	14623
14647	14623
14648	14624
14649	14624
14650	14625
14651	14625
14652	14626
14653	14626
14654	14627
14655	14627
14656	14628
14657	14628
14658	14629
14659	14629
14660	14630
14661	14630
14662	14631
14663	14631
14664	14632
14665	14632
14666	14633
14667	14633
14668	14634
14669	14634
14670	14635
14671	14635
14672	14636
14673	14636
14674	14637
14675	14637
14676	14638
14677	14638
14678	14639
14679	14639
14680	14640
14681	14640
14682	14641
14683	14641
14684	14642
14685	14642
14686	14643
14687	14643
14688	14644
14689	14644
14690	14645
14691	14645
14692	14646
14693	14646
14694	14647
14695	14647
14696	14648
14697	14648
14698	14649
14699	14649
14700	14600
14701	14600
14702	14601
14703	14601
14704	14602
14705	14602
14706	14603
14707	14603
14708	14604
14709	14604
14710	14605
14711	14605
14712	14606
14713	14606
14714	14607
14715	14607
14716	14608
14717	14608
14718	14609
14719	14609
14720	14610
14721	14610
14722	14611
14723	14611
14724	14612
14725	14612
14726	14613
14727	14613
14728	14614
14729	14614
14730	14615
14731	14615
14732	14616
14733	14616
14734	14617
14735	14617
14736	14618
14737	14618
14738	14619
14739	14619
14740	14620
14741	14620
14742	14621
14743	14621
14744	14622
14745	14622
14746	14623
14747	14623
14748	14624
14749	14624
14750	14625
14751	14625
14752	14626
14753	14626
14754	14627
14755	14627
14756	14628
14757	14628
14758	14629
14759	14629
14760	14630
14761	14630
14762	14631
14763	14631
14764	14632
14765	14632
14766	14633
14767	14633
14768	14634
14769	14634
14770	14635
14771	14635
14772	14636
14773	14636
14774	14637
14775	14637
14776	14638
14777	14638
14778	14639
14779	14639
14780	14640
14781	14640
14782	14641
14783	14641
14784	14642
14785	14642
14786	14643
14787	14643
14788	14644
14789	14644
14790	14645
14791	14645
14792	14646
14793	14646
14794	14647
14795	14647
14796	14648
14797	14648
14798	14649
14799	14649
14800	14800
14801	14800
14802	14801
14803	14801
14804	14802
14805	14802
14806	14803
14807	14803
14808	14804
14809	14804
14810	14805
14811	14805
14812	14806
14813	14806
14814	14807
14815	14807
14816	14808
14817	14808
14818	14809
14819	14809
14820	14810
14821	14810
14822	14811
14823	14811
14824	14812
14825	14812
14826	14813
14827	14813
14828	14814
14829	14814
14830	14815
14831	14815
14832	14816
14833	14816
14834	14817
14835	14817
14836	14818
14837	14818
14838	14819
14839	14819
14840	14820
14841	14820
14842	14821
14843	14821
14844	14822
14845	14822
14846	14823
14847	14823
14848	14824
14849	14824
14850	14825
14851	14825
14852	14826
14853	14826
14854	14827
14855	14827
14856	14828
14857	14828
14858	14829
14859	14829
14860	14830
14861	14830
14862	14831
14863	14831
14864	14832
14865	14832
14866	14833
14867	14833
14868	14834
14869	14834
14870	14835
14871	14835
14872	14836
14873	14836
14874	14837
14875	14837
14876	14838
14877	14838
14878	14839
14879	14839
14880	14840
14881	14840
14882	14841
14883	14841
14884	14842
14885	14842
14886	14843
14887	14843
14888	14844
14889	14844
14890	14845
14891	14845
14892	14846
14893	14846
14894	14847
14895	14847
14896	14848
14897	14848
14898	14849
14899	14849
14900	14800
14901	14800
14902	14801
14903	14801
14904	14802
14905	14802
14906	14803
14907	14803
14908	14804
14909	14804
14910	14805
14911	14805
14912	14806
14913	14806
14914	14807
14915	14807
14916	14808
14917	14808
14918	14809
14919	14809
14920	14810
14921	14810
14922	14811
14923	14811
14924	14812
14925	14812
14926	14813
14927	14813
14928	14814
14929	14814
14930	14815
14931	14815
14932	14816
14933	14816
14934	14817
14935	14817
14936	14818
14937	14818
14938	14819
14939	14819
14940	14820
14941	14820
14942	14821
14943	14821
14944	14822
14945	14822
14946	14823
14947	14823
14948	14824
14949	14824
14950	14825
14951	14825
14952	14826
14953	14826
14954	14827
14955	14827
14956	14828
14957	14828
14958	14829
14959	14829
14960	14830
14961	14830
14962	14831
14963	14831
14964	14832
14965	14832
14966	14833
14967	14833
14968	14834
14969	14834
14970	14835
14971	14835
14972	14836
14973	14836
14974	14837
14975	14837
14976	14838
14977	14838
14978	14839
14979	14839
14980	14840
14981	14840
14982	14841
14983	14841
14984	14842
14985	14842
14986	14843
14987	14843
14988	14844
14989	14844
14990	14845
14991	14845
14992	14846
14993	14846
14994	14847
14995	14847
14996	14848
14997	14848
14998	14849
14999	14849
15000	15000
15001	15000
15002	15001
15003	15001
15004	15002
15005	15002
15006	15003
15007	15003
15008	15004
15009	15004
15010	15005
15011	15005
15012	15006
15013	15006
15014	15007
15015	15007
15016	15008
15017	15008
15018	15009
15019	15009
15020	15010
15021	15010
15022	15011
15023	15011
15024	15012
15025	15012
15026	15013
15027	15013
15028	15014
15029	15014
15030	15015
15031	15015
15032	15016
15033	15016
15034	15017
15035	15017
15036	15018
15037	15018
15038	15019
15039	15019
15040	15020
15041	15020
15042	15021
15043	15021
15044	15022
15045	15022
15046	15023
15047	15023
15048	15024
15049	15024
15050	15025
15051	15025
15052	15026
15053	15026
15054	15027
15055	15027
15056	15028
15057	15028
15058	15029
15059	15029
15060	15030
15061	15030
15062	15031
15063	15031
15064	15032
15065	15032
15066	15033
15067	15033
15068	15034
15069	15034
15070	15035
15071	15035
15072	15036
15073	15036
15074	15037
15075	15037
15076	15038
15077	15038
15078	15039
15079	15039
15080	15040
15081	15040
15082	15041
15083	15041
15084	15042
15085	15042
15086	15043
15087	15043
15088	15044
15089	15044
15090	15045
15091	15045
15092	15046
15093	15046
15094	15047
15095	15047
15096	15048
15097	15048
15098	15049
15099	15049
15100	15000
15101	15000
15102	15001
15103	15001
15104	15002
15105	15002
15106	15003
15107	15003
15108	15004
15109	15004
15110	15005
15111	15005
15112	15006
15113	15006
15114	15007
15115	15007
15116	15008
15117	15008
15118	15009
15119	15009
15120	15010
15121	15010
15122	15011
15123	15011
15124	15012
15125	15012
15126	15013
15127	15013
15128	15014
15129	15014
15130	15015
15131	15015
15132	15016
15133	15016
15134	15017
15135	15017
15136	15018
15137	15018
15138	15019
15139	15019
15140	15020
15141	15020
15142	15021
15143	15021
15144	15022
15145	15022
15146	15023
15147	15023
15148	15024
15149	15024
15150	15025
15151	15025
15152	15026
15153	15026
15154	15027
15155	15027
15156	15028
15157	15028
15158	15029
15159	15029
15160	15030
15161	15030
15162	15031
15163	15031
15164	15032
15165	15032
15166	15033
15167	15033
15168	15034
15169	15034
15170	15035
15171	15035
15172	15036
15173	15036
15174	15037
15175	15037
15176	15038
15177	15038
15178	15039
15179	15039
15180	15040
15181	15040
15182	15041
15183	15041
15184	15042
15185	15042
15186	15043
15187	15043
15188	15044
15189	15044
15190	15045
15191	15045
15192	15046
15193	15046
15194	15047
15195	15047
15196	15048
15197	15048
15198	15049
15199	15049
15200	15200
15201	15200
15202	15201
15203	15201
15204	15202
15205	15202
15206	15203
15207	15203
15208	15204
15209	15204
15210	15205
15211	15205
15212	15206
15213	15206
15214	15207
15215	15207
15216	15208
15217	15208
15218	15209
15219	15209
15220	15210
15221	15210
15222	15211
15223	15211
15224	15212
15225	15212
15226	15213
15227	15213
15228	15214
15229	15214
15230	15215
15231	15215
15232	15216
15233	15216
15234	15217
15235	15217
15236	15218
15237	15218
15238	15219
15239	15219
15240	15220
15241	15220
15242	15221
15243	15221
15244	15222
15245	15222
15246	15223
15247	15223
15248	15224
15249	15224
15250	15225
15251	15225
15252	15226
15253	15226
15254	15227
15255	15227
15256	15228
15257	15228
15258	15229
15259	15229
15260	15230
15261	15230
15262	15231
15263	15231
15264	15232
15265	15232
15266	15233
15267	15233
15268	15234
15269	15234
15270	15235
15271	15235
15272	15236
15273	15236
15274	15237
15275	15237
15276	15238
15277	15238
15278	15239
15279	15239
15280	15240
15281	15240
15282	15241
15283	15241
15284	15242
15285	15242
15286	15243
15287	15243
15288	15244
15289	15244
15290	15245
15291	15245
15292	15246
15293	15246
15294	15247
15295	15247
15296	15248
15297	15248
15298	15249
15299	15249
15300	15200
15301	15200
15302	15201
15303	15201
15304	15202
15305	15202
15306	15203
15307	15203
15308	15204
15309	15204
15310	15205
15311	15205
15312	15206
15313	15206
15314	15207
15315	15207
15316	15208
15317	15208
15318	15209
15319	15209
15320	15210
15321	15210
15322	15211
15323	15211
15324	15212
15325	15212
15326	15213
15327	15213
15328	15214
15329	15214
15330	15215
15331	15215
15332	15216
15333	15216
15334	15217
15335	15217
15336	15218
15337	15218
15338	15219
15339	15219
15340	15220
15341	15220
15342	15221
15343	15221
15344	15222
15345	15222
15346	15223
15347	15223
15348	15224
15349	15224
15350	15225
15351	15225
15352	15226
15353	15226
15354	15227
15355	15227
15356	15228
15357	15228
15358	15229
15359	15229
15360	15230
15361	15230
15362	15231
15363	15231
15364	15232
15365	15232
15366	15233
15367	15233
15368	15234
15369	15234
15370	15235
15371	15235
15372	15236
15373	15236
15374	15237
15375	15237
15376	15238
15377	15238
15378	15239
15379	15239
15380	15240
15381	15240
15382	15241
15383	15241
15384	15242
15385	15242
15386	15243
15387	15243
15388	15244
15389	15244
15390	15245
15391	15245
15392	15246
15393	15246
15394	15247
15395	15247
15396	15248
15397	15248
15398	15249
15399	15249
15400	15400
15401	15400
15402	15401
15403	15401
15404	15402
15405	15402
15406	15403
15407	15403
15408	15404
15409	15404
15410	15405
15411	15405
15412	15406
15413	15406
15414	15407
15415	15407
15416	15408
15417	15408
15418	15409
15419	15409
15420	15410
15421	15410
15422	15411
15423	15411
15424	15412
15425	15412
15426	15413
15427	15413
15428	15414
15429	15414
15430	15415
15431	15415
15432	15416
15433	15416
15434	15417
15435	15417
15436	15418
15437	15418
15438	15419
15439	15419
15440	15420
15441	15420
15442	15421
15443	15421
15444	15422
15445	15422
15446	15423
15447	15423
15448	15424
15449	15424
15450	15425
15451	15425
15452	15426
15453	15426
15454	15427
15455	15427
15456	15428
15457	15428
15458	15429
15459	15429
15460	15430
15461	15430
15462	15431
15463	15431
15464	15432
15465	15432
15466	15433
15467	15433
15468	15434
15469	15434
15470	15435
15471	15435
15472	15436
15473	15436
15474	15437
15475	15437
15476	15438
15477	15438
15478	15439
15479	15439
15480	15440
15481	15440
15482	15441
15483	15441
15484	15442
15485	15442
15486	15443
15487	15443
15488	15444
15489	15444
15490	15445
15491	15445
15492	15446
15493	15446
15494	15447
15495	15447
15496	15448
15497	15448
15498	15449
15499	15449
15500	15400
15501	15400
15502	15401
15503	15401
15504	15402
15505	15402
15506	15403
15507	15403
15508	15404
15509	15404
15510	15405
15511	15405
15512	15406
15513	15406
15514	15407
15515	15407
15516	15408
15517	15408
15518	15409
15519	15409
15520	15410
15521	15410
15522	15411
15523	15411
15524	15412
15525	15412
15526	15413
15527	15413
15528	15414
15529	15414
15530	15415
15531	15415
15532	15416
15533	15416
15534	15417
15535	15417
15536	15418
15537	15418
15538	15419
15539	15419
15540	15420
15541	15420
15542	15421
15543	15421
15544	15422
15545	15422
15546	15423
15547	15423
15548	15424
15549	15424
15550	15425
15551	15425
15552	15426
15553	15426
15554	15427
15555	15427
15556	15428
15557	15428
15558	15429
15559	15429
15560	15430
15561	15430
15562	15431
15563	15431
15564	15432
15565	15432
15566	15433
15567	15433
15568	15434
15569	15434
15570	15435
15571	15435
15572	15436
15573	15436
15574	15437
15575	15437
15576	15438
15577	15438
15578	15439
15579	15439
15580	15440
15581	15440
15582	15441
15583	15441
15584	15442
15585	15442
15586	15443
15587	15443
15588	15444
15589	15444
15590	15445
15591	15445
15592	15446
15593	15446
15594	15447
15595	15447
15596	15448
15597	15448
15598	15449
15599	15449
15600	15600
15601	15600
15602	15601
15603	15601
15604	15602
15605	15602
15606	15603
15607	15603
15608	15604
15609	15604
15610	15605
15611	15605
15612	15606
15613	15606
15614	15607
15615	15607
15616	15608
15617	15608
15618	15609
15619	15609
15620	15610
15621	15610
15622	15611
15623	15611
15624	15612
15625	15612
15626	15613
15627	15613
15628	15614
15629	15614
15630	15615
15631	15615
15632	15616
15633	15616
15634	15617
15635	15617
15636	15618
15637	15618
15638	15619
15639	15619
15640	15620
15641	15620
15642	15621
15643	15621
15644	15622
15645	15622
15646	15623
15647	15623
15648	15624
15649	15624
15650	15625
15651	15625
15652	15626
15653	15626
15654	15627
15655	15627
15656	15628
15657	15628
15658	15629
15659	15629
15660	15630
15661	15630
15662	15631
15663	15631
15664	15632
15665	15632
15666	15633
15667	15633
15668	15634
15669	15634
15670	15635
15671	15635
15672	15636
15673	15636
15674	15637
15675	15637
15676	15638
15677	15638
15678	15639
15679	15639
15680	15640
15681	15640
15682	15641
15683	15641
15684	15642
15685	15642
15686	15643
15687	15643
15688	15644
15689	15644
15690	15645
15691	15645
15692	15646
15693	15646
15694	15647
15695	15647
15696	15648
15697	15648
15698	15649
15699	15649
15700	15600
15701	15600
15702	15601
15703	15601
15704	15602
15705	15602
15706	15603
15707	15603
15708	15604
15709	15604
15710	15605
15711	15605
15712	15606
15713	15606
15714	15607
15715	15607
15716	15608
15717	15608
15718	15609
15719	15609
15720	15610
15721	15610
15722	15611
15723	15611
15724	15612
15725	15612
15726	15613
15727	15613
15728	15614
15729	15614
15730	15615
15731	15615
15732	15616
15733	15616
15734	15617
15735	15617
15736	15618
15737	15618
15738	15619
15739	15619
15740	15620
15741	15620
15742	15621
15743	15621
15744	15622
15745	15622
15746	15623
15747	15623
15748	15624
15749	15624
15750	15625
15751	15625
15752	15626
15753	15626
15754	15627
15755	15627
15756	15628
15757	15628
15758	15629
15759	15629
15760	15630
15761	15630
15762	15631
15763	15631
15764	15632
15765	15632
15766	15633
15767	15633
15768	15634
15769	15634
15770	15635
15771	15635
15772	15636
15773	15636
15774	15637
15775	15637
15776	15638
15777	15638
15778	15639
15779	15639
15780	15640
15781	15640
15782	15641
15783	15641
15784	15642
15785	15642
15786	15643
15787	15643
15788	15644
15789	15644
15790	15645
15791	15645
15792	15646
15793	15646
15794	15647
15795	15647
15796	15648
15797	15648
15798	15649
15799	15649
15800	15800
15801	15800
15802	15801
15803	15801
15804	15802
15805	15802
15806	15803
15807	15803
15808	15804
15809	15804
15810	15805
15811	15805
15812	15806
15813	15806
15814	15807
15815	15807
15816	15808
15817	15808
15818	15809
15819	15809
15820	15810
15821	15810
15822	15811
15823	15811
15824	15812
15825	15812
15826	15813
15827	15813
15828	15814
15829	15814
15830	15815
15831	15815
15832	15816
15833	15816
15834	15817
15835	15817
15836	15818
15837	15818
15838	15819
15839	15819
15840	15820
15841	15820
15842	15821
15843	15821
15844	15822
15845	15822
15846	15823
15847	15823
15848	15824
15849	15824
15850	15825
15851	15825
15852	15826
15853	15826
15854	15827
15855	15827
15856	15828
15857	15828
15858	15829
15859	15829
15860	15830
15861	15830
15862	15831
15863	15831
15864	15832
15865	15832
15866	15833
15867	15833
15868	15834
15869	15834
15870	15835
15871	15835
15872	15836
15873	15836
15874	15837
15875	15837
15876	15838
15877	15838
15878	15839
15879	15839
15880	15840
15881	15840
15882	15841
15883	15841
15884	15842
15885	15842
15886	15843
15887	15843
15888	15844
15889	15844
15890	15845
15891	15845
15892	15846
15893	15846
15894	15847
15895	15847
15896	15848
15897	15848
15898	15849
15899	15849
15900	15800
15901	15800
15902	15801
15903	15801
15904	15802
15905	15802
15906	15803
15907	15803
15908	15804
15909	15804
15910	15805
15911	15805
15912	15806
15913	15806
15914	15807
15915	15807
15916	15808
15917	15808
15918	15809
15919	15809
15920	15810
15921	15810
15922	15811
15923	15811
15924	15812
15925	15812
15926	15813
15927	15813
15928	15814
15929	15814
15930	15815
15931	15815
15932	15816
15933	15816
15934	15817
15935	15817
15936	15818
15937	15818
15938	15819
15939	15819
15940	15820
15941	15820
15942	15821
15943	15821
15944	15822
15945	15822
15946	15823
15947	15823
15948	15824
15949	15824
15950	15825
15951	15825
15952	15826
15953	15826
15954	15827
15955	15827
15956	15828
15957	15828
15958	15829
15959	15829
15960	15830
15961	15830
15962	15831
15963	15831
15964	15832
15965	15832
15966	15833
15967	15833
15968	15834
15969	15834
15970	15835
15971	15835
15972	15836
15973	15836
15974	15837
15975	15837
15976	15838
15977	15838
15978	15839
15979	15839
15980	15840
15981	15840
15982	15841
15983	15841
15984	15842
15985	15842
15986	15843
15987	15843
15988	15844
15989	15844
15990	15845
15991	15845
15992	15846
15993	15846
15994	15847
15995	15847
15996	15848
15997	15848
15998	15849
15999	15849
16000	16000
16001	16000
16002	16001
16003	16001
16004	16002
16005	16002
16006	16003
16007	16003
16008	16004
16009	16004
16010	16005
16011	16005
16012	16006
16013	16006
16014	16007
16015	16007
16016	16008
16017	16008
16018	16009
16019	16009
16020	16010
16021	16010
16022	16011
16023	16011
16024	16012
16025	16012
16026	16013
16027	16013
16028	16014
16029	16014
16030	16015
16031	16015
16032	16016
16033	16016
16034	16017
16035	16017
16036	16018
16037	16018
16038	16019
16039	16019
16040	16020
16041	16020
16042	16021
16043	16021
16044	16022
16045	16022
16046	16023
16047	16023
16048	16024
16049	16024
16050	16025
16051	16025
16052	16026
16053	16026
16054	16027
16055	16027
16056	16028
16057	16028
16058	16029
16059	16029
16060	16030
16061	16030
16062	16031
16063	16031
16064	16032
16065	16032
16066	16033
16067	16033
16068	16034
16069	16034
16070	16035
16071	16035
16072	16036
16073	16036
16074	16037
16075	16037
16076	16038
16077	16038
16078	16039
16079	16039
16080	16040
16081	16040
16082	16041
16083	16041
16084	16042
16085	16042
16086	16043
16087	16043
16088	16044
16089	16044
16090	16045
16091	16045
16092	16046
16093	16046
16094	16047
16095	16047
16096	16048
16097	16048
16098	16049
16099	16049
16100	16000
16101	16000
16102	16001
16103	16001
16104	16002
16105	16002
16106	16003
16107	16003
16108	16004
16109	16004
16110	16005
16111	16005
16112	16006
16113	16006
16114	16007
16115	16007
16116	16008
16117	16008
16118	16009
16119	16009
16120	16010
16121	16010
16122	16011
16123	16011
16124	16012
16125	16012
16126	16013
16127	16013
16128	16014
16129	16014
16130	16015
16131	16015
16132	16016
16133	16016
16134	16017
16135	16017
16136	16018
16137	16018
16138	16019
16139	16019
16140	16020
16141	16020
16142	16021
16143	16021
16144	16022
16145	16022
16146	16023
16147	16023
16148	16024
16149	16024
16150	16025
16151	16025
16152	16026
16153	16026
16154	16027
16155	16027
16156	16028
16157	16028
16158	16029
16159	16029
16160	16030
16161	16030
16162	16031
16163	16031
16164	16032
16165	16032
16166	16033
16167	16033
16168	16034
16169	16034
16170	16035
16171	16035
16172	16036
16173	16036
16174	16037
16175	16037
16176	16038
16177	16038
16178	16039
16179	16039
16180	16040
16181	16040
16182	16041
16183	16041
16184	16042
16185	16042
16186	16043
16187	16043
16188	16044
16189	16044
16190	16045
16191	16045
16192	16046
16193	16046
16194	16047
16195	16047
16196	16048
16197	16048
16198	16049
16199	16049
16200	16200
16201	16200
16202	16201
16203	16201
16204	16202
16205	16202
16206	16203
16207	16203
16208	16204
16209	16204
16210	16205
16211	16205
16212	16206
16213	16206
16214	16207
16215	16207
16216	16208
16217	16208
16218	16209
16219	16209
16220	16210
16221	16210
16222	16211
16223	16211
16224	16212
16225	16212
16226	16213
16227	16213
16228	16214
16229	16214
16230	16215
16231	16215
16232	16216
16233	16216
16234	16217
16235	16217
16236	16218
16237	16218
16238	16219
16239	16219
16240	16220
16241	16220
16242	16221
16243	16221
16244	16222
16245	16222
16246	16223
16247	16223
16248	16224
16249	16224
16250	16225
16251	16225
16252	16226
16253	16226
16254	16227
16255	16227
16256	16228
16257	16228
16258	16229
16259	16229
16260	16230
16261	16230
16262	16231
16263	16231
16264	16232
16265	16232
16266	16233
16267	16233
16268	16234
16269	16234
16270	16235
16271	16235
16272	16236
16273	16236
16274	16237
16275	16237
16276	16238
16277	16238
16278	16239
16279	16239
16280	16240
16281	16240
16282	16241
16283	16241
16284	16242
16285	16242
16286	16243
16287	16243
16288	16244
16289	16244
16290	16245
16291	16245
16292	16246
16293	16246
16294	16247
16295	16247
16296	16248
16297	16248
16298	16249
16299	16249
16300	16200
16301	16200
16302	16201
16303	16201
16304	16202
16305	16202
16306	16203
16307	16203
16308	16204
16309	16204
16310	16205
16311	16205
16312	16206
16313	16206
16314	16207
16315	16207
16316	16208
16317	16208
16318	16209
16319	16209
16320	16210
16321	16210
16322	16211
16323	16211
16324	16212
16325	16212
16326	16213
16327	16213
16328	16214
16329	16214
16330	16215
16331	16215
16332	16216
16333	16216
16334	16217
16335	16217
16336	16218
16337	16218
16338	16219
16339	16219
16340	16220
16341	16220
16342	16221
16343	16221
16344	16222
16345	16222
16346	16223
16347	16223
16348	16224
16349	16224
16350	16225
16351	16225
16352	16226
16353	16226
16354	16227
16355	16227
16356	16228
16357	16228
16358	16229
16359	16229
16360	16230
16361	16230
16362	16231
16363	16231
16364	16232
16365	16232
16366	16233
16367	16233
16368	16234
16369	16234
16370	16235
16371	16235
16372	16236
16373	16236
16374	16237
16375	16237
16376	16238
16377	16238
16378	16239
16379	16239
16380	16240
16381	16240
16382	16241
16383	16241
16384	16242
16385	16242
16386	16243
16387	16243
16388	16244
16389	16244
16390	16245
16391	16245
16392	16246
16393	16246
16394	16247
16395	16247
16396	16248
16397	16248
16398	16249
16399	16249
16400	16400
16401	16400
16402	16401
16403	16401
16404	16402
16405	16402
16406	16403
16407	16403
16408	16404
16409	16404
16410	16405
16411	16405
16412	16406
16413	16406
16414	16407
16415	16407
16416	16408
16417	16408
16418	16409
16419	16409
16420	16410
16421	16410
16422	16411
16423	16411
16424	16412
16425	16412
16426	16413
16427	16413
16428	16414
16429	16414
16430	16415
16431	16415
16432	16416
16433	16416
16434	16417
16435	16417
16436	16418
16437	16418
16438	16419
16439	16419
16440	16420
16441	16420
16442	16421
16443	16421
16444	16422
16445	16422
16446	16423
16447	16423
16448	16424
16449	16424
16450	16425
16451	16425
16452	16426
16453	16426
16454	16427
16455	16427
16456	16428
16457	16428
16458	16429
16459	16429
16460	16430
16461	16430
16462	16431
16463	16431
16464	16432
16465	16432
16466	16433
16467	16433
16468	16434
16469	16434
16470	16435
16471	16435
16472	16436
16473	16436
16474	16437
16475	16437
16476	16438
16477	16438
16478	16439
16479	16439
16480	16440
16481	16440
16482	16441
16483	16441
16484	16442
16485	16442
16486	16443
16487	16443
16488	16444
16489	16444
16490	16445
16491	16445
16492	16446
16493	16446
16494	16447
16495	16447
16496	16448
16497	16448
16498	16449
16499	16449
16500	16400
16501	16400
16502	16401
16503	16401
16504	16402
16505	16402
16506	16403
16507	16403
16508	16404
16509	16404
16510	16405
16511	16405
16512	16406
16513	16406
16514	16407
16515	16407
16516	16408
16517	16408
16518	16409
16519	16409
16520	16410
16521	16410
16522	16411
16523	16411
16524	16412
16525	16412
16526	16413
16527	16413
16528	16414
16529	16414
16530	16415
16531	16415
16532	16416
16533	16416
16534	16417
16535	16417
16536	16418
16537	16418
16538	16419
16539	16419
16540	16420
16541	16420
16542	16421
16543	16421
16544	16422
16545	16422
16546	16423
16547	16423
16548	16424
16549	16424
16550	16425
16551	16425
16552	16426
16553	16426
16554	16427
16555	16427
16556	16428
16557	16428
16558	16429
16559	16429
16560	16430
16561	16430
16562	16431
16563	16431
16564	16432
16565	16432
16566	16433
16567	16433
16568	16434
16569	16434
16570	16435
16571	16435
16572	16436
16573	16436
16574	16437
16575	16437
16576	16438
16577	16438
16578	16439
16579	16439
16580	16440
16581	16440
16582	16441
16583	16441
16584	16442
16585	16442
16586	16443
16587	16443
16588	16444
16589	16444
16590	16445
16591	16445
16592	16446
16593	16446
16594	16447
16595	16447
16596	16448
16597	16448
16598	16449
16599	16449
16600	16600
16601	16600
16602	16601
16603	16601
16604	16602
16605	16602
16606	16603
16607	16603
16608	16604
16609	16604
16610	16605
16611	16605
16612	16606
16613	16606
16614	16607
16615	16607
16616	16608
16617	16608
16618	16609
16619	16609
16620	16610
16621	16610
16622	16611
16623	16611
16624	16612
16625	16612
16626	16613
16627	16613
16628	16614
16629	16614
16630	16615
16631	16615
16632	16616
16633	16616
16634	16617
16635	16617
16636	16618
16637	16618
16638	16619
16639	16619
16640	16620
16641	16620
16642	16621
16643	16621
16644	16622
16645	16622
16646	16623
16647	16623
16648	16624
16649	16624
16650	16625
16651	16625
16652	16626
16653	16626
16654	16627
16655	16627
16656	16628
16657	16628
16658	16629
16659	16629
16660	16630
16661	16630
16662	16631
16663	16631
16664	16632
16665	16632
16666	16633
16667	16633
16668	16634
16669	16634
16670	16635
16671	16635
16672	16636
16673	16636
16674	16637
16675	16637
16676	16638
16677	16638
16678	16639
16679	16639
16680	16640
16681	16640
16682	16641
16683	16641
16684	16642
16685	16642
16686	16643
16687	16643
16688	16644
16689	16644
16690	16645
16691	16645
16692	16646
16693	16646
16694	16647
16695	16647
16696	16648
16697	16648
16698	16649
16699	16649
16700	16600
16701	16600
16702	16601
16703	16601
16704	16602
16705	16602
16706	16603
16707	16603
16708	16604
16709	16604
16710	16605
16711	16605
16712	16606
16713	16606
16714	16607
16715	16607
16716	16608
16717	16608
16718	16609
16719	16609
16720	16610
16721	16610
16722	16611
16723	16611
16724	16612
16725	16612
16726	16613
16727	16613
16728	16614
16729	16614
16730	16615
16731	16615
16732	16616
16733	16616
16734	16617
16735	16617
16736	16618
16737	16618
16738	16619
16739	16619
16740	16620
16741	16620
16742	16621
16743	16621
16744	16622
16745	16622
16746	16623
16747	16623
16748	16624
16749	16624
16750	16625
16751	16625
16752	16626
16753	16626
16754	16627
16755	16627
16756	16628
16757	16628
16758	16629
16759	16629
16760	16630
16761	16630
16762	16631
16763	16631
16764	16632
16765	16632
16766	16633
16767	16633
16768	16634
16769	16634
16770	16635
16771	16635
16772	16636
16773	16636
16774	16637
16775	16637
16776	16638
16777	16638
16778	16639
16779	16639
16780	16640
16781	16640
16782	16641
16783	16641
16784	16642
16785	16642
16786	16643
16787	16643
16788	16644
16789	16644
16790	16645
16791	16645
16792	16646
16793	16646
16794	16647
16795	16647
16796	16648
16797	16648
16798	16649
16799	16649
16800	16800
16801	16800
16802	16801
16803	16801
16804	16802
16805	16802
16806	16803
16807	16803
16808	16804
16809	16804
16810	16805
16811	16805
16812	16806
16813	16806
16814	16807
16815	16807
16816	16808
16817	16808
16818	16809
16819	16809
16820	16810
16821	16810
16822	16811
16823	16811
16824	16812
16825	16812
16826	16813
16827	16813
16828	16814
16829	16814
16830	16815
16831	16815
16832	16816
16833	16816
16834	16817
16835	16817
16836	16818
16837	16818
16838	16819
16839	16819
16840	16820
16841	16820
16842	16821
16843	16821
16844	16822
16845	16822
16846	16823
16847	16823
16848	16824
16849	16824
16850	16825
16851	16825
16852	16826
16853	16826
16854	16827
16855	16827
16856	16828
16857	16828
16858	16829
16859	16829
16860	16830
16861	16830
16862	16831
16863	16831
16864	16832
16865	16832
16866	16833
16867	16833
16868	16834
16869	16834
16870	16835
16871	16835
16872	16836
16873	16836
16874	16837
16875	16837
16876	16838
16877	16838
16878	16839
16879	16839
16880	16840
16881	16840
16882	16841
16883	16841
16884	16842
16885	16842
16886	16843
16887	16843
16888	16844
16889	16844
16890	16845
16891	16845
16892	16846
16893	16846
16894	16847
16895	16847
16896	16848
16897	16848
16898	16849
16899	16849
16900	16800
16901	16800
16902	16801
16903	16801
16904	16802
16905	16802
16906	16803
16907	16803
16908	16804
16909	16804
16910	16805
16911	16805
16912	16806
16913	16806
16914	16807
16915	16807
16916	16808
16917	16808
16918	16809
16919	16809
16920	16810
16921	16810
16922	16811
16923	16811
16924	16812
16925	16812
16926	16813
16927	16813
16928	16814
16929	16814
16930	16815
16931	16815
16932	16816
16933	16816
16934	16817
16935	16817
16936	16818
16937	16818
16938	16819
16939	16819
16940	16820
16941	16820
16942	16821
16943	16821
16944	16822
16945	16822
16946	16823
16947	16823
16948	16824
16949	16824
16950	16825
16951	16825
16952	16826
16953	16826
16954	16827
16955	16827
16956	16828
16957	16828
16958	16829
16959	16829
16960	16830
16961	16830
16962	16831
16963	16831
16964	16832
16965	16832
16966	16833
16967	16833
16968	16834
16969	16834
16970	16835
16971	16835
16972	16836
16973	16836
16974	16837
16975	16837
16976	16838
16977	16838
16978	16839
16979	16839
16980	16840
16981	16840
16982	16841
16983	16841
16984	16842
16985	16842
16986	16843
16987	16843
16988	16844
16989	16844
16990	16845
16991	16845
16992	16846
16993	16846
16994	16847
16995	16847
16996	16848
16997	16848
16998	16849
16999	16849
17000	17000
17001	17000
17002	17001
17003	17001
17004	17002
17005	17002
17006	17003
17007	17003
17008	17004
17009	17004
17010	17005
17011	17005
17012	17006
17013	17006
17014	17007
17015	17007
17016	17008
17017	17008
17018	17009
17019	17009
17020	17010
17021	17010
17022	17011
17023	17011
17024	17012
17025	17012
17026	17013
17027	17013
17028	17014
17029	17014
17030	17015
17031	17015
17032	17016
17033	17016
17034	17017
17035	17017
17036	17018
17037	17018
17038	17019
17039	17019
17040	17020
17041	17020
17042	17021
17043	17021
17044	17022
17045	17022
17046	17023
17047	17023
17048	17024
17049	17024
17050	17025
17051	17025
17052	17026
17053	17026
17054	17027
17055	17027
17056	17028
17057	17028
17058	17029
17059	17029
17060	17030
17061	17030
17062	17031
17063	17031
17064	17032
17065	17032
17066	17033
17067	17033
17068	17034
17069	17034
17070	17035
17071	17035
17072	17036
17073	17036
17074	17037
17075	17037
17076	17038
17077	17038
17078	17039
17079	17039
17080	17040
17081	17040
17082	17041
17083	17041
17084	17042
17085	17042
17086	17043
17087	17043
17088	17044
17089	17044
17090	17045
17091	17045
17092	17046
17093	17046
17094	17047
17095	17047
17096	17048
17097	17048
17098	17049
17099	17049
17100	17000
17101	17000
17102	17001
17103	17001
17104	17002
17105	17002
17106	17003
17107	17003
17108	17004
17109	17004
17110	17005
17111	17005
17112	17006
17113	17006
17114	17007
17115	17007
17116	17008
17117	17008
17118	17009
17119	17009
17120	17010
17121	17010
17122	17011
17123	17011
17124	17012
17125	17012
17126	17013
17127	17013
17128	17014
17129	17014
17130	17015
17131	17015
17132	17016
17133	17016
17134	17017
17135	17017
17136	17018
17137	17018
17138	17019
17139	17019
17140	17020
17141	17020
17142	17021
17143	17021
17144	17022
17145	17022
17146	17023
17147	17023
17148	17024
17149	17024
17150	17025
17151	17025
17152	17026
17153	17026
17154	17027
17155	17027
17156	17028
17157	17028
17158	17029
17159	17029
17160	17030
17161	17030
17162	17031
17163	17031
17164	17032
17165	17032
17166	17033
17167	17033
17168	17034
17169	17034
17170	17035
17171	17035
17172	17036
17173	17036
17174	17037
17175	17037
17176	17038
17177	17038
17178	17039
17179	17039
17180	17040
17181	17040
17182	17041
17183	17041
17184	17042
17185	17042
17186	17043
17187	17043
17188	17044
17189	17044
17190	17045
17191	17045
17192	17046
17193	17046
17194	17047
17195	17047
17196	17048
17197	17048
17198	17049
17199	17049
17200	17200
17201	17200
17202	17201
17203	17201
17204	17202
17205	17202
17206	17203
17207	17203
17208	17204
17209	17204
17210	17205
17211	17205
17212	17206
17213	17206
17214	17207
17215	17207
17216	17208
17217	17208
17218	17209
17219	17209
17220	17210
17221	17210
17222	17211
17223	17211
17224	17212
17225	17212
17226	17213
17227	17213
17228	17214
17229	17214
17230	17215
17231	17215
17232	17216
17233	17216
17234	17217
17235	17217
17236	17218
17237	17218
17238	17219
17239	17219
17240	17220
17241	17220
17242	17221
17243	17221
17244	17222
17245	17222
17246	17223
17247	17223
17248	17224
17249	17224
17250	17225
17251	17225
17252	17226
17253	17226
17254	17227
17255	17227
17256	17228
17257	17228
17258	17229
17259	17229
17260	17230
17261	17230
17262	17231
17263	17231
17264	17232
17265	17232
17266	17233
17267	17233
17268	17234
17269	17234
17270	17235
17271	17235
17272	17236
17273	17236
17274	17237
17275	17237
17276	17238
17277	17238
17278	17239
17279	17239
17280	17240
17281	17240
17282	17241
17283	17241
17284	17242
17285	17242
17286	17243
17287	17243
17288	17244
17289	17244
17290	17245
17291	17245
17292	17246
17293	17246
17294	17247
17295	17247
17296	17248
17297	17248
17298	17249
17299	17249
17300	17200
17301	17200
17302	17201
17303	17201
17304	17202
17305	17202
17306	17203
17307	17203
17308	17204
17309	17204
17310	17205
17311	17205
17312	17206
17313	17206
17314	17207
17315	17207
17316	17208
17317	17208
17318	17209
17319	17209
17320	17210
17321	17210
17322	17211
17323	17211
17324	17212
17325	17212
17326	17213
17327	17213
17328	17214
17329	17214
17330	17215
17331	17215
17332	17216
17333	17216
17334	17217
17335	17217
17336	17218
17337	17218
17338	17219
17339	17219
17340	17220
17341	17220
17342	17221
17343	17221
17344	17222
17345	17222
17346	17223
17347	17223
17348	17224
17349	17224
17350	17225
17351	17225
17352	17226
17353	17226
17354	17227
17355	17227
17356	17228
17357	17228
17358	17229
17359	17229
17360	17230
17361	17230
17362	17231
17363	17231
17364	17232
17365	17232
17366	17233
17367	17233
17368	17234
17369	17234
17370	17235
17371	17235
17372	17236
17373	17236
17374	17237
17375	17237
17376	17238
17377	17238
17378	17239
17379	17239
17380	17240
17381	17240
17382	17241
17383	17241
17384	17242
17385	17242
17386	17243
17387	17243
17388	17244
17389	17244
17390	17245
17391	17245
17392	17246
17393	17246
17394	17247
17395	17247
17396	17248
17397	17248
17398	17249
17399	17249
17400	17400
17401	17400
17402	17401
17403	17401
17404	17402
17405	17402
17406	17403
17407	17403
17408	17404
17409	17404
17410	17405
17411	17405
17412	17406
17413	17406
17414	17407
17415	17407
17416	17408
17417	17408
17418	17409
17419	17409
17420	17410
17421	17410
17422	17411
17423	17411
17424	17412
17425	17412
17426	17413
17427	17413
17428	17414
17429	17414
17430	17415
17431	17415
17432	17416
17433	17416
17434	17417
17435	17417
17436	17418
17437	17418
17438	17419
17439	17419
17440	17420
17441	17420
17442	17421
17443	17421
17444	17422
17445	17422
17446	17423
17447	17423
17448	17424
17449	17424
17450	17425
17451	17425
17452	17426
17453	17426
17454	17427
17455	17427
17456	17428
17457	17428
17458	17429
17459	17429
17460	17430
17461	17430
17462	17431
17463	17431
17464	17432
17465	17432
17466	17433
17467	17433
17468	17434
17469	17434
17470	17435
17471	17435
17472	17436
17473	17436
17474	17437
17475	17437
17476	17438
17477	17438
17478	17439
17479	17439
17480	17440
17481	17440
17482	17441
17483	17441
17484	17442
17485	17442
17486	17443
17487	17443
17488	17444
17489	17444
17490	17445
17491	17445
17492	17446
17493	17446
17494	17447
17495	17447
17496	17448
17497	17448
17498	17449
17499	17449
17500	17400
17501	17400
17502	17401
17503	17401
17504	17402
17505	17402
17506	17403
17507	17403
17508	17404
17509	17404
17510	17405
17511	17405
17512	17406
17513	17406
17514	17407
17515	17407
17516	17408
17517	17408
17518	17409
17519	17409
17520	17410
17521	17410
17522	17411
17523	17411
17524	17412
17525	17412
17526	17413
17527	17413
17528	17414
17529	17414
17530	17415
17531	17415
17532	17416
17533	17416
17534	17417
17535	17417
17536	17418
17537	17418
17538	17419
17539	17419
17540	17420
17541	17420
17542	17421
17543	17421
17544	17422
17545	17422
17546	17423
17547	17423
17548	17424
17549	17424
17550	17425
17551	17425
17552	17426
17553	17426
17554	17427
17555	17427
17556	17428
17557	17428
17558	17429
17559	17429
17560	17430
17561	17430
17562	17431
17563	17431
17564	17432
17565	17432
17566	17433
17567	17433
17568	17434
17569	17434
17570	17435
17571	17435
17572	17436
17573	17436
17574	17437
17575	17437
17576	17438
17577	17438
17578	17439
17579	17439
17580	17440
17581	17440
17582	17441
17583	17441
17584	17442
17585	17442
17586	17443
17587	17443
17588	17444
17589	17444
17590	17445
17591	17445
17592	17446
17593	17446
17594	17447
17595	17447
17596	17448
17597	17448
17598	17449
17599	17449
17600	17600
17601	17600
17602	17601
17603	17601
17604	17602
17605	17602
17606	17603
17607	17603
17608	17604
17609	17604
17610	17605
17611	17605
17612	17606
17613	17606
17614	17607
17615	17607
17616	17608
17617	17608
17618	17609
17619	17609
17620	17610
17621	17610
17622	17611
17623	17611
17624	17612
17625	17612
17626	17613
17627	17613
17628	17614
17629	17614
17630	17615
17631	17615
17632	17616
17633	17616
17634	17617
17635	17617
17636	17618
17637	17618
17638	17619
17639	17619
17640	17620
17641	17620
17642	17621
17643	17621
17644	17622
17645	17622
17646	17623
17647	17623
17648	17624
17649	17624
17650	17625
17651	17625
17652	17626
17653	17626
17654	17627
17655	17627
17656	17628
17657	17628
17658	17629
17659	17629
17660	17630
17661	17630
17662	17631
17663	17631
17664	17632
17665	17632
17666	17633
17667	17633
17668	17634
17669	17634
17670	17635
17671	17635
17672	17636
17673	17636
17674	17637
17675	17637
17676	17638
17677	17638
17678	17639
17679	17639
17680	17640
17681	17640
17682	17641
17683	17641
17684	17642
17685	17642
17686	17643
17687	17643
17688	17644
17689	17644
17690	17645
17691	17645
17692	17646
17693	17646
17694	17647
17695	17647
17696	17648
17697	17648
17698	17649
17699	17649
17700	17600
17701	17600
17702	17601
17703	17601
17704	17602
17705	17602
17706	17603
17707	17603
17708	17604
17709	17604
17710	17605
17711	17605
17712	17606
17713	17606
17714	17607
17715	17607
17716	17608
17717	17608
17718	17609
17719	17609
17720	17610
17721	17610
17722	17611
17723	17611
17724	17612
17725	17612
17726	17613
17727	17613
17728	17614
17729	17614
17730	17615
17731	17615
17732	17616
17733	17616
17734	17617
17735	17617
17736	17618
17737	17618
17738	17619
17739	17619
17740	17620
17741	17620
17742	17621
17743	17621
17744	17622
17745	17622
17746	17623
17747	17623
17748	17624
17749	17624
17750	17625
17751	17625
17752	17626
17753	17626
17754	17627
17755	17627
17756	17628
17757	17628
17758	17629
17759	17629
17760	17630
17761	17630
17762	17631
17763	17631
17764	17632
17765	17632
17766	17633
17767	17633
17768	17634
17769	17634
17770	17635
17771	17635
17772	17636
17773	17636
17774	17637
17775	17637
17776	17638
17777	17638
17778	17639
17779	17639
17780	17640
17781	17640
17782	17641
17783	17641
17784	17642
17785	17642
17786	17643
17787	17643
17788	17644
17789	17644
17790	17645
17791	17645
17792	17646
17793	17646
17794	17647
17795	17647
17796	17648
17797	17648
17798	17649
17799	17649
17800	17800
17801	17800
17802	17801
17803	17801
17804	17802
17805	17802
17806	17803
17807	17803
17808	17804
17809	17804
17810	17805
17811	17805
17812	17806
17813	17806
17814	17807
17815	17807
17816	17808
17817	17808
17818	17809
17819	17809
17820	17810
17821	17810
17822	17811
17823	17811
17824	17812
17825	17812
17826	17813
17827	17813
17828	17814
17829	17814
17830	17815
17831	17815
17832	17816
17833	17816
17834	17817
17835	17817
17836	17818
17837	17818
17838	17819
17839	17819
17840	17820
17841	17820
17842	17821
17843	17821
17844	17822
17845	17822
17846	17823
17847	17823
17848	17824
17849	17824
17850	17825
17851	17825
17852	17826
17853	17826
17854	17827
17855	17827
17856	17828
17857	17828
17858	17829
17859	17829
17860	17830
17861	17830
17862	17831
17863	17831
17864	17832
17865	17832
17866	17833
17867	17833
17868	17834
17869	17834
17870	17835
17871	17835
17872	17836
17873	17836
17874	17837
17875	17837
17876	17838
17877	17838
17878	17839
17879	17839
17880	17840
17881	17840
17882	17841
17883	17841
17884	17842
17885	17842
17886	17843
17887	17843
17888	17844
17889	17844
17890	17845
17891	17845
17892	17846
17893	17846
17894	17847
17895	17847
17896	17848
17897	17848
17898	17849
17899	17849
17900	17800
17901	17800
17902	17801
17903	17801
17904	17802
17905	17802
17906	17803
17907	17803
17908	17804
17909	17804
17910	17805
17911	17805
17912	17806
17913	17806
17914	17807
17915	17807
17916	17808
17917	17808
17918	17809
17919	17809
17920	17810
17921	17810
17922	17811
17923	17811
17924	17812
17925	17812
17926	17813
17927	17813
17928	17814
17929	17814
17930	17815
17931	17815
17932	17816
17933	17816
17934	17817
17935	17817
17936	17818
17937	17818
17938	17819
17939	17819
17940	17820
17941	17820
17942	17821
17943	17821
17944	17822
17945	17822
17946	17823
17947	17823
17948	17824
17949	17824
17950	17825
17951	17825
17952	17826
17953	17826
17954	17827
17955	17827
17956	17828
17957	17828
17958	17829
17959	17829
17960	17830
17961	17830
17962	17831
17963	17831
17964	17832
17965	17832
17966	17833
17967	17833
17968	17834
17969	17834
17970	17835
17971	17835
17972	17836
17973	17836
17974	17837
17975	17837
17976	17838
17977	17838
17978	17839
17979	17839
17980	17840
17981	17840
17982	17841
17983	17841
17984	17842
17985	17842
17986	17843
17987	17843
17988	17844
17989	17844
17990	17845
17991	17845
17992	17846
17993	17846
17994	17847
17995	17847
17996	17848
17997	17848
17998	17849
17999	17849
18000	18000
18001	18000
18002	18001
18003	18001
18004	18002
18005	18002
18006	18003
18007	18003
18008	18004
18009	18004
18010	18005
18011	18005
18012	18006
18013	18006
18014	18007
18015	18007
18016	18008
18017	18008
18018	18009
18019	18009
18020	18010
18021	18010
18022	18011
18023	18011
18024	18012
18025	18012
18026	18013
18027	18013
18028	18014
18029	18014
18030	18015
18031	18015
18032	18016
18033	18016
18034	18017
18035	18017
18036	18018
18037	18018
18038	18019
18039	18019
18040	18020
18041	18020
18042	18021
18043	18021
18044	18022
18045	18022
18046	18023
18047	18023
18048	18024
18049	18024
18050	18025
18051	18025
18052	18026
18053	18026
18054	18027
18055	18027
18056	18028
18057	18028
18058	18029
18059	18029
18060	18030
18061	18030
18062	18031
18063	18031
18064	18032
18065	18032
18066	18033
18067	18033
18068	18034
18069	18034
18070	18035
18071	18035
18072	18036
18073	18036
18074	18037
18075	18037
18076	18038
18077	18038
18078	18039
18079	18039
18080	18040
18081	18040
18082	18041
18083	18041
18084	18042
18085	18042
18086	18043
18087	18043
18088	18044
18089	18044
18090	18045
18091	18045
18092	18046
18093	18046
18094	18047
18095	18047
18096	18048
18097	18048
18098	18049
18099	18049
18100	18000
18101	18000
18102	18001
18103	18001
18104	18002
18105	18002
18106	18003
18107	18003
18108	18004
18109	18004
18110	18005
18111	18005
18112	18006
18113	18006
18114	18007
18115	18007
18116	18008
18117	18008
18118	18009
18119	18009
18120	18010
18121	18010
18122	18011
18123	18011
18124	18012
18125	18012
18126	18013
18127	18013
18128	18014
18129	18014
18130	18015
18131	18015
18132	18016
18133	18016
18134	18017
18135	18017
18136	18018
18137	18018
18138	18019
18139	18019
18140	18020
18141	18020
18142	18021
18143	18021
18144	18022
18145	18022
18146	18023
18147	18023
18148	18024
18149	18024
18150	18025
18151	18025
18152	18026
18153	18026
18154	18027
18155	18027
18156	18028
18157	18028
18158	18029
18159	18029
18160	18030
18161	18030
18162	18031
18163	18031
18164	18032
18165	18032
18166	18033
18167	18033
18168	18034
18169	18034
18170	18035
18171	18035
18172	18036
18173	18036
18174	18037
18175	18037
18176	18038
18177	18038
18178	18039
18179	18039
18180	18040
18181	18040
18182	18041
18183	18041
18184	18042
18185	18042
18186	18043
18187	18043
18188	18044
18189	18044
18190	18045
18191	18045
18192	18046
18193	18046
18194	18047
18195	18047
18196	18048
18197	18048
18198	18049
18199	18049
18200	18200
18201	18200
18202	18201
18203	18201
18204	18202
18205	18202
18206	18203
18207	18203
18208	18204
18209	18204
18210	18205
18211	18205
18212	18206
18213	18206
18214	18207
18215	18207
18216	18208
18217	18208
18218	18209
18219	18209
18220	18210
18221	18210
18222	18211
18223	18211
18224	18212
18225	18212
18226	18213
18227	18213
18228	18214
18229	18214
18230	18215
18231	18215
18232	18216
18233	18216
18234	18217
18235	18217
18236	18218
18237	18218
18238	18219
18239	18219
18240	18220
18241	18220
18242	18221
18243	18221
18244	18222
18245	18222
18246	18223
18247	18223
18248	18224
18249	18224
18250	18225
18251	18225
18252	18226
18253	18226
18254	18227
18255	18227
18256	18228
18257	18228
18258	18229
18259	18229
18260	18230
18261	18230
18262	18231
18263	18231
18264	18232
18265	18232
18266	18233
18267	18233
18268	18234
18269	18234
18270	18235
18271	18235
18272	18236
18273	18236
18274	18237
18275	18237
18276	18238
18277	18238
18278	18239
18279	18239
18280	18240
18281	18240
18282	18241
18283	18241
18284	18242
18285	18242
18286	18243
18287	18243
18288	18244
18289	18244
18290	18245
18291	18245
18292	18246
18293	18246
18294	18247
18295	18247
18296	18248
18297	18248
18298	18249
18299	18249
18300	18200
18301	18200
18302	18201
18303	18201
18304	18202
18305	18202
18306	18203
18307	18203
18308	18204
18309	18204
18310	18205
18311	18205
18312	18206
18313	18206
18314	18207
18315	18207
18316	18208
18317	18208
18318	18209
18319	18209
18320	18210
18321	18210
18322	18211
18323	18211
18324	18212
18325	18212
18326	18213
18327	18213
18328	18214
18329	18214
18330	18215
18331	18215
18332	18216
18333	18216
18334	18217
18335	18217
18336	18218
18337	18218
18338	18219
18339	18219
18340	18220
18341	18220
18342	18221
18343	18221
18344	18222
18345	18222
18346	18223
18347	18223
18348	18224
18349	18224
18350	18225
18351	18225
18352	18226
18353	18226
18354	18227
18355	18227
18356	18228
18357	18228
18358	18229
18359	18229
18360	18230
18361	18230
18362	18231
18363	18231
18364	18232
18365	18232
18366	18233
18367	18233
18368	18234
18369	18234
18370	18235
18371	18235
18372	18236
18373	18236
18374	18237
18375	18237
18376	18238
18377	18238
18378	18239
18379	18239
18380	18240
18381	18240
18382	18241
18383	18241
18384	18242
18385	18242
18386	18243
18387	18243
18388	18244
18389	18244
18390	18245
18391	18245
18392	18246
18393	18246
18394	18247
18395	18247
18396	18248
18397	18248
18398	18249
18399	18249
18400	18400
18401	18400
18402	18401
18403	18401
18404	18402
18405	18402
18406	18403
18407	18403
18408	18404
18409	18404
18410	18405
18411	18405
18412	18406
18413	18406
18414	18407
18415	18407
18416	18408
18417	18408
18418	18409
18419	18409
18420	18410
18421	18410
18422	18411
18423	18411
18424	18412
18425	18412
18426	18413
18427	18413
18428	18414
18429	18414
18430	18415
18431	18415
18432	18416
18433	18416
18434	18417
18435	18417
18436	18418
18437	18418
18438	18419
18439	18419
18440	18420
18441	18420
18442	18421
18443	18421
18444	18422
18445	18422
18446	18423
18447	18423
18448	18424
18449	18424
18450	18425
18451	18425
18452	18426
18453	18426
18454	18427
18455	18427
18456	18428
18457	18428
18458	18429
18459	18429
18460	18430
18461	18430
18462	18431
18463	18431
18464	18432
18465	18432
18466	18433
18467	18433
18468	18434
18469	18434
18470	18435
18471	18435
18472	18436
18473	18436
18474	18437
18475	18437
18476	18438
18477	18438
18478	18439
18479	18439
18480	18440
18481	18440
18482	18441
18483	18441
18484	18442
18485	18442
18486	18443
18487	18443
18488	18444
18489	18444
18490	18445
18491	18445
18492	18446
18493	18446
18494	18447
18495	18447
18496	18448
18497	18448
18498	18449
18499	18449
18500	18400
18501	18400
18502	18401
18503	18401
18504	18402
18505	18402
18506	18403
18507	18403
18508	18404
18509	18404
18510	18405
18511	18405
18512	18406
18513	18406
18514	18407
18515	18407
18516	18408
18517	18408
18518	18409
18519	18409
18520	18410
18521	18410
18522	18411
18523	18411
18524	18412
18525	18412
18526	18413
18527	18413
18528	18414
18529	18414
18530	18415
18531	18415
18532	18416
18533	18416
18534	18417
18535	18417
18536	18418
18537	18418
18538	18419
18539	18419
18540	18420
18541	18420
18542	18421
18543	18421
18544	18422
18545	18422
18546	18423
18547	18423
18548	18424
18549	18424
18550	18425
18551	18425
18552	18426
18553	18426
18554	18427
18555	18427
18556	18428
18557	18428
18558	18429
18559	18429
18560	18430
18561	18430
18562	18431
18563	18431
18564	18432
18565	18432
18566	18433
18567	18433
18568	18434
18569	18434
18570	18435
18571	18435
18572	18436
18573	18436
18574	18437
18575	18437
18576	18438
18577	18438
18578	18439
18579	18439
18580	18440
18581	18440
18582	18441
18583	18441
18584	18442
18585	18442
18586	18443
18587	18443
18588	18444
18589	18444
18590	18445
18591	18445
18592	18446
18593	18446
18594	18447
18595	18447
18596	18448
18597	18448
18598	18449
18599	18449
18600	18600
18601	18600
18602	18601
18603	18601
18604	18602
18605	18602
18606	18603
18607	18603
18608	18604
18609	18604
18610	18605
18611	18605
18612	18606
18613	18606
18614	18607
18615	18607
18616	18608
18617	18608
18618	18609
18619	18609
18620	18610
18621	18610
18622	18611
18623	18611
18624	18612
18625	18612
18626	18613
18627	18613
18628	18614
18629	18614
18630	18615
18631	18615
18632	18616
18633	18616
18634	18617
18635	18617
18636	18618
18637	18618
18638	18619
18639	18619
18640	18620
18641	18620
18642	18621
18643	18621
18644	18622
18645	18622
18646	18623
18647	18623
18648	18624
18649	18624
18650	18625
18651	18625
18652	18626
18653	18626
18654	18627
18655	18627
18656	18628
18657	18628
18658	18629
18659	18629
18660	18630
18661	18630
18662	18631
18663	18631
18664	18632
18665	18632
18666	18633
18667	18633
18668	18634
18669	18634
18670	18635
18671	18635
18672	18636
18673	18636
18674	18637
18675	18637
18676	18638
18677	18638
18678	18639
18679	18639
18680	18640
18681	18640
18682	18641
18683	18641
18684	18642
18685	18642
18686	18643
18687	18643
18688	18644
18689	18644
18690	18645
18691	18645
18692	18646
18693	18646
18694	18647
18695	18647
18696	18648
18697	18648
18698	18649
18699	18649
18700	18600
18701	18600
18702	18601
18703	18601
18704	18602
18705	18602
18706	18603
18707	18603
18708	18604
18709	18604
18710	18605
18711	18605
18712	18606
18713	18606
18714	18607
18715	18607
18716	18608
18717	18608
18718	18609
18719	18609
18720	18610
18721	18610
18722	18611
18723	18611
18724	18612
18725	18612
18726	18613
18727	18613
18728	18614
18729	18614
18730	18615
18731	18615
18732	18616
18733	18616
18734	18617
18735	18617
18736	18618
18737	18618
18738	18619
18739	18619
18740	18620
18741	18620
18742	18621
18743	18621
18744	18622
18745	18622
18746	18623
18747	18623
18748	18624
18749	18624
18750	18625
18751	18625
18752	18626
18753	18626
18754	18627
18755	18627
18756	18628
18757	18628
18758	18629
18759	18629
18760	18630
18761	18630
18762	18631
18763	18631
18764	18632
18765	18632
18766	18633
18767	18633
18768	18634
18769	18634
18770	18635
18771	18635
18772	18636
18773	18636
18774	18637
18775	18637
18776	18638
18777	18638
18778	18639
18779	18639
18780	18640
18781	18640
18782	18641
18783	18641
18784	18642
18785	18642
18786	18643
18787	18643
18788	18644
18789	18644
18790	18645
18791	18645
18792	18646
18793	18646
18794	18647
18795	18647
18796	18648
18797	18648
18798	18649
18799	18649
18800	18800
18801	18800
18802	18801
18803	18801
18804	18802
18805	18802
18806	18803
18807	18803
18808	18804
18809	18804
18810	18805
18811	18805
18812	18806
18813	18806
18814	18807
18815	18807
18816	18808
18817	18808
18818	18809
18819	18809
18820	18810
18821	18810
18822	18811
18823	18811
18824	18812
18825	18812
18826	18813
18827	18813
18828	18814
18829	18814
18830	18815
18831	18815
18832	18816
18833	18816
18834	18817
18835	18817
18836	18818
18837	18818
18838	18819
18839	18819
18840	18820
18841	18820
18842	18821
18843	18821
18844	18822
18845	18822
18846	18823
18847	18823
18848	18824
18849	18824
18850	18825
18851	18825
18852	18826
18853	18826
18854	18827
18855	18827
18856	18828
18857	18828
18858	18829
18859	18829
18860	18830
18861	18830
18862	18831
18863	18831
18864	18832
18865	18832
18866	18833
18867	18833
18868	18834
18869	18834
18870	18835
18871	18835
18872	18836
18873	18836
18874	18837
18875	18837
18876	18838
18877	18838
18878	18839
18879	18839
18880	18840
18881	18840
18882	18841
18883	18841
18884	18842
18885	18842
18886	18843
18887	18843
18888	18844
18889	18844
18890	18845
18891	18845
18892	18846
18893	18846
18894	18847
18895	18847
18896	18848
18897	18848
18898	18849
18899	18849
18900	18800
18901	18800
18902	18801
18903	18801
18904	18802
18905	18802
18906	18803
18907	18803
18908	18804
18909	18804
18910	18805
18911	18805
18912	18806
18913	18806
18914	18807
18915	18807
18916	18808
18917	18808
18918	18809
18919	18809
18920	18810
18921	18810
18922	18811
18923	18811
18924	18812
18925	18812
18926	18813
18927	18813
18928	18814
18929	18814
18930	18815
18931	18815
18932	18816
18933	18816
18934	18817
18935	18817
18936	18818
18937	18818
18938	18819
18939	18819
18940	18820
18941	18820
18942	18821
18943	18821
18944	18822
18945	18822
18946	18823
18947	18823
18948	18824
18949	18824
18950	18825
18951	18825
18952	18826
18953	18826
18954	18827
18955	18827
18956	18828
18957	18828
18958	18829
18959	18829
18960	18830
18961	18830
18962	18831
18963	18831
18964	18832
18965	18832
18966	18833
18967	18833
18968	18834
18969	18834
18970	18835
18971	18835
18972	18836
18973	18836
18974	18837
18975	18837
18976	18838
18977	18838
18978	18839
18979	18839
18980	18840
18981	18840
18982	18841
18983	18841
18984	18842
18985	18842
18986	18843
18987	18843
18988	18844
18989	18844
18990	18845
18991	18845
18992	18846
18993	18846
18994	18847
18995	18847
18996	18848
18997	18848
18998	18849
18999	18849
19000	19000
19001	19000
19002	19001
19003	19001
19004	19002
19005	19002
19006	19003
19007	19003
19008	19004
19009	19004
19010	19005
19011	19005
19012	19006
19013	19006
19014	19007
19015	19007
19016	19008
19017	19008
19018	19009
19019	19009
19020	19010
19021	19010
19022	19011
19023	19011
19024	19012
19025	19012
19026	19013
19027	19013
19028	19014
19029	19014
19030	19015
19031	19015
19032	19016
19033	19016
19034	19017
19035	19017
19036	19018
19037	19018
19038	19019
19039	19019
19040	19020
19041	19020
19042	19021
19043	19021
19044	19022
19045	19022
19046	19023
19047	19023
19048	19024
19049	19024
19050	19025
19051	19025
19052	19026
19053	19026
19054	19027
19055	19027
19056	19028
19057	19028
19058	19029
19059	19029
19060	19030
19061	19030
19062	19031
19063	19031
19064	19032
19065	19032
19066	19033
19067	19033
19068	19034
19069	19034
19070	19035
19071	19035
19072	19036
19073	19036
19074	19037
19075	19037
19076	19038
19077	19038
19078	19039
19079	19039
19080	19040
19081	19040
19082	19041
19083	19041
19084	19042
19085	19042
19086	19043
19087	19043
19088	19044
19089	19044
19090	19045
19091	19045
19092	19046
19093	19046
19094	19047
19095	19047
19096	19048
19097	19048
19098	19049
19099	19049
19100	19000
19101	19000
19102	19001
19103	19001
19104	19002
19105	19002
19106	19003
19107	19003
19108	19004
19109	19004
19110	19005
19111	19005
19112	19006
19113	19006
19114	19007
19115	19007
19116	19008
19117	19008
19118	19009
19119	19009
19120	19010
19121	19010
19122	19011
19123	19011
19124	19012
19125	19012
19126	19013
19127	19013
19128	19014
19129	19014
19130	19015
19131	19015
19132	19016
19133	19016
19134	19017
19135	19017
19136	19018
19137	19018
19138	19019
19139	19019
19140	19020
19141	19020
19142	19021
19143	19021
19144	19022
19145	19022
19146	19023
19147	19023
19148	19024
19149	19024
19150	19025
19151	19025
19152	19026
19153	19026
19154	19027
19155	19027
19156	19028
19157	19028
19158	19029
19159	19029
19160	19030
19161	19030
19162	19031
19163	19031
19164	19032
19165	19032
19166	19033
19167	19033
19168	19034
19169	19034
19170	19035
19171	19035
19172	19036
19173	19036
19174	19037
19175	19037
19176	19038
19177	19038
19178	19039
19179	19039
19180	19040
19181	19040
19182	19041
19183	19041
19184	19042
19185	19042
19186	19043
19187	19043
19188	19044
19189	19044
19190	19045
19191	19045
19192	19046
19193	19046
19194	19047
19195	19047
19196	19048
19197	19048
19198	19049
19199	19049
19200	19200
19201	19200
19202	19201
19203	19201
19204	19202
19205	19202
19206	19203
19207	19203
19208	19204
19209	19204
19210	19205
19211	19205
19212	19206
19213	19206
19214	19207
19215	19207
19216	19208
19217	19208
19218	19209
19219	19209
19220	19210
19221	19210
19222	19211
19223	19211
19224	19212
19225	19212
19226	19213
19227	19213
19228	19214
19229	19214
19230	19215
19231	19215
19232	19216
19233	19216
19234	19217
19235	19217
19236	19218
19237	19218
19238	19219
19239	19219
19240	19220
19241	19220
19242	19221
19243	19221
19244	19222
19245	19222
19246	19223
19247	19223
19248	19224
19249	19224
19250	19225
19251	19225
19252	19226
19253	19226
19254	19227
19255	19227
19256	19228
19257	19228
19258	19229
19259	19229
19260	19230
19261	19230
19262	19231
19263	19231
19264	19232
19265	19232
19266	19233
19267	19233
19268	19234
19269	19234
19270	19235
19271	19235
19272	19236
19273	19236
19274	19237
19275	19237
19276	19238
19277	19238
19278	19239
19279	19239
19280	19240
19281	19240
19282	19241
19283	19241
19284	19242
19285	19242
19286	19243
19287	19243
19288	19244
19289	19244
19290	19245
19291	19245
19292	19246
19293	19246
19294	19247
19295	19247
19296	19248
19297	19248
19298	19249
19299	19249
19300	19200
19301	19200
19302	19201
19303	19201
19304	19202
19305	19202
19306	19203
19307	19203
19308	19204
19309	19204
19310	19205
19311	19205
19312	19206
19313	19206
19314	19207
19315	19207
19316	19208
19317	19208
19318	19209
19319	19209
19320	19210
19321	19210
19322	19211
19323	19211
19324	19212
19325	19212
19326	19213
19327	19213
19328	19214
19329	19214
19330	19215
19331	19215
19332	19216
19333	19216
19334	19217
19335	19217
19336	19218
19337	19218
19338	19219
19339	19219
19340	19220
19341	19220
19342	19221
19343	19221
19344	19222
19345	19222
19346	19223
19347	19223
19348	19224
19349	19224
19350	19225
19351	19225
19352	19226
19353	19226
19354	19227
19355	19227
19356	19228
19357	19228
19358	19229
19359	19229
19360	19230
19361	19230
19362	19231
19363	19231
19364	19232
19365	19232
19366	19233
19367	19233
19368	19234
19369	19234
19370	19235
19371	19235
19372	19236
19373	19236
19374	19237
19375	19237
19376	19238
19377	19238
19378	19239
19379	19239
19380	19240
19381	19240
19382	19241
19383	19241
19384	19242
19385	19242
19386	19243
19387	19243
19388	19244
19389	19244
19390	19245
19391	19245
19392	19246
19393	19246
19394	19247
19395	19247
19396	19248
19397	19248
19398	19249
19399	19249
19400	19400
19401	19400
19402	19401
19403	19401
19404	19402
19405	19402
19406	19403
19407	19403
19408	19404
19409	19404
19410	19405
19411	19405
19412	19406
19413	19406
19414	19407
19415	19407
19416	19408
19417	19408
19418	19409
19419	19409
19420	19410
19421	19410
19422	19411
19423	19411
19424	19412
19425	19412
19426	19413
19427	19413
19428	19414
19429	19414
19430	19415
19431	19415
19432	19416
19433	19416
19434	19417
19435	19417
19436	19418
19437	19418
19438	19419
19439	19419
19440	19420
19441	19420
19442	19421
19443	19421
19444	19422
19445	19422
19446	19423
19447	19423
19448	19424
19449	19424
19450	19425
19451	19425
19452	19426
19453	19426
19454	19427
19455	19427
19456	19428
19457	19428
19458	19429
19459	19429
19460	19430
19461	19430
19462	19431
19463	19431
19464	19432
19465	19432
19466	19433
19467	19433
19468	19434
19469	19434
19470	19435
19471	19435
19472	19436
19473	19436
19474	19437
19475	19437
19476	19438
19477	19438
19478	19439
19479	19439
19480	19440
19481	19440
19482	19441
19483	19441
19484	19442
19485	19442
19486	19443
19487	19443
19488	19444
19489	19444
19490	19445
19491	19445
19492	19446
19493	19446
19494	19447
19495	19447
19496	19448
19497	19448
19498	19449
19499	19449
19500	19400
19501	19400
19502	19401
19503	19401
19504	19402
19505	19402
19506	19403
19507	19403
19508	19404
19509	19404
19510	19405
19511	19405
19512	19406
19513	19406
19514	19407
19515	19407
19516	19408
19517	19408
19518	19409
19519	19409
19520	19410
19521	19410
19522	19411
19523	19411
19524	19412
19525	19412
19526	19413
19527	19413
19528	19414
19529	19414
19530	19415
19531	19415
19532	19416
19533	19416
19534	19417
19535	19417
19536	19418
19537	19418
19538	19419
19539	19419
19540	19420
19541	19420
19542	19421
19543	19421
19544	19422
19545	19422
19546	19423
19547	19423
19548	19424
19549	19424
19550	19425
19551	19425
19552	19426
19553	19426
19554	19427
19555	19427
19556	19428
19557	19428
19558	19429
19559	19429
19560	19430
19561	19430
19562	19431
19563	19431
19564	19432
19565	19432
19566	19433
19567	19433
19568	19434
19569	19434
19570	19435
19571	19435
19572	19436
19573	19436
19574	19437
19575	19437
19576	19438
19577	19438
19578	19439
19579	19439
19580	19440
19581	19440
19582	19441
19583	19441
19584	19442
19585	19442
19586	19443
19587	19443
19588	19444
19589	19444
19590	19445
19591	19445
19592	19446
19593	19446
19594	19447
19595	19447
19596	19448
19597	19448
19598	19449
19599	19449
19600	19600
19601	19600
19602	19601
19603	19601
19604	19602
19605	19602
19606	19603
19607	19603
19608	19604
19609	19604
19610	19605
19611	19605
19612	19606
19613	19606
19614	19607
19615	19607
19616	19608
19617	19608
19618	19609
19619	19609
19620	19610
19621	19610
19622	19611
19623	19611
19624	19612
19625	19612
19626	19613
19627	19613
19628	19614
19629	19614
19630	19615
19631	19615
19632	19616
19633	19616
19634	19617
19635	19617
19636	19618
19637	19618
19638	19619
19639	19619
19640	19620
19641	19620
19642	19621
19643	19621
19644	19622
19645	19622
19646	19623
19647	19623
19648	19624
19649	19624
19650	19625
19651	19625
19652	19626
19653	19626
19654	19627
19655	19627
19656	19628
19657	19628
19658	19629
19659	19629
19660	19630
19661	19630
19662	19631
19663	19631
19664	19632
19665	19632
19666	19633
19667	19633
19668	19634
19669	19634
19670	19635
19671	19635
19672	19636
19673	19636
19674	19637
19675	19637
19676	19638
19677	19638
19678	19639
19679	19639
19680	19640
19681	19640
19682	19641
19683	19641
19684	19642
19685	19642
19686	19643
19687	19643
19688	19644
19689	19644
19690	19645
19691	19645
19692	19646
19693	19646
19694	19647
19695	19647
19696	19648
19697	19648
19698	19649
19699	19649
19700	19600
19701	19600
19702	19601
19703	19601
19704	19602
19705	19602
19706	19603
19707	19603
19708	19604
19709	19604
19710	19605
19711	19605
19712	19606
19713	19606
19714	19607
19715	19607
19716	19608
19717	19608
19718	19609
19719	19609
19720	19610
19721	19610
19722	19611
19723	19611
19724	19612
19725	19612
19726	19613
19727	19613
19728	19614
19729	19614
19730	19615
19731	19615
19732	19616
19733	19616
19734	19617
19735	19617
19736	19618
19737	19618
19738	19619
19739	19619
19740	19620
19741	19620
19742	19621
19743	19621
19744	19622
19745	19622
19746	19623
19747	19623
19748	19624
19749	19624
19750	19625
19751	19625
19752	19626
19753	19626
19754	19627
19755	19627
19756	19628
19757	19628
19758	19629
19759	19629
19760	19630
19761	19630
19762	19631
19763	19631
19764	19632
19765	19632
19766	19633
19767	19633
19768	19634
19769	19634
19770	19635
19771	19635
19772	19636
19773	19636
19774	19637
19775	19637
19776	19638
19777	19638
19778	19639
19779	19639
19780	19640
19781	19640
19782	19641
19783	19641
19784	19642
19785	19642
19786	19643
19787	19643
19788	19644
19789	19644
19790	19645
19791	19645
19792	19646
19793	19646
19794	19647
19795	19647
19796	19648
19797	19648
19798	19649
19799	19649
19800	19800
19801	19800
19802	19801
19803	19801
19804	19802
19805	19802
19806	19803
19807	19803
19808	19804
19809	19804
19810	19805
19811	19805
19812	19806
19813	19806
19814	19807
19815	19807
19816	19808
19817	19808
19818	19809
19819	19809
19820	19810
19821	19810
19822	19811
19823	19811
19824	19812
19825	19812
19826	19813
19827	19813
19828	19814
19829	19814
19830	19815
19831	19815
19832	19816
19833	19816
19834	19817
19835	19817
19836	19818
19837	19818
19838	19819
19839	19819
19840	19820
19841	19820
19842	19821
19843	19821
19844	19822
19845	19822
19846	19823
19847	19823
19848	19824
19849	19824
19850	19825
19851	19825
19852	19826
19853	19826
19854	19827
19855	19827
19856	19828
19857	19828
19858	19829
19859	19829
19860	19830
19861	19830
19862	19831
19863	19831
19864	19832
19865	19832
19866	19833
19867	19833
19868	19834
19869	19834
19870	19835
19871	19835
19872	19836
19873	19836
19874	19837
19875	19837
19876	19838
19877	19838
19878	19839
19879	19839
19880	19840
19881	19840
19882	19841
19883	19841
19884	19842
19885	19842
19886	19843
19887	19843
19888	19844
19889	19844
19890	19845
19891	19845
19892	19846
19893	19846
19894	19847
19895	19847
19896	19848
19897	19848
19898	19849
19899	19849
19900	19800
19901	19800
19902	19801
19903	19801
19904	19802
19905	19802
19906	19803
19907	19803
19908	19804
19909	19804
19910	19805
19911	19805
19912	19806
19913	19806
19914	19807
19915	19807
19916	19808
19917	19808
19918	19809
19919	19809
19920	19810
19921	19810
19922	19811
19923	19811
19924	19812
19925	19812
19926	19813
19927	19813
19928	19814
19929	19814
19930	19815
19931	19815
19932	19816
19933	19816
19934	19817
19935	19817
19936	19818
19937	19818
19938	19819
19939	19819
19940	19820
19941	19820
19942	19821
19943	19821
19944	19822
19945	19822
19946	19823
19947	19823
19948	19824
19949	19824
19950	19825
19951	19825
19952	19826
19953	19826
19954	19827
19955	19827
19956	19828
19957	19828
19958	19829
19959	19829
19960	19830
19961	19830
19962	19831
19963	19831
19964	19832
19965	19832
19966	19833
19967	19833
19968	19834
19969	19834
19970	19835
19971	19835
19972	19836
19973	19836
19974	19837
19975	19837
19976	19838
19977	19838
19978	19839
19979	19839
19980	19840
19981	19840
19982	19841
19983	19841
19984	19842
19985	19842
19986	19843
19987	19843
19988	19844
19989	19844
19990	19845
19991	19845
19992	19846
19993	19846
19994	19847
19995	19847
19996	19848
19997	19848
19998	19849
19999	19849
20000	50
20001	50
20002	51
20003	51
20004	52
20005	52
20006	53
20007	53
20008	54
20009	54
20010	55
20011	55
20012	56
20013	56
20014	57
20015	57
20016	58
20017	58
20018	59
20019	59
20020	60
20021	60
20022	61
20023	61
20024	62
20025	62
20026	63
20027	63
20028	64
20029	64
20030	65
20031	65
20032	66
20033	66
20034	67
20035	67
20036	68
20037	68
20038	69
20039	69
20040	70
20041	70
20042	71
20043	71
20044	72
20045	72
20046	73
20047	73
20048	74
20049	74
20050	75
20051	75
20052	76
20053	76
20054	77
20055	77
20056	78
20057	78
20058	79
20059	79
20060	80
20061	80
20062	81
20063	81
20064	82
20065	82
20066	83
20067	83
20068	84
20069	84
20070	85
20071	85
20072	86
20073	86
20074	87
20075	87
20076	88
20077	88
20078	89
20079	89
20080	90
20081	90
20082	91
20083	91
20084	92
20085	92
20086	93
20087	93
20088	94
20089	94
20090	95
20091	95
20092	96
20093	96
20094	97
20095	97
20096	98
20097	98
20098	99
20099	99
20100	100
20101	100
20102	101
20103	101
20104	102
20105	102
20106	103
20107	103
20108	104
20109	104
20110	105
20111	105
20112	106
20113	106
20114	107
20115	107
20116	108
20117	108
20118	109
20119	109
20120	110
20121	110
20122	111
20123	111
20124	112
20125	112
20126	113
20127	113
20128	114
20129	114
20130	115
20131	115
20132	116
20133	116
20134	117
20135	117
20136	118
20137	118
20138	119
20139	119
20140	120
20141	120
20142	121
20143	121
20144	122
20145	122
20146	123
20147	123
20148	124
20149	124
20150	125
20151	125
20152	126
20153	126
20154	127
20155	127
20156	128
20157	128
20158	129
20159	129
20160	130
20161	130
20162	131
20163	131
20164	132
20165	132
20166	133
20167	133
20168	134
20169	134
20170	135
20171	135
20172	136
20173	136
20174	137
20175	137
20176	138
20177	138
20178	139
20179	139
20180	140
20181	140
20182	141
20183	141
20184	142
20185	142
20186	143
20187	143
20188	144
20189	144
20190	145
20191	145
20192	146
20193	146
20194	147
20195	147
20196	148
20197	148
20198	149
20199	149
20200	50
20201	50
20202	51
20203	51
20204	52
20205	52
20206	53
20207	53
20208	54
20209	54
20210	55
20211	55
20212	56
20213	56
20214	57
20215	57
20216	58
20217	58
20218	59
20219	59
20220	60
20221	60
20222	61
20223	61
20224	62
20225	62
20226	63
20227	63
20228	64
20229	64
20230	65
20231	65
20232	66
20233	66
20234	67
20235	67
20236	68
20237	68
20238	69
20239	69
20240	70
20241	70
20242	71
20243	71
20244	72
20245	72
20246	73
20247	73
20248	74
20249	74
20250	75
20251	75
20252	76
20253	76
20254	77
20255	77
20256	78
20257	78
20258	79
20259	79
20260	80
20261	80
20262	81
20263	81
20264	82
20265	82
20266	83
20267	83
20268	84
20269	84
20270	85
20271	85
20272	86
20273	86
20274	87
20275	87
20276	88
20277	88
20278	89
20279	89
20280	90
20281	90
20282	91
20283	91
20284	92
20285	92
20286	93
20287	93
20288	94
20289	94
20290	95
20291	95
20292	96
20293	96
20294	97
20295	97
20296	98
20297	98
20298	99
20299	99
20300	100
20301	100
20302	101
20303	101
20304	102
20305	102
20306	103
20307	103
20308	104
20309	104
20310	105
20311	105
20312	106
20313	106
20314	107
20315	107
20316	108
20317	108
20318	109
20319	109
20320	110
20321	110
20322	111
20323	111
20324	112
20325	112
20326	113
20327	113
20328	114
20329	114
20330	115
20331	115
20332	116
20333	116
20334	117
20335	117
20336	118
20337	118
20338	119
20339	119
20340	120
20341	120
20342	121
20343	121
20344	122
20345	122
20346	123
20347	123
20348	124
20349	124
20350	125
20351	125
20352	126
20353	126
20354	127
20355	127
20356	128
20357	128
20358	129
20359	129
20360	130
20361	130
20362	131
20363	131
20364	132
20365	132
20366	133
20367	133
20368	134
20369	134
20370	135
20371	135
20372	136
20373	136
20374	137
20375	137
20376	138
20377	138
20378	139
20379	139
20380	140
20381	140
20382	141
20383	141
20384	142
20385	142
20386	143
20387	143
20388	144
20389	144
20390	145
20391	145
20392	146
20393	146
20394	147
20395	147
20396	148
20397	148
20398	149
20399	149
20400	250
20401	250
20402	251
20403	251
20404	252
20405	252
20406	253
20407	253
20408	254
20409	254
20410	255
20411	255
20412	256
20413	256
20414	257
20415	257
20416	258
20417	258
20418	259
20419	259
20420	260
20421	260
20422	261
20423	261
20424	262
20425	262
20426	263
20427	263
20428	264
20429	264
20430	265
20431	265
20432	266
20433	266
20434	267
20435	267
20436	268
20437	268
20438	269
20439	269
20440	270
20441	270
20442	271
20443	271
20444	272
20445	272
20446	273
20447	273
20448	274
20449	274
20450	275
20451	275
20452	276
20453	276
20454	277
20455	277
20456	278
20457	278
20458	279
20459	279
20460	280
20461	280
20462	281
20463	281
20464	282
20465	282
20466	283
20467	283
20468	284
20469	284
20470	285
20471	285
20472	286
20473	286
20474	287
20475	287
20476	288
20477	288
20478	289
20479	289
20480	290
20481	290
20482	291
20483	291
20484	292
20485	292
20486	293
20487	293
20488	294
20489	294
20490	295
20491	295
20492	296
20493	296
20494	297
20495	297
20496	298
20497	298
20498	299
20499	299
20500	300
20501	300
20502	301
20503	301
20504	302
20505	302
20506	303
20507	303
20508	304
20509	304
20510	305
20511	305
20512	306
20513	306
20514	307
20515	307
20516	308
20517	308
20518	309
20519	309
20520	310
20521	310
20522	311
20523	311
20524	312
20525	312
20526	313
20527	313
20528	314
20529	314
20530	315
20531	315
20532	316
20533	316
20534	317
20535	317
20536	318
20537	318
20538	319
20539	319
20540	320
20541	320
20542	321
20543	321
20544	322
20545	322
20546	323
20547	323
20548	324
20549	324
20550	325
20551	325
20552	326
20553	326
20554	327
20555	327
20556	328
20557	328
20558	329
20559	329
20560	330
20561	330
20562	331
20563	331
20564	332
20565	332
20566	333
20567	333
20568	334
20569	334
20570	335
20571	335
20572	336
20573	336
20574	337
20575	337
20576	338
20577	338
20578	339
20579	339
20580	340
20581	340
20582	341
20583	341
20584	342
20585	342
20586	343
20587	343
20588	344
20589	344
20590	345
20591	345
20592	346
20593	346
20594	347
20595	347
20596	348
20597	348
20598	349
20599	349
20600	250
20601	250
20602	251
20603	251
20604	252
20605	252
20606	253
20607	253
20608	254
20609	254
20610	255
20611	255
20612	256
20613	256
20614	257
20615	257
20616	258
20617	258
20618	259
20619	259
20620	260
20621	260
20622	261
20623	261
20624	262
20625	262
20626	263
20627	263
20628	264
20629	264
20630	265
20631	265
20632	266
20633	266
20634	267
20635	267
20636	268
20637	268
20638	269
20639	269
20640	270
20641	270
20642	271
20643	271
20644	272
20645	272
20646	273
20647	273
20648	274
20649	274
20650	275
20651	275
20652	276
20653	276
20654	277
20655	277
20656	278
20657	278
20658	279
20659	279
20660	280
20661	280
20662	281
20663	281
20664	282
20665	282
20666	283
20667	283
20668	284
20669	284
20670	285
20671	285
20672	286
20673	286
20674	287
20675	287
20676	288
20677	288
20678	289
20679	289
20680	290
20681	290
20682	291
20683	291
20684	292
20685	292
20686	293
20687	293
20688	294
20689	294
20690	295
20691	295
20692	296
20693	296
20694	297
20695	297
20696	298
20697	298
20698	299
20699	299
20700	300
20701	300
20702	301
20703	301
20704	302
20705	302
20706	303
20707	303
20708	304
20709	304
20710	305
20711	305
20712	306
20713	306
20714	307
20715	307
20716	308
20717	308
20718	309
20719	309
20720	310
20721	310
20722	311
20723	311
20724	312
20725	312
20726	313
20727	313
20728	314
20729	314
20730	315
20731	315
20732	316
20733	316
20734	317
20735	317
20736	318
20737	318
20738	319
20739	319
20740	320
20741	320
20742	321
20743	321
20744	322
20745	322
20746	323
20747	323
20748	324
20749	324
20750	325
20751	325
20752	326
20753	326
20754	327
20755	327
20756	328
20757	328
20758	329
20759	329
20760	330
20761	330
20762	331
20763	331
20764	332
20765	332
20766	333
20767	333
20768	334
20769	334
20770	335
20771	335
20772	336
20773	336
20774	337
20775	337
20776	338
20777	338
20778	339
20779	339
20780	340
20781	340
20782	341
20783	341
20784	342
20785	342
20786	343
20787	343
20788	344
20789	344
20790	345
20791	345
20792	346
20793	346
20794	347
20795	347
20796	348
20797	348
20798	349
20799	349
20800	450
20801	450
20802	451
20803	451
20804	452
20805	452
20806	453
20807	453
20808	454
20809	454
20810	455
20811	455
20812	456
20813	456
20814	457
20815	457
20816	458
20817	458
20818	459
20819	459
20820	460
20821	460
20822	461
20823	461
20824	462
20825	462
20826	463
20827	463
20828	464
20829	464
20830	465
20831	465
20832	466
20833	466
20834	467
20835	467
20836	468
20837	468
20838	469
20839	469
20840	470
20841	470
20842	471
20843	471
20844	472
20845	472
20846	473
20847	473
20848	474
20849	474
20850	475
20851	475
20852	476
20853	476
20854	477
20855	477
20856	478
20857	478
20858	479
20859	479
20860	480
20861	480
20862	481
20863	481
20864	482
20865	482
20866	483
20867	483
20868	484
20869	484
20870	485
20871	485
20872	486
20873	486
20874	487
20875	487
20876	488
20877	488
20878	489
20879	489
20880	490
20881	490
20882	491
20883	491
20884	492
20885	492
20886	493
20887	493
20888	494
20889	494
20890	495
20891	495
20892	496
20893	496
20894	497
20895	497
20896	498
20897	498
20898	499
20899	499
20900	500
20901	500
20902	501
20903	501
20904	502
20905	502
20906	503
20907	503
20908	504
20909	504
20910	505
20911	505
20912	506
20913	506
20914	507
20915	507
20916	508
20917	508
20918	509
20919	509
20920	510
20921	510
20922	511
20923	511
20924	512
20925	512
20926	513
20927	513
20928	514
20929	514
20930	515
20931	515
20932	516
20933	516
20934	517
20935	517
20936	518
20937	518
20938	519
20939	519
20940	520
20941	520
20942	521
20943	521
20944	522
20945	522
20946	523
20947	523
20948	524
20949	524
20950	525
20951	525
20952	526
20953	526
20954	527
20955	527
20956	528
20957	528
20958	529
20959	529
20960	530
20961	530
20962	531
20963	531
20964	532
20965	532
20966	533
20967	533
20968	534
20969	534
20970	535
20971	535
20972	536
20973	536
20974	537
20975	537
20976	538
20977	538
20978	539
20979	539
20980	540
20981	540
20982	541
20983	541
20984	542
20985	542
20986	543
20987	543
20988	544
20989	544
20990	545
20991	545
20992	546
20993	546
20994	547
20995	547
20996	548
20997	548
20998	549
20999	549
21000	450
21001	450
21002	451
21003	451
21004	452
21005	452
21006	453
21007	453
21008	454
21009	454
21010	455
21011	455
21012	456
21013	456
21014	457
21015	457
21016	458
21017	458
21018	459
21019	459
21020	460
21021	460
21022	461
21023	461
21024	462
21025	462
21026	463
21027	463
21028	464
21029	464
21030	465
21031	465
21032	466
21033	466
21034	467
21035	467
21036	468
21037	468
21038	469
21039	469
21040	470
21041	470
21042	471
21043	471
21044	472
21045	472
21046	473
21047	473
21048	474
21049	474
21050	475
21051	475
21052	476
21053	476
21054	477
21055	477
21056	478
21057	478
21058	479
21059	479
21060	480
21061	480
21062	481
21063	481
21064	482
21065	482
21066	483
21067	483
21068	484
21069	484
21070	485
21071	485
21072	486
21073	486
21074	487
21075	487
21076	488
21077	488
21078	489
21079	489
21080	490
21081	490
21082	491
21083	491
21084	492
21085	492
21086	493
21087	493
21088	494
21089	494
21090	495
21091	495
21092	496
21093	496
21094	497
21095	497
21096	498
21097	498
21098	499
21099	499
21100	500
21101	500
21102	501
21103	501
21104	502
21105	502
21106	503
21107	503
21108	504
21109	504
21110	505
21111	505
21112	506
21113	506
21114	507
21115	507
21116	508
21117	508
21118	509
21119	509
21120	510
21121	510
21122	511
21123	511
21124	512
21125	512
21126	513
21127	513
21128	514
21129	514
21130	515
21131	515
21132	516
21133	516
21134	517
21135	517
21136	518
21137	518
21138	519
21139	519
21140	520
21141	520
21142	521
21143	521
21144	522
21145	522
21146	523
21147	523
21148	524
21149	524
21150	525
21151	525
21152	526
21153	526
21154	527
21155	527
21156	528
21157	528
21158	529
21159	529
21160	530
21161	530
21162	531
21163	531
21164	532
21165	532
21166	533
21167	533
21168	534
21169	534
21170	535
21171	535
21172	536
21173	536
21174	537
21175	537
21176	538
21177	538
21178	539
21179	539
21180	540
21181	540
21182	541
21183	541
21184	542
21185	542
21186	543
21187	543
21188	544
21189	544
21190	545
21191	545
21192	546
21193	546
21194	547
21195	547
21196	548
21197	548
21198	549
21199	549
21200	650
21201	650
21202	651
21203	651
21204	652
21205	652
21206	653
21207	653
21208	654
21209	654
21210	655
21211	655
21212	656
21213	656
21214	657
21215	657
21216	658
21217	658
21218	659
21219	659
21220	660
21221	660
21222	661
21223	661
21224	662
21225	662
21226	663
21227	663
21228	664
21229	664
21230	665
21231	665
21232	666
21233	666
21234	667
21235	667
21236	668
21237	668
21238	669
21239	669
21240	670
21241	670
21242	671
21243	671
21244	672
21245	672
21246	673
21247	673
21248	674
21249	674
21250	675
21251	675
21252	676
21253	676
21254	677
21255	677
21256	678
21257	678
21258	679
21259	679
21260	680
21261	680
21262	681
21263	681
21264	682
21265	682
21266	683
21267	683
21268	684
21269	684
21270	685
21271	685
21272	686
21273	686
21274	687
21275	687
21276	688
21277	688
21278	689
21279	689
21280	690
21281	690
21282	691
21283	691
21284	692
21285	692
21286	693
21287	693
21288	694
21289	694
21290	695
21291	695
21292	696
21293	696
21294	697
21295	697
21296	698
21297	698
21298	699
21299	699
21300	700
21301	700
21302	701
21303	701
21304	702
21305	702
21306	703
21307	703
21308	704
21309	704
21310	705
21311	705
21312	706
21313	706
21314	707
21315	707
21316	708
21317	708
21318	709
21319	709
21320	710
21321	710
21322	711
21323	711
21324	712
21325	712
21326	713
21327	713
21328	714
21329	714
21330	715
21331	715
21332	716
21333	716
21334	717
21335	717
21336	718
21337	718
21338	719
21339	719
21340	720
21341	720
21342	721
21343	721
21344	722
21345	722
21346	723
21347	723
21348	724
21349	724
21350	725
21351	725
21352	726
21353	726
21354	727
21355	727
21356	728
21357	728
21358	729
21359	729
21360	730
21361	730
21362	731
21363	731
21364	732
21365	732
21366	733
21367	733
21368	734
21369	734
21370	735
21371	735
21372	736
21373	736
21374	737
21375	737
21376	738
21377	738
21378	739
21379	739
21380	740
21381	740
21382	741
21383	741
21384	742
21385	742
21386	743
21387	743
21388	744
21389	744
21390	745
21391	745
21392	746
21393	746
21394	747
21395	747
21396	748
21397	748
21398	749
21399	749
21400	650
21401	650
21402	651
21403	651
21404	652
21405	652
21406	653
21407	653
21408	654
21409	654
21410	655
21411	655
21412	656
21413	656
21414	657
21415	657
21416	658
21417	658
21418	659
21419	659
21420	660
21421	660
21422	661
21423	661
21424	662
21425	662
21426	663
21427	663
21428	664
21429	664
21430	665
21431	665
21432	666
21433	666
21434	667
21435	667
21436	668
21437	668
21438	669
21439	669
21440	670
21441	670
21442	671
21443	671
21444	672
21445	672
21446	673
21447	673
21448	674
21449	674
21450	675
21451	675
21452	676
21453	676
21454	677
21455	677
21456	678
21457	678
21458	679
21459	679
21460	680
21461	680
21462	681
21463	681
21464	682
21465	682
21466	683
21467	683
21468	684
21469	684
21470	685
21471	685
21472	686
21473	686
21474	687
21475	687
21476	688
21477	688
21478	689
21479	689
21480	690
21481	690
21482	691
21483	691
21484	692
21485	692
21486	693
21487	693
21488	694
21489	694
21490	695
21491	695
21492	696
21493	696
21494	697
21495	697
21496	698
21497	698
21498	699
21499	699
21500	700
21501	700
21502	701
21503	701
21504	702
21505	702
21506	703
21507	703
21508	704
21509	704
21510	705
21511	705
21512	706
21513	706
21514	707
21515	707
21516	708
21517	708
21518	709
21519	709
21520	710
21521	710
21522	711
21523	711
21524	712
21525	712
21526	713
21527	713
21528	714
21529	714
21530	715
21531	715
21532	716
21533	716
21534	717
21535	717
21536	718
21537	718
21538	719
21539	719
21540	720
21541	720
21542	721
21543	721
21544	722
21545	722
21546	723
21547	723
21548	724
21549	724
21550	725
21551	725
21552	726
21553	726
21554	727
21555	727
21556	728
21557	728
21558	729
21559	729
21560	730
21561	730
21562	731
21563	731
21564	732
21565	732
21566	733
21567	733
21568	734
21569	734
21570	735
21571	735
21572	736
21573	736
21574	737
21575	737
21576	738
21577	738
21578	739
21579	739
21580	740
21581	740
21582	741
21583	741
21584	742
21585	742
21586	743
21587	743
21588	744
21589	744
21590	745
21591	745
21592	746
21593	746
21594	747
21595	747
21596	748
21597	748
21598	749
21599	749
21600	850
21601	850
21602	851
21603	851
21604	852
21605	852
21606	853
21607	853
21608	854
21609	854
21610	855
21611	855
21612	856
21613	856
21614	857
21615	857
21616	858
21617	858
21618	859
21619	859
21620	860
21621	860
21622	861
21623	861
21624	862
21625	862
21626	863
21627	863
21628	864
21629	864
21630	865
21631	865
21632	866
21633	866
21634	867
21635	867
21636	868
21637	868
21638	869
21639	869
21640	870
21641	870
21642	871
21643	871
21644	872
21645	872
21646	873
21647	873
21648	874
21649	874
21650	875
21651	875
21652	876
21653	876
21654	877
21655	877
21656	878
21657	878
21658	879
21659	879
21660	880
21661	880
21662	881
21663	881
21664	882
21665	882
21666	883
21667	883
21668	884
21669	884
21670	885
21671	885
21672	886
21673	886
21674	887
21675	887
21676	888
21677	888
21678	889
21679	889
21680	890
21681	890
21682	891
21683	891
21684	892
21685	892
21686	893
21687	893
21688	894
21689	894
21690	895
21691	895
21692	896
21693	896
21694	897
21695	897
21696	898
21697	898
21698	899
21699	899
21700	900
21701	900
21702	901
21703	901
21704	902
21705	902
21706	903
21707	903
21708	904
21709	904
21710	905
21711	905
21712	906
21713	906
21714	907
21715	907
21716	908
21717	908
21718	909
21719	909
21720	910
21721	910
21722	911
21723	911
21724	912
21725	912
21726	913
21727	913
21728	914
21729	914
21730	915
21731	915
21732	916
21733	916
21734	917
21735	917
21736	918
21737	918
21738	919
21739	919
21740	920
21741	920
21742	921
21743	921
21744	922
21745	922
21746	923
21747	923
21748	924
21749	924
21750	925
21751	925
21752	926
21753	926
21754	927
21755	927
21756	928
21757	928
21758	929
21759	929
21760	930
21761	930
21762	931
21763	931
21764	932
21765	932
21766	933
21767	933
21768	934
21769	934
21770	935
21771	935
21772	936
21773	936
21774	937
21775	937
21776	938
21777	938
21778	939
21779	939
21780	940
21781	940
21782	941
21783	941
21784	942
21785	942
21786	943
21787	943
21788	944
21789	944
21790	945
21791	945
21792	946
21793	946
21794	947
21795	947
21796	948
21797	948
21798	949
21799	949
21800	850
21801	850
21802	851
21803	851
21804	852
21805	852
21806	853
21807	853
21808	854
21809	854
21810	855
21811	855
21812	856
21813	856
21814	857
21815	857
21816	858
21817	858
21818	859
21819	859
21820	860
21821	860
21822	861
21823	861
21824	862
21825	862
21826	863
21827	863
21828	864
21829	864
21830	865
21831	865
21832	866
21833	866
21834	867
21835	867
21836	868
21837	868
21838	869
21839	869
21840	870
21841	870
21842	871
21843	871
21844	872
21845	872
21846	873
21847	873
21848	874
21849	874
21850	875
21851	875
21852	876
21853	876
21854	877
21855	877
21856	878
21857	878
21858	879
21859	879
21860	880
21861	880
21862	881
21863	881
21864	882
21865	882
21866	883
21867	883
21868	884
21869	884
21870	885
21871	885
21872	886
21873	886
21874	887
21875	887
21876	888
21877	888
21878	889
21879	889
21880	890
21881	890
21882	891
21883	891
21884	892
21885	892
21886	893
21887	893
21888	894
21889	894
21890	895
21891	895
21892	896
21893	896
21894	897
21895	897
21896	898
21897	898
21898	899
21899	899
21900	900
21901	900
21902	901
21903	901
21904	902
21905	902
21906	903
21907	903
21908	904
21909	904
21910	905
21911	905
21912	906
21913	906
21914	907
21915	907
21916	908
21917	908
21918	909
21919	909
21920	910
21921	910
21922	911
21923	911
21924	912
21925	912
21926	913
21927	913
21928	914
21929	914
21930	915
21931	915
21932	916
21933	916
21934	917
21935	917
21936	918
21937	918
21938	919
21939	919
21940	920
21941	920
21942	921
21943	921
21944	922
21945	922
21946	923
21947	923
21948	924
21949	924
21950	925
21951	925
21952	926
21953	926
21954	927
21955	927
21956	928
21957	928
21958	929
21959	929
21960	930
21961	930
21962	931
21963	931
21964	932
21965	932
21966	933
21967	933
21968	934
21969	934
21970	935
21971	935
21972	936
21973	936
21974	937
21975	937
21976	938
21977	938
21978	939
21979	939
21980	940
21981	940
21982	941
21983	941
21984	942
21985	942
21986	943
21987	943
21988	944
21989	944
21990	945
21991	945
21992	946
21993	946
21994	947
21995	947
21996	948
21997	948
21998	949
21999	949
22000	1050
22001	1050
22002	1051
22003	1051
22004	1052
22005	1052
22006	1053
22007	1053
22008	1054
22009	1054
22010	1055
22011	1055
22012	1056
22013	1056
22014	1057
22015	1057
22016	1058
22017	1058
22018	1059
22019	1059
22020	1060
22021	1060
22022	1061
22023	1061
22024	1062
22025	1062
22026	1063
22027	1063
22028	1064
22029	1064
22030	1065
22031	1065
22032	1066
22033	1066
22034	1067
22035	1067
22036	1068
22037	1068
22038	1069
22039	1069
22040	1070
22041	1070
22042	1071
22043	1071
22044	1072
22045	1072
22046	1073
22047	1073
22048	1074
22049	1074
22050	1075
22051	1075
22052	1076
22053	1076
22054	1077
22055	1077
22056	1078
22057	1078
22058	1079
22059	1079
22060	1080
22061	1080
22062	1081
22063	1081
22064	1082
22065	1082
22066	1083
22067	1083
22068	1084
22069	1084
22070	1085
22071	1085
22072	1086
22073	1086
22074	1087
22075	1087
22076	1088
22077	1088
22078	1089
22079	1089
22080	1090
22081	1090
22082	1091
22083	1091
22084	1092
22085	1092
22086	1093
22087	1093
22088	1094
22089	1094
22090	1095
22091	1095
22092	1096
22093	1096
22094	1097
22095	1097
22096	1098
22097	1098
22098	1099
22099	1099
22100	1100
22101	1100
22102	1101
22103	1101
22104	1102
22105	1102
22106	1103
22107	1103
22108	1104
22109	1104
22110	1105
22111	1105
22112	1106
22113	1106
22114	1107
22115	1107
22116	1108
22117	1108
22118	1109
22119	1109
22120	1110
22121	1110
22122	1111
22123	1111
22124	1112
22125	1112
22126	1113
22127	1113
22128	1114
22129	1114
22130	1115
22131	1115
22132	1116
22133	1116
22134	1117
22135	1117
22136	1118
22137	1118
22138	1119
22139	1119
22140	1120
22141	1120
22142	1121
22143	1121
22144	1122
22145	1122
22146	1123
22147	1123
22148	1124
22149	1124
22150	1125
22151	1125
22152	1126
22153	1126
22154	1127
22155	1127
22156	1128
22157	1128
22158	1129
22159	1129
22160	1130
22161	1130
22162	1131
22163	1131
22164	1132
22165	1132
22166	1133
22167	1133
22168	1134
22169	1134
22170	1135
22171	1135
22172	1136
22173	1136
22174	1137
22175	1137
22176	1138
22177	1138
22178	1139
22179	1139
22180	1140
22181	1140
22182	1141
22183	1141
22184	1142
22185	1142
22186	1143
22187	1143
22188	1144
22189	1144
22190	1145
22191	1145
22192	1146
22193	1146
22194	1147
22195	1147
22196	1148
22197	1148
22198	1149
22199	1149
22200	1050
22201	1050
22202	1051
22203	1051
22204	1052
22205	1052
22206	1053
22207	1053
22208	1054
22209	1054
22210	1055
22211	1055
22212	1056
22213	1056
22214	1057
22215	1057
22216	1058
22217	1058
22218	1059
22219	1059
22220	1060
22221	1060
22222	1061
22223	1061
22224	1062
22225	1062
22226	1063
22227	1063
22228	1064
22229	1064
22230	1065
22231	1065
22232	1066
22233	1066
22234	1067
22235	1067
22236	1068
22237	1068
22238	1069
22239	1069
22240	1070
22241	1070
22242	1071
22243	1071
22244	1072
22245	1072
22246	1073
22247	1073
22248	1074
22249	1074
22250	1075
22251	1075
22252	1076
22253	1076
22254	1077
22255	1077
22256	1078
22257	1078
22258	1079
22259	1079
22260	1080
22261	1080
22262	1081
22263	1081
22264	1082
22265	1082
22266	1083
22267	1083
22268	1084
22269	1084
22270	1085
22271	1085
22272	1086
22273	1086
22274	1087
22275	1087
22276	1088
22277	1088
22278	1089
22279	1089
22280	1090
22281	1090
22282	1091
22283	1091
22284	1092
22285	1092
22286	1093
22287	1093
22288	1094
22289	1094
22290	1095
22291	1095
22292	1096
22293	1096
22294	1097
22295	1097
22296	1098
22297	1098
22298	1099
22299	1099
22300	1100
22301	1100
22302	1101
22303	1101
22304	1102
22305	1102
22306	1103
22307	1103
22308	1104
22309	1104
22310	1105
22311	1105
22312	1106
22313	1106
22314	1107
22315	1107
22316	1108
22317	1108
22318	1109
22319	1109
22320	1110
22321	1110
22322	1111
22323	1111
22324	1112
22325	1112
22326	1113
22327	1113
22328	1114
22329	1114
22330	1115
22331	1115
22332	1116
22333	1116
22334	1117
22335	1117
22336	1118
22337	1118
22338	1119
22339	1119
22340	1120
22341	1120
22342	1121
22343	1121
22344	1122
22345	1122
22346	1123
22347	1123
22348	1124
22349	1124
22350	1125
22351	1125
22352	1126
22353	1126
22354	1127
22355	1127
22356	1128
22357	1128
22358	1129
22359	1129
22360	1130
22361	1130
22362	1131
22363	1131
22364	1132
22365	1132
22366	1133
22367	1133
22368	1134
22369	1134
22370	1135
22371	1135
22372	1136
22373	1136
22374	1137
22375	1137
22376	1138
22377	1138
22378	1139
22379	1139
22380	1140
22381	1140
22382	1141
22383	1141
22384	1142
22385	1142
22386	1143
22387	1143
22388	1144
22389	1144
22390	1145
22391	1145
22392	1146
22393	1146
22394	1147
22395	1147
22396	1148
22397	1148
22398	1149
22399	1149
22400	1250
22401	1250
22402	1251
22403	1251
22404	1252
22405	1252
22406	1253
22407	1253
22408	1254
22409	1254
22410	1255
22411	1255
22412	1256
22413	1256
22414	1257
22415	1257
22416	1258
22417	1258
22418	1259
22419	1259
22420	1260
22421	1260
22422	1261
22423	1261
22424	1262
22425	1262
22426	1263
22427	1263
22428	1264
22429	1264
22430	1265
22431	1265
22432	1266
22433	1266
22434	1267
22435	1267
22436	1268
22437	1268
22438	1269
22439	1269
22440	1270
22441	1270
22442	1271
22443	1271
22444	1272
22445	1272
22446	1273
22447	1273
22448	1274
22449	1274
22450	1275
22451	1275
22452	1276
22453	1276
22454	1277
22455	1277
22456	1278
22457	1278
22458	1279
22459	1279
22460	1280
22461	1280
22462	1281
22463	1281
22464	1282
22465	1282
22466	1283
22467	1283
22468	1284
22469	1284
22470	1285
22471	1285
22472	1286
22473	1286
22474	1287
22475	1287
22476	1288
22477	1288
22478	1289
22479	1289
22480	1290
22481	1290
22482	1291
22483	1291
22484	1292
22485	1292
22486	1293
22487	1293
22488	1294
22489	1294
22490	1295
22491	1295
22492	1296
22493	1296
22494	1297
22495	1297
22496	1298
22497	1298
22498	1299
22499	1299
22500	1300
22501	1300
22502	1301
22503	1301
22504	1302
22505	1302
22506	1303
22507	1303
22508	1304
22509	1304
22510	1305
22511	1305
22512	1306
22513	1306
22514	1307
22515	1307
22516	1308
22517	1308
22518	1309
22519	1309
22520	1310
22521	1310
22522	1311
22523	1311
22524	1312
22525	1312
22526	1313
22527	1313
22528	1314
22529	1314
22530	1315
22531	1315
22532	1316
22533	1316
22534	1317
22535	1317
22536	1318
22537	1318
22538	1319
22539	1319
22540	1320
22541	1320
22542	1321
22543	1321
22544	1322
22545	1322
22546	1323
22547	1323
22548	1324
22549	1324
22550	1325
22551	1325
22552	1326
22553	1326
22554	1327
22555	1327
22556	1328
22557	1328
22558	1329
22559	1329
22560	1330
22561	1330
22562	1331
22563	1331
22564	1332
22565	1332
22566	1333
22567	1333
22568	1334
22569	1334
22570	1335
22571	1335
22572	1336
22573	1336
22574	1337
22575	1337
22576	1338
22577	1338
22578	1339
22579	1339
22580	1340
22581	1340
22582	1341
22583	1341
22584	1342
22585	1342
22586	1343
22587	1343
22588	1344
22589	1344
22590	1345
22591	1345
22592	1346
22593	1346
22594	1347
22595	1347
22596	1348
22597	1348
22598	1349
22599	1349
22600	1250
22601	1250
22602	1251
22603	1251
22604	1252
22605	1252
22606	1253
22607	1253
22608	1254
22609	1254
22610	1255
22611	1255
22612	1256
22613	1256
22614	1257
22615	1257
22616	1258
22617	1258
22618	1259
22619	1259
22620	1260
22621	1260
22622	1261
22623	1261
22624	1262
22625	1262
22626	1263
22627	1263
22628	1264
22629	1264
22630	1265
22631	1265
22632	1266
22633	1266
22634	1267
22635	1267
22636	1268
22637	1268
22638	1269
22639	1269
22640	1270
22641	1270
22642	1271
22643	1271
22644	1272
22645	1272
22646	1273
22647	1273
22648	1274
22649	1274
22650	1275
22651	1275
22652	1276
22653	1276
22654	1277
22655	1277
22656	1278
22657	1278
22658	1279
22659	1279
22660	1280
22661	1280
22662	1281
22663	1281
22664	1282
22665	1282
22666	1283
22667	1283
22668	1284
22669	1284
22670	1285
22671	1285
22672	1286
22673	1286
22674	1287
22675	1287
22676	1288
22677	1288
22678	1289
22679	1289
22680	1290
22681	1290
22682	1291
22683	1291
22684	1292
22685	1292
22686	1293
22687	1293
22688	1294
22689	1294
22690	1295
22691	1295
22692	1296
22693	1296
22694	1297
22695	1297
22696	1298
22697	1298
22698	1299
22699	1299
22700	1300
22701	1300
22702	1301
22703	1301
22704	1302
22705	1302
22706	1303
22707	1303
22708	1304
22709	1304
22710	1305
22711	1305
22712	1306
22713	1306
22714	1307
22715	1307
22716	1308
22717	1308
22718	1309
22719	1309
22720	1310
22721	1310
22722	1311
22723	1311
22724	1312
22725	1312
22726	1313
22727	1313
22728	1314
22729	1314
22730	1315
22731	1315
22732	1316
22733	1316
22734	1317
22735	1317
22736	1318
22737	1318
22738	1319
22739	1319
22740	1320
22741	1320
22742	1321
22743	1321
22744	1322
22745	1322
22746	1323
22747	1323
22748	1324
22749	1324
22750	1325
22751	1325
22752	1326
22753	1326
22754	1327
22755	1327
22756	1328
22757	1328
22758	1329
22759	1329
22760	1330
22761	1330
22762	1331
22763	1331
22764	1332
22765	1332
22766	1333
22767	1333
22768	1334
22769	1334
22770	1335
22771	1335
22772	1336
22773	1336
22774	1337
22775	1337
22776	1338
22777	1338
22778	1339
22779	1339
22780	1340
22781	1340
22782	1341
22783	1341
22784	1342
22785	1342
22786	1343
22787	1343
22788	1344
22789	1344
22790	1345
22791	1345
22792	1346
22793	1346
22794	1347
22795	1347
22796	1348
22797	1348
22798	1349
22799	1349
22800	1450
22801	1450
22802	1451
22803	1451
22804	1452
22805	1452
22806	1453
22807	1453
22808	1454
22809	1454
22810	1455
22811	1455
22812	1456
22813	1456
22814	1457
22815	1457
22816	1458
22817	1458
22818	1459
22819	1459
22820	1460
22821	1460
22822	1461
22823	1461
22824	1462
22825	1462
22826	1463
22827	1463
22828	1464
22829	1464
22830	1465
22831	1465
22832	1466
22833	1466
22834	1467
22835	1467
22836	1468
22837	1468
22838	1469
22839	1469
22840	1470
22841	1470
22842	1471
22843	1471
22844	1472
22845	1472
22846	1473
22847	1473
22848	1474
22849	1474
22850	1475
22851	1475
22852	1476
22853	1476
22854	1477
22855	1477
22856	1478
22857	1478
22858	1479
22859	1479
22860	1480
22861	1480
22862	1481
22863	1481
22864	1482
22865	1482
22866	1483
22867	1483
22868	1484
22869	1484
22870	1485
22871	1485
22872	1486
22873	1486
22874	1487
22875	1487
22876	1488
22877	1488
22878	1489
22879	1489
22880	1490
22881	1490
22882	1491
22883	1491
22884	1492
22885	1492
22886	1493
22887	1493
22888	1494
22889	1494
22890	1495
22891	1495
22892	1496
22893	1496
22894	1497
22895	1497
22896	1498
22897	1498
22898	1499
22899	1499
22900	1500
22901	1500
22902	1501
22903	1501
22904	1502
22905	1502
22906	1503
22907	1503
22908	1504
22909	1504
22910	1505
22911	1505
22912	1506
22913	1506
22914	1507
22915	1507
22916	1508
22917	1508
22918	1509
22919	1509
22920	1510
22921	1510
22922	1511
22923	1511
22924	1512
22925	1512
22926	1513
22927	1513
22928	1514
22929	1514
22930	1515
22931	1515
22932	1516
22933	1516
22934	1517
22935	1517
22936	1518
22937	1518
22938	1519
22939	1519
22940	1520
22941	1520
22942	1521
22943	1521
22944	1522
22945	1522
22946	1523
22947	1523
22948	1524
22949	1524
22950	1525
22951	1525
22952	1526
22953	1526
22954	1527
22955	1527
22956	1528
22957	1528
22958	1529
22959	1529
22960	1530
22961	1530
22962	1531
22963	1531
22964	1532
22965	1532
22966	1533
22967	1533
22968	1534
22969	1534
22970	1535
22971	1535
22972	1536
22973	1536
22974	1537
22975	1537
22976	1538
22977	1538
22978	1539
22979	1539
22980	1540
22981	1540
22982	1541
22983	1541
22984	1542
22985	1542
22986	1543
22987	1543
22988	1544
22989	1544
22990	1545
22991	1545
22992	1546
22993	1546
22994	1547
22995	1547
22996	1548
22997	1548
22998	1549
22999	1549
23000	1450
23001	1450
23002	1451
23003	1451
23004	1452
23005	1452
23006	1453
23007	1453
23008	1454
23009	1454
23010	1455
23011	1455
23012	1456
23013	1456
23014	1457
23015	1457
23016	1458
23017	1458
23018	1459
23019	1459
23020	1460
23021	1460
23022	1461
23023	1461
23024	1462
23025	1462
23026	1463
23027	1463
23028	1464
23029	1464
23030	1465
23031	1465
23032	1466
23033	1466
23034	1467
23035	1467
23036	1468
23037	1468
23038	1469
23039	1469
23040	1470
23041	1470
23042	1471
23043	1471
23044	1472
23045	1472
23046	1473
23047	1473
23048	1474
23049	1474
23050	1475
23051	1475
23052	1476
23053	1476
23054	1477
23055	1477
23056	1478
23057	1478
23058	1479
23059	1479
23060	1480
23061	1480
23062	1481
23063	1481
23064	1482
23065	1482
23066	1483
23067	1483
23068	1484
23069	1484
23070	1485
23071	1485
23072	1486
23073	1486
23074	1487
23075	1487
23076	1488
23077	1488
23078	1489
23079	1489
23080	1490
23081	1490
23082	1491
23083	1491
23084	1492
23085	1492
23086	1493
23087	1493
23088	1494
23089	1494
23090	1495
23091	1495
23092	1496
23093	1496
23094	1497
23095	1497
23096	1498
23097	1498
23098	1499
23099	1499
23100	1500
23101	1500
23102	1501
23103	1501
23104	1502
23105	1502
23106	1503
23107	1503
23108	1504
23109	1504
23110	1505
23111	1505
23112	1506
23113	1506
23114	1507
23115	1507
23116	1508
23117	1508
23118	1509
23119	1509
23120	1510
23121	1510
23122	1511
23123	1511
23124	1512
23125	1512
23126	1513
23127	1513
23128	1514
23129	1514
23130	1515
23131	1515
23132	1516
23133	1516
23134	1517
23135	1517
23136	1518
23137	1518
23138	1519
23139	1519
23140	1520
23141	1520
23142	1521
23143	1521
23144	1522
23145	1522
23146	1523
23147	1523
23148	1524
23149	1524
23150	1525
23151	1525
23152	1526
23153	1526
23154	1527
23155	1527
23156	1528
23157	1528
23158	1529
23159	1529
23160	1530
23161	1530
23162	1531
23163	1531
23164	1532
23165	1532
23166	1533
23167	1533
23168	1534
23169	1534
23170	1535
23171	1535
23172	1536
23173	1536
23174	1537
23175	1537
23176	1538
23177	1538
23178	1539
23179	1539
23180	1540
23181	1540
23182	1541
23183	1541
23184	1542
23185	1542
23186	1543
23187	1543
23188	1544
23189	1544
23190	1545
23191	1545
23192	1546
23193	1546
23194	1547
23195	1547
23196	1548
23197	1548
23198	1549
23199	1549
23200	1650
23201	1650
23202	1651
23203	1651
23204	1652
23205	1652
23206	1653
23207	1653
23208	1654
23209	1654
23210	1655
23211	1655
23212	1656
23213	1656
23214	1657
23215	1657
23216	1658
23217	1658
23218	1659
23219	1659
23220	1660
23221	1660
23222	1661
23223	1661
23224	1662
23225	1662
23226	1663
23227	1663
23228	1664
23229	1664
23230	1665
23231	1665
23232	1666
23233	1666
23234	1667
23235	1667
23236	1668
23237	1668
23238	1669
23239	1669
23240	1670
23241	1670
23242	1671
23243	1671
23244	1672
23245	1672
23246	1673
23247	1673
23248	1674
23249	1674
23250	1675
23251	1675
23252	1676
23253	1676
23254	1677
23255	1677
23256	1678
23257	1678
23258	1679
23259	1679
23260	1680
23261	1680
23262	1681
23263	1681
23264	1682
23265	1682
23266	1683
23267	1683
23268	1684
23269	1684
23270	1685
23271	1685
23272	1686
23273	1686
23274	1687
23275	1687
23276	1688
23277	1688
23278	1689
23279	1689
23280	1690
23281	1690
23282	1691
23283	1691
23284	1692
23285	1692
23286	1693
23287	1693
23288	1694
23289	1694
23290	1695
23291	1695
23292	1696
23293	1696
23294	1697
23295	1697
23296	1698
23297	1698
23298	1699
23299	1699
23300	1700
23301	1700
23302	1701
23303	1701
23304	1702
23305	1702
23306	1703
23307	1703
23308	1704
23309	1704
23310	1705
23311	1705
23312	1706
23313	1706
23314	1707
23315	1707
23316	1708
23317	1708
23318	1709
23319	1709
23320	1710
23321	1710
23322	1711
23323	1711
23324	1712
23325	1712
23326	1713
23327	1713
23328	1714
23329	1714
23330	1715
23331	1715
23332	1716
23333	1716
23334	1717
23335	1717
23336	1718
23337	1718
23338	1719
23339	1719
23340	1720
23341	1720
23342	1721
23343	1721
23344	1722
23345	1722
23346	1723
23347	1723
23348	1724
23349	1724
23350	1725
23351	1725
23352	1726
23353	1726
23354	1727
23355	1727
23356	1728
23357	1728
23358	1729
23359	1729
23360	1730
23361	1730
23362	1731
23363	1731
23364	1732
23365	1732
23366	1733
23367	1733
23368	1734
23369	1734
23370	1735
23371	1735
23372	1736
23373	1736
23374	1737
23375	1737
23376	1738
23377	1738
23378	1739
23379	1739
23380	1740
23381	1740
23382	1741
23383	1741
23384	1742
23385	1742
23386	1743
23387	1743
23388	1744
23389	1744
23390	1745
23391	1745
23392	1746
23393	1746
23394	1747
23395	1747
23396	1748
23397	1748
23398	1749
23399	1749
23400	1650
23401	1650
23402	1651
23403	1651
23404	1652
23405	1652
23406	1653
23407	1653
23408	1654
23409	1654
23410	1655
23411	1655
23412	1656
23413	1656
23414	1657
23415	1657
23416	1658
23417	1658
23418	1659
23419	1659
23420	1660
23421	1660
23422	1661
23423	1661
23424	1662
23425	1662
23426	1663
23427	1663
23428	1664
23429	1664
23430	1665
23431	1665
23432	1666
23433	1666
23434	1667
23435	1667
23436	1668
23437	1668
23438	1669
23439	1669
23440	1670
23441	1670
23442	1671
23443	1671
23444	1672
23445	1672
23446	1673
23447	1673
23448	1674
23449	1674
23450	1675
23451	1675
23452	1676
23453	1676
23454	1677
23455	1677
23456	1678
23457	1678
23458	1679
23459	1679
23460	1680
23461	1680
23462	1681
23463	1681
23464	1682
23465	1682
23466	1683
23467	1683
23468	1684
23469	1684
23470	1685
23471	1685
23472	1686
23473	1686
23474	1687
23475	1687
23476	1688
23477	1688
23478	1689
23479	1689
23480	1690
23481	1690
23482	1691
23483	1691
23484	1692
23485	1692
23486	1693
23487	1693
23488	1694
23489	1694
23490	1695
23491	1695
23492	1696
23493	1696
23494	1697
23495	1697
23496	1698
23497	1698
23498	1699
23499	1699
23500	1700
23501	1700
23502	1701
23503	1701
23504	1702
23505	1702
23506	1703
23507	1703
23508	1704
23509	1704
23510	1705
23511	1705
23512	1706
23513	1706
23514	1707
23515	1707
23516	1708
23517	1708
23518	1709
23519	1709
23520	1710
23521	1710
23522	1711
23523	1711
23524	1712
23525	1712
23526	1713
23527	1713
23528	1714
23529	1714
23530	1715
23531	1715
23532	1716
23533	1716
23534	1717
23535	1717
23536	1718
23537	1718
23538	1719
23539	1719
23540	1720
23541	1720
23542	1721
23543	1721
23544	1722
23545	1722
23546	1723
23547	1723
23548	1724
23549	1724
23550	1725
23551	1725
23552	1726
23553	1726
23554	1727
23555	1727
23556	1728
23557	1728
23558	1729
23559	1729
23560	1730
23561	1730
23562	1731
23563	1731
23564	1732
23565	1732
23566	1733
23567	1733
23568	1734
23569	1734
23570	1735
23571	1735
23572	1736
23573	1736
23574	1737
23575	1737
23576	1738
23577	1738
23578	1739
23579	1739
23580	1740
23581	1740
23582	1741
23583	1741
23584	1742
23585	1742
23586	1743
23587	1743
23588	1744
23589	1744
23590	1745
23591	1745
23592	1746
23593	1746
23594	1747
23595	1747
23596	1748
23597	1748
23598	1749
23599	1749
23600	1850
23601	1850
23602	1851
23603	1851
23604	1852
23605	1852
23606	1853
23607	1853
23608	1854
23609	1854
23610	1855
23611	1855
23612	1856
23613	1856
23614	1857
23615	1857
23616	1858
23617	1858
23618	1859
23619	1859
23620	1860
23621	1860
23622	1861
23623	1861
23624	1862
23625	1862
23626	1863
23627	1863
23628	1864
23629	1864
23630	1865
23631	1865
23632	1866
23633	1866
23634	1867
23635	1867
23636	1868
23637	1868
23638	1869
23639	1869
23640	1870
23641	1870
23642	1871
23643	1871
23644	1872
23645	1872
23646	1873
23647	1873
23648	1874
23649	1874
23650	1875
23651	1875
23652	1876
23653	1876
23654	1877
23655	1877
23656	1878
23657	1878
23658	1879
23659	1879
23660	1880
23661	1880
23662	1881
23663	1881
23664	1882
23665	1882
23666	1883
23667	1883
23668	1884
23669	1884
23670	1885
23671	1885
23672	1886
23673	1886
23674	1887
23675	1887
23676	1888
23677	1888
23678	1889
23679	1889
23680	1890
23681	1890
23682	1891
23683	1891
23684	1892
23685	1892
23686	1893
23687	1893
23688	1894
23689	1894
23690	1895
23691	1895
23692	1896
23693	1896
23694	1897
23695	1897
23696	1898
23697	1898
23698	1899
23699	1899
23700	1900
23701	1900
23702	1901
23703	1901
23704	1902
23705	1902
23706	1903
23707	1903
23708	1904
23709	1904
23710	1905
23711	1905
23712	1906
23713	1906
23714	1907
23715	1907
23716	1908
23717	1908
23718	1909
23719	1909
23720	1910
23721	1910
23722	1911
23723	1911
23724	1912
23725	1912
23726	1913
23727	1913
23728	1914
23729	1914
23730	1915
23731	1915
23732	1916
23733	1916
23734	1917
23735	1917
23736	1918
23737	1918
23738	1919
23739	1919
23740	1920
23741	1920
23742	1921
23743	1921
23744	1922
23745	1922
23746	1923
23747	1923
23748	1924
23749	1924
23750	1925
23751	1925
23752	1926
23753	1926
23754	1927
23755	1927
23756	1928
23757	1928
23758	1929
23759	1929
23760	1930
23761	1930
23762	1931
23763	1931
23764	1932
23765	1932
23766	1933
23767	1933
23768	1934
23769	1934
23770	1935
23771	1935
23772	1936
23773	1936
23774	1937
23775	1937
23776	1938
23777	1938
23778	1939
23779	1939
23780	1940
23781	1940
23782	1941
23783	1941
23784	1942
23785	1942
23786	1943
23787	1943
23788	1944
23789	1944
23790	1945
23791	1945
23792	1946
23793	1946
23794	1947
23795	1947
23796	1948
23797	1948
23798	1949
23799	1949
23800	1850
23801	1850
23802	1851
23803	1851
23804	1852
23805	1852
23806	1853
23807	1853
23808	1854
23809	1854
23810	1855
23811	1855
23812	1856
23813	1856
23814	1857
23815	1857
23816	1858
23817	1858
23818	1859
23819	1859
23820	1860
23821	1860
23822	1861
23823	1861
23824	1862
23825	1862
23826	1863
23827	1863
23828	1864
23829	1864
23830	1865
23831	1865
23832	1866
23833	1866
23834	1867
23835	1867
23836	1868
23837	1868
23838	1869
23839	1869
23840	1870
23841	1870
23842	1871
23843	1871
23844	1872
23845	1872
23846	1873
23847	1873
23848	1874
23849	1874
23850	1875
23851	1875
23852	1876
23853	1876
23854	1877
23855	1877
23856	1878
23857	1878
23858	1879
23859	1879
23860	1880
23861	1880
23862	1881
23863	1881
23864	1882
23865	1882
23866	1883
23867	1883
23868	1884
23869	1884
23870	1885
23871	1885
23872	1886
23873	1886
23874	1887
23875	1887
23876	1888
23877	1888
23878	1889
23879	1889
23880	1890
23881	1890
23882	1891
23883	1891
23884	1892
23885	1892
23886	1893
23887	1893
23888	1894
23889	1894
23890	1895
23891	1895
23892	1896
23893	1896
23894	1897
23895	1897
23896	1898
23897	1898
23898	1899
23899	1899
23900	1900
23901	1900
23902	1901
23903	1901
23904	1902
23905	1902
23906	1903
23907	1903
23908	1904
23909	1904
23910	1905
23911	1905
23912	1906
23913	1906
23914	1907
23915	1907
23916	1908
23917	1908
23918	1909
23919	1909
23920	1910
23921	1910
23922	1911
23923	1911
23924	1912
23925	1912
23926	1913
23927	1913
23928	1914
23929	1914
23930	1915
23931	1915
23932	1916
23933	1916
23934	1917
23935	1917
23936	1918
23937	1918
23938	1919
23939	1919
23940	1920
23941	1920
23942	1921
23943	1921
23944	1922
23945	1922
23946	1923
23947	1923
23948	1924
23949	1924
23950	1925
23951	1925
23952	1926
23953	1926
23954	1927
23955	1927
23956	1928
23957	1928
23958	1929
23959	1929
23960	1930
23961	1930
23962	1931
23963	1931
23964	1932
23965	1932
23966	1933
23967	1933
23968	1934
23969	1934
23970	1935
23971	1935
23972	1936
23973	1936
23974	1937
23975	1937
23976	1938
23977	1938
23978	1939
23979	1939
23980	1940
23981	1940
23982	1941
23983	1941
23984	1942
23985	1942
23986	1943
23987	1943
23988	1944
23989	1944
23990	1945
23991	1945
23992	1946
23993	1946
23994	1947
23995	1947
23996	1948
23997	1948
23998	1949
23999	1949
24000	2050
24001	2050
24002	2051
24003	2051
24004	2052
24005	2052
24006	2053
24007	2053
24008	2054
24009	2054
24010	2055
24011	2055
24012	2056
24013	2056
24014	2057
24015	2057
24016	2058
24017	2058
24018	2059
24019	2059
24020	2060
24021	2060
24022	2061
24023	2061
24024	2062
24025	2062
24026	2063
24027	2063
24028	2064
24029	2064
24030	2065
24031	2065
24032	2066
24033	2066
24034	2067
24035	2067
24036	2068
24037	2068
24038	2069
24039	2069
24040	2070
24041	2070
24042	2071
24043	2071
24044	2072
24045	2072
24046	2073
24047	2073
24048	2074
24049	2074
24050	2075
24051	2075
24052	2076
24053	2076
24054	2077
24055	2077
24056	2078
24057	2078
24058	2079
24059	2079
24060	2080
24061	2080
24062	2081
24063	2081
24064	2082
24065	2082
24066	2083
24067	2083
24068	2084
24069	2084
24070	2085
24071	2085
24072	2086
24073	2086
24074	2087
24075	2087
24076	2088
24077	2088
24078	2089
24079	2089
24080	2090
24081	2090
24082	2091
24083	2091
24084	2092
24085	2092
24086	2093
24087	2093
24088	2094
24089	2094
24090	2095
24091	2095
24092	2096
24093	2096
24094	2097
24095	2097
24096	2098
24097	2098
24098	2099
24099	2099
24100	2100
24101	2100
24102	2101
24103	2101
24104	2102
24105	2102
24106	2103
24107	2103
24108	2104
24109	2104
24110	2105
24111	2105
24112	2106
24113	2106
24114	2107
24115	2107
24116	2108
24117	2108
24118	2109
24119	2109
24120	2110
24121	2110
24122	2111
24123	2111
24124	2112
24125	2112
24126	2113
24127	2113
24128	2114
24129	2114
24130	2115
24131	2115
24132	2116
24133	2116
24134	2117
24135	2117
24136	2118
24137	2118
24138	2119
24139	2119
24140	2120
24141	2120
24142	2121
24143	2121
24144	2122
24145	2122
24146	2123
24147	2123
24148	2124
24149	2124
24150	2125
24151	2125
24152	2126
24153	2126
24154	2127
24155	2127
24156	2128
24157	2128
24158	2129
24159	2129
24160	2130
24161	2130
24162	2131
24163	2131
24164	2132
24165	2132
24166	2133
24167	2133
24168	2134
24169	2134
24170	2135
24171	2135
24172	2136
24173	2136
24174	2137
24175	2137
24176	2138
24177	2138
24178	2139
24179	2139
24180	2140
24181	2140
24182	2141
24183	2141
24184	2142
24185	2142
24186	2143
24187	2143
24188	2144
24189	2144
24190	2145
24191	2145
24192	2146
24193	2146
24194	2147
24195	2147
24196	2148
24197	2148
24198	2149
24199	2149
24200	2050
24201	2050
24202	2051
24203	2051
24204	2052
24205	2052
24206	2053
24207	2053
24208	2054
24209	2054
24210	2055
24211	2055
24212	2056
24213	2056
24214	2057
24215	2057
24216	2058
24217	2058
24218	2059
24219	2059
24220	2060
24221	2060
24222	2061
24223	2061
24224	2062
24225	2062
24226	2063
24227	2063
24228	2064
24229	2064
24230	2065
24231	2065
24232	2066
24233	2066
24234	2067
24235	2067
24236	2068
24237	2068
24238	2069
24239	2069
24240	2070
24241	2070
24242	2071
24243	2071
24244	2072
24245	2072
24246	2073
24247	2073
24248	2074
24249	2074
24250	2075
24251	2075
24252	2076
24253	2076
24254	2077
24255	2077
24256	2078
24257	2078
24258	2079
24259	2079
24260	2080
24261	2080
24262	2081
24263	2081
24264	2082
24265	2082
24266	2083
24267	2083
24268	2084
24269	2084
24270	2085
24271	2085
24272	2086
24273	2086
24274	2087
24275	2087
24276	2088
24277	2088
24278	2089
24279	2089
24280	2090
24281	2090
24282	2091
24283	2091
24284	2092
24285	2092
24286	2093
24287	2093
24288	2094
24289	2094
24290	2095
24291	2095
24292	2096
24293	2096
24294	2097
24295	2097
24296	2098
24297	2098
24298	2099
24299	2099
24300	2100
24301	2100
24302	2101
24303	2101
24304	2102
24305	2102
24306	2103
24307	2103
24308	2104
24309	2104
24310	2105
24311	2105
24312	2106
24313	2106
24314	2107
24315	2107
24316	2108
24317	2108
24318	2109
24319	2109
24320	2110
24321	2110
24322	2111
24323	2111
24324	2112
24325	2112
24326	2113
24327	2113
24328	2114
24329	2114
24330	2115
24331	2115
24332	2116
24333	2116
24334	2117
24335	2117
24336	2118
24337	2118
24338	2119
24339	2119
24340	2120
24341	2120
24342	2121
24343	2121
24344	2122
24345	2122
24346	2123
24347	2123
24348	2124
24349	2124
24350	2125
24351	2125
24352	2126
24353	2126
24354	2127
24355	2127
24356	2128
24357	2128
24358	2129
24359	2129
24360	2130
24361	2130
24362	2131
24363	2131
24364	2132
24365	2132
24366	2133
24367	2133
24368	2134
24369	2134
24370	2135
24371	2135
24372	2136
24373	2136
24374	2137
24375	2137
24376	2138
24377	2138
24378	2139
24379	2139
24380	2140
24381	2140
24382	2141
24383	2141
24384	2142
24385	2142
24386	2143
24387	2143
24388	2144
24389	2144
24390	2145
24391	2145
24392	2146
24393	2146
24394	2147
24395	2147
24396	2148
24397	2148
24398	2149
24399	2149
24400	2250
24401	2250
24402	2251
24403	2251
24404	2252
24405	2252
24406	2253
24407	2253
24408	2254
24409	2254
24410	2255
24411	2255
24412	2256
24413	2256
24414	2257
24415	2257
24416	2258
24417	2258
24418	2259
24419	2259
24420	2260
24421	2260
24422	2261
24423	2261
24424	2262
24425	2262
24426	2263
24427	2263
24428	2264
24429	2264
24430	2265
24431	2265
24432	2266
24433	2266
24434	2267
24435	2267
24436	2268
24437	2268
24438	2269
24439	2269
24440	2270
24441	2270
24442	2271
24443	2271
24444	2272
24445	2272
24446	2273
24447	2273
24448	2274
24449	2274
24450	2275
24451	2275
24452	2276
24453	2276
24454	2277
24455	2277
24456	2278
24457	2278
24458	2279
24459	2279
24460	2280
24461	2280
24462	2281
24463	2281
24464	2282
24465	2282
24466	2283
24467	2283
24468	2284
24469	2284
24470	2285
24471	2285
24472	2286
24473	2286
24474	2287
24475	2287
24476	2288
24477	2288
24478	2289
24479	2289
24480	2290
24481	2290
24482	2291
24483	2291
24484	2292
24485	2292
24486	2293
24487	2293
24488	2294
24489	2294
24490	2295
24491	2295
24492	2296
24493	2296
24494	2297
24495	2297
24496	2298
24497	2298
24498	2299
24499	2299
24500	2300
24501	2300
24502	2301
24503	2301
24504	2302
24505	2302
24506	2303
24507	2303
24508	2304
24509	2304
24510	2305
24511	2305
24512	2306
24513	2306
24514	2307
24515	2307
24516	2308
24517	2308
24518	2309
24519	2309
24520	2310
24521	2310
24522	2311
24523	2311
24524	2312
24525	2312
24526	2313
24527	2313
24528	2314
24529	2314
24530	2315
24531	2315
24532	2316
24533	2316
24534	2317
24535	2317
24536	2318
24537	2318
24538	2319
24539	2319
24540	2320
24541	2320
24542	2321
24543	2321
24544	2322
24545	2322
24546	2323
24547	2323
24548	2324
24549	2324
24550	2325
24551	2325
24552	2326
24553	2326
24554	2327
24555	2327
24556	2328
24557	2328
24558	2329
24559	2329
24560	2330
24561	2330
24562	2331
24563	2331
24564	2332
24565	2332
24566	2333
24567	2333
24568	2334
24569	2334
24570	2335
24571	2335
24572	2336
24573	2336
24574	2337
24575	2337
24576	2338
24577	2338
24578	2339
24579	2339
24580	2340
24581	2340
24582	2341
24583	2341
24584	2342
24585	2342
24586	2343
24587	2343
24588	2344
24589	2344
24590	2345
24591	2345
24592	2346
24593	2346
24594	2347
24595	2347
24596	2348
24597	2348
24598	2349
24599	2349
24600	2250
24601	2250
24602	2251
24603	2251
24604	2252
24605	2252
24606	2253
24607	2253
24608	2254
24609	2254
24610	2255
24611	2255
24612	2256
24613	2256
24614	2257
24615	2257
24616	2258
24617	2258
24618	2259
24619	2259
24620	2260
24621	2260
24622	2261
24623	2261
24624	2262
24625	2262
24626	2263
24627	2263
24628	2264
24629	2264
24630	2265
24631	2265
24632	2266
24633	2266
24634	2267
24635	2267
24636	2268
24637	2268
24638	2269
24639	2269
24640	2270
24641	2270
24642	2271
24643	2271
24644	2272
24645	2272
24646	2273
24647	2273
24648	2274
24649	2274
24650	2275
24651	2275
24652	2276
24653	2276
24654	2277
24655	2277
24656	2278
24657	2278
24658	2279
24659	2279
24660	2280
24661	2280
24662	2281
24663	2281
24664	2282
24665	2282
24666	2283
24667	2283
24668	2284
24669	2284
24670	2285
24671	2285
24672	2286
24673	2286
24674	2287
24675	2287
24676	2288
24677	2288
24678	2289
24679	2289
24680	2290
24681	2290
24682	2291
24683	2291
24684	2292
24685	2292
24686	2293
24687	2293
24688	2294
24689	2294
24690	2295
24691	2295
24692	2296
24693	2296
24694	2297
24695	2297
24696	2298
24697	2298
24698	2299
24699	2299
24700	2300
24701	2300
24702	2301
24703	2301
24704	2302
24705	2302
24706	2303
24707	2303
24708	2304
24709	2304
24710	2305
24711	2305
24712	2306
24713	2306
24714	2307
24715	2307
24716	2308
24717	2308
24718	2309
24719	2309
24720	2310
24721	2310
24722	2311
24723	2311
24724	2312
24725	2312
24726	2313
24727	2313
24728	2314
24729	2314
24730	2315
24731	2315
24732	2316
24733	2316
24734	2317
24735	2317
24736	2318
24737	2318
24738	2319
24739	2319
24740	2320
24741	2320
24742	2321
24743	2321
24744	2322
24745	2322
24746	2323
24747	2323
24748	2324
24749	2324
24750	2325
24751	2325
24752	2326
24753	2326
24754	2327
24755	2327
24756	2328
24757	2328
24758	2329
24759	2329
24760	2330
24761	2330
24762	2331
24763	2331
24764	2332
24765	2332
24766	2333
24767	2333
24768	2334
24769	2334
24770	2335
24771	2335
24772	2336
24773	2336
24774	2337
24775	2337
24776	2338
24777	2338
24778	2339
24779	2339
24780	2340
24781	2340
24782	2341
24783	2341
24784	2342
24785	2342
24786	2343
24787	2343
24788	2344
24789	2344
24790	2345
24791	2345
24792	2346
24793	2346
24794	2347
24795	2347
24796	2348
24797	2348
24798	2349
24799	2349
24800	2450
24801	2450
24802	2451
24803	2451
24804	2452
24805	2452
24806	2453
24807	2453
24808	2454
24809	2454
24810	2455
24811	2455
24812	2456
24813	2456
24814	2457
24815	2457
24816	2458
24817	2458
24818	2459
24819	2459
24820	2460
24821	2460
24822	2461
24823	2461
24824	2462
24825	2462
24826	2463
24827	2463
24828	2464
24829	2464
24830	2465
24831	2465
24832	2466
24833	2466
24834	2467
24835	2467
24836	2468
24837	2468
24838	2469
24839	2469
24840	2470
24841	2470
24842	2471
24843	2471
24844	2472
24845	2472
24846	2473
24847	2473
24848	2474
24849	2474
24850	2475
24851	2475
24852	2476
24853	2476
24854	2477
24855	2477
24856	2478
24857	2478
24858	2479
24859	2479
24860	2480
24861	2480
24862	2481
24863	2481
24864	2482
24865	2482
24866	2483
24867	2483
24868	2484
24869	2484
24870	2485
24871	2485
24872	2486
24873	2486
24874	2487
24875	2487
24876	2488
24877	2488
24878	2489
24879	2489
24880	2490
24881	2490
24882	2491
24883	2491
24884	2492
24885	2492
24886	2493
24887	2493
24888	2494
24889	2494
24890	2495
24891	2495
24892	2496
24893	2496
24894	2497
24895	2497
24896	2498
24897	2498
24898	2499
24899	2499
24900	2500
24901	2500
24902	2501
24903	2501
24904	2502
24905	2502
24906	2503
24907	2503
24908	2504
24909	2504
24910	2505
24911	2505
24912	2506
24913	2506
24914	2507
24915	2507
24916	2508
24917	2508
24918	2509
24919	2509
24920	2510
24921	2510
24922	2511
24923	2511
24924	2512
24925	2512
24926	2513
24927	2513
24928	2514
24929	2514
24930	2515
24931	2515
24932	2516
24933	2516
24934	2517
24935	2517
24936	2518
24937	2518
24938	2519
24939	2519
24940	2520
24941	2520
24942	2521
24943	2521
24944	2522
24945	2522
24946	2523
24947	2523
24948	2524
24949	2524
24950	2525
24951	2525
24952	2526
24953	2526
24954	2527
24955	2527
24956	2528
24957	2528
24958	2529
24959	2529
24960	2530
24961	2530
24962	2531
24963	2531
24964	2532
24965	2532
24966	2533
24967	2533
24968	2534
24969	2534
24970	2535
24971	2535
24972	2536
24973	2536
24974	2537
24975	2537
24976	2538
24977	2538
24978	2539
24979	2539
24980	2540
24981	2540
24982	2541
24983	2541
24984	2542
24985	2542
24986	2543
24987	2543
24988	2544
24989	2544
24990	2545
24991	2545
24992	2546
24993	2546
24994	2547
24995	2547
24996	2548
24997	2548
24998	2549
24999	2549
25000	2450
25001	2450
25002	2451
25003	2451
25004	2452
25005	2452
25006	2453
25007	2453
25008	2454
25009	2454
25010	2455
25011	2455
25012	2456
25013	2456
25014	2457
25015	2457
25016	2458
25017	2458
25018	2459
25019	2459
25020	2460
25021	2460
25022	2461
25023	2461
25024	2462
25025	2462
25026	2463
25027	2463
25028	2464
25029	2464
25030	2465
25031	2465
25032	2466
25033	2466
25034	2467
25035	2467
25036	2468
25037	2468
25038	2469
25039	2469
25040	2470
25041	2470
25042	2471
25043	2471
25044	2472
25045	2472
25046	2473
25047	2473
25048	2474
25049	2474
25050	2475
25051	2475
25052	2476
25053	2476
25054	2477
25055	2477
25056	2478
25057	2478
25058	2479
25059	2479
25060	2480
25061	2480
25062	2481
25063	2481
25064	2482
25065	2482
25066	2483
25067	2483
25068	2484
25069	2484
25070	2485
25071	2485
25072	2486
25073	2486
25074	2487
25075	2487
25076	2488
25077	2488
25078	2489
25079	2489
25080	2490
25081	2490
25082	2491
25083	2491
25084	2492
25085	2492
25086	2493
25087	2493
25088	2494
25089	2494
25090	2495
25091	2495
25092	2496
25093	2496
25094	2497
25095	2497
25096	2498
25097	2498
25098	2499
25099	2499
25100	2500
25101	2500
25102	2501
25103	2501
25104	2502
25105	2502
25106	2503
25107	2503
25108	2504
25109	2504
25110	2505
25111	2505
25112	2506
25113	2506
25114	2507
25115	2507
25116	2508
25117	2508
25118	2509
25119	2509
25120	2510
25121	2510
25122	2511
25123	2511
25124	2512
25125	2512
25126	2513
25127	2513
25128	2514
25129	2514
25130	2515
25131	2515
25132	2516
25133	2516
25134	2517
25135	2517
25136	2518
25137	2518
25138	2519
25139	2519
25140	2520
25141	2520
25142	2521
25143	2521
25144	2522
25145	2522
25146	2523
25147	2523
25148	2524
25149	2524
25150	2525
25151	2525
25152	2526
25153	2526
25154	2527
25155	2527
25156	2528
25157	2528
25158	2529
25159	2529
25160	2530
25161	2530
25162	2531
25163	2531
25164	2532
25165	2532
25166	2533
25167	2533
25168	2534
25169	2534
25170	2535
25171	2535
25172	2536
25173	2536
25174	2537
25175	2537
25176	2538
25177	2538
25178	2539
25179	2539
25180	2540
25181	2540
25182	2541
25183	2541
25184	2542
25185	2542
25186	2543
25187	2543
25188	2544
25189	2544
25190	2545
25191	2545
25192	2546
25193	2546
25194	2547
25195	2547
25196	2548
25197	2548
25198	2549
25199	2549
25200	2650
25201	2650
25202	2651
25203	2651
25204	2652
25205	2652
25206	2653
25207	2653
25208	2654
25209	2654
25210	2655
25211	2655
25212	2656
25213	2656
25214	2657
25215	2657
25216	2658
25217	2658
25218	2659
25219	2659
25220	2660
25221	2660
25222	2661
25223	2661
25224	2662
25225	2662
25226	2663
25227	2663
25228	2664
25229	2664
25230	2665
25231	2665
25232	2666
25233	2666
25234	2667
25235	2667
25236	2668
25237	2668
25238	2669
25239	2669
25240	2670
25241	2670
25242	2671
25243	2671
25244	2672
25245	2672
25246	2673
25247	2673
25248	2674
25249	2674
25250	2675
25251	2675
25252	2676
25253	2676
25254	2677
25255	2677
25256	2678
25257	2678
25258	2679
25259	2679
25260	2680
25261	2680
25262	2681
25263	2681
25264	2682
25265	2682
25266	2683
25267	2683
25268	2684
25269	2684
25270	2685
25271	2685
25272	2686
25273	2686
25274	2687
25275	2687
25276	2688
25277	2688
25278	2689
25279	2689
25280	2690
25281	2690
25282	2691
25283	2691
25284	2692
25285	2692
25286	2693
25287	2693
25288	2694
25289	2694
25290	2695
25291	2695
25292	2696
25293	2696
25294	2697
25295	2697
25296	2698
25297	2698
25298	2699
25299	2699
25300	2700
25301	2700
25302	2701
25303	2701
25304	2702
25305	2702
25306	2703
25307	2703
25308	2704
25309	2704
25310	2705
25311	2705
25312	2706
25313	2706
25314	2707
25315	2707
25316	2708
25317	2708
25318	2709
25319	2709
25320	2710
25321	2710
25322	2711
25323	2711
25324	2712
25325	2712
25326	2713
25327	2713
25328	2714
25329	2714
25330	2715
25331	2715
25332	2716
25333	2716
25334	2717
25335	2717
25336	2718
25337	2718
25338	2719
25339	2719
25340	2720
25341	2720
25342	2721
25343	2721
25344	2722
25345	2722
25346	2723
25347	2723
25348	2724
25349	2724
25350	2725
25351	2725
25352	2726
25353	2726
25354	2727
25355	2727
25356	2728
25357	2728
25358	2729
25359	2729
25360	2730
25361	2730
25362	2731
25363	2731
25364	2732
25365	2732
25366	2733
25367	2733
25368	2734
25369	2734
25370	2735
25371	2735
25372	2736
25373	2736
25374	2737
25375	2737
25376	2738
25377	2738
25378	2739
25379	2739
25380	2740
25381	2740
25382	2741
25383	2741
25384	2742
25385	2742
25386	2743
25387	2743
25388	2744
25389	2744
25390	2745
25391	2745
25392	2746
25393	2746
25394	2747
25395	2747
25396	2748
25397	2748
25398	2749
25399	2749
25400	2650
25401	2650
25402	2651
25403	2651
25404	2652
25405	2652
25406	2653
25407	2653
25408	2654
25409	2654
25410	2655
25411	2655
25412	2656
25413	2656
25414	2657
25415	2657
25416	2658
25417	2658
25418	2659
25419	2659
25420	2660
25421	2660
25422	2661
25423	2661
25424	2662
25425	2662
25426	2663
25427	2663
25428	2664
25429	2664
25430	2665
25431	2665
25432	2666
25433	2666
25434	2667
25435	2667
25436	2668
25437	2668
25438	2669
25439	2669
25440	2670
25441	2670
25442	2671
25443	2671
25444	2672
25445	2672
25446	2673
25447	2673
25448	2674
25449	2674
25450	2675
25451	2675
25452	2676
25453	2676
25454	2677
25455	2677
25456	2678
25457	2678
25458	2679
25459	2679
25460	2680
25461	2680
25462	2681
25463	2681
25464	2682
25465	2682
25466	2683
25467	2683
25468	2684
25469	2684
25470	2685
25471	2685
25472	2686
25473	2686
25474	2687
25475	2687
25476	2688
25477	2688
25478	2689
25479	2689
25480	2690
25481	2690
25482	2691
25483	2691
25484	2692
25485	2692
25486	2693
25487	2693
25488	2694
25489	2694
25490	2695
25491	2695
25492	2696
25493	2696
25494	2697
25495	2697
25496	2698
25497	2698
25498	2699
25499	2699
25500	2700
25501	2700
25502	2701
25503	2701
25504	2702
25505	2702
25506	2703
25507	2703
25508	2704
25509	2704
25510	2705
25511	2705
25512	2706
25513	2706
25514	2707
25515	2707
25516	2708
25517	2708
25518	2709
25519	2709
25520	2710
25521	2710
25522	2711
25523	2711
25524	2712
25525	2712
25526	2713
25527	2713
25528	2714
25529	2714
25530	2715
25531	2715
25532	2716
25533	2716
25534	2717
25535	2717
25536	2718
25537	2718
25538	2719
25539	2719
25540	2720
25541	2720
25542	2721
25543	2721
25544	2722
25545	2722
25546	2723
25547	2723
25548	2724
25549	2724
25550	2725
25551	2725
25552	2726
25553	2726
25554	2727
25555	2727
25556	2728
25557	2728
25558	2729
25559	2729
25560	2730
25561	2730
25562	2731
25563	2731
25564	2732
25565	2732
25566	2733
25567	2733
25568	2734
25569	2734
25570	2735
25571	2735
25572	2736
25573	2736
25574	2737
25575	2737
25576	2738
25577	2738
25578	2739
25579	2739
25580	2740
25581	2740
25582	2741
25583	2741
25584	2742
25585	2742
25586	2743
25587	2743
25588	2744
25589	2744
25590	2745
25591	2745
25592	2746
25593	2746
25594	2747
25595	2747
25596	2748
25597	2748
25598	2749
25599	2749
25600	2850
25601	2850
25602	2851
25603	2851
25604	2852
25605	2852
25606	2853
25607	2853
25608	2854
25609	2854
25610	2855
25611	2855
25612	2856
25613	2856
25614	2857
25615	2857
25616	2858
25617	2858
25618	2859
25619	2859
25620	2860
25621	2860
25622	2861
25623	2861
25624	2862
25625	2862
25626	2863
25627	2863
25628	2864
25629	2864
25630	2865
25631	2865
25632	2866
25633	2866
25634	2867
25635	2867
25636	2868
25637	2868
25638	2869
25639	2869
25640	2870
25641	2870
25642	2871
25643	2871
25644	2872
25645	2872
25646	2873
25647	2873
25648	2874
25649	2874
25650	2875
25651	2875
25652	2876
25653	2876
25654	2877
25655	2877
25656	2878
25657	2878
25658	2879
25659	2879
25660	2880
25661	2880
25662	2881
25663	2881
25664	2882
25665	2882
25666	2883
25667	2883
25668	2884
25669	2884
25670	2885
25671	2885
25672	2886
25673	2886
25674	2887
25675	2887
25676	2888
25677	2888
25678	2889
25679	2889
25680	2890
25681	2890
25682	2891
25683	2891
25684	2892
25685	2892
25686	2893
25687	2893
25688	2894
25689	2894
25690	2895
25691	2895
25692	2896
25693	2896
25694	2897
25695	2897
25696	2898
25697	2898
25698	2899
25699	2899
25700	2900
25701	2900
25702	2901
25703	2901
25704	2902
25705	2902
25706	2903
25707	2903
25708	2904
25709	2904
25710	2905
25711	2905
25712	2906
25713	2906
25714	2907
25715	2907
25716	2908
25717	2908
25718	2909
25719	2909
25720	2910
25721	2910
25722	2911
25723	2911
25724	2912
25725	2912
25726	2913
25727	2913
25728	2914
25729	2914
25730	2915
25731	2915
25732	2916
25733	2916
25734	2917
25735	2917
25736	2918
25737	2918
25738	2919
25739	2919
25740	2920
25741	2920
25742	2921
25743	2921
25744	2922
25745	2922
25746	2923
25747	2923
25748	2924
25749	2924
25750	2925
25751	2925
25752	2926
25753	2926
25754	2927
25755	2927
25756	2928
25757	2928
25758	2929
25759	2929
25760	2930
25761	2930
25762	2931
25763	2931
25764	2932
25765	2932
25766	2933
25767	2933
25768	2934
25769	2934
25770	2935
25771	2935
25772	2936
25773	2936
25774	2937
25775	2937
25776	2938
25777	2938
25778	2939
25779	2939
25780	2940
25781	2940
25782	2941
25783	2941
25784	2942
25785	2942
25786	2943
25787	2943
25788	2944
25789	2944
25790	2945
25791	2945
25792	2946
25793	2946
25794	2947
25795	2947
25796	2948
25797	2948
25798	2949
25799	2949
25800	2850
25801	2850
25802	2851
25803	2851
25804	2852
25805	2852
25806	2853
25807	2853
25808	2854
25809	2854
25810	2855
25811	2855
25812	2856
25813	2856
25814	2857
25815	2857
25816	2858
25817	2858
25818	2859
25819	2859
25820	2860
25821	2860
25822	2861
25823	2861
25824	2862
25825	2862
25826	2863
25827	2863
25828	2864
25829	2864
25830	2865
25831	2865
25832	2866
25833	2866
25834	2867
25835	2867
25836	2868
25837	2868
25838	2869
25839	2869
25840	2870
25841	2870
25842	2871
25843	2871
25844	2872
25845	2872
25846	2873
25847	2873
25848	2874
25849	2874
25850	2875
25851	2875
25852	2876
25853	2876
25854	2877
25855	2877
25856	2878
25857	2878
25858	2879
25859	2879
25860	2880
25861	2880
25862	2881
25863	2881
25864	2882
25865	2882
25866	2883
25867	2883
25868	2884
25869	2884
25870	2885
25871	2885
25872	2886
25873	2886
25874	2887
25875	2887
25876	2888
25877	2888
25878	2889
25879	2889
25880	2890
25881	2890
25882	2891
25883	2891
25884	2892
25885	2892
25886	2893
25887	2893
25888	2894
25889	2894
25890	2895
25891	2895
25892	2896
25893	2896
25894	2897
25895	2897
25896	2898
25897	2898
25898	2899
25899	2899
25900	2900
25901	2900
25902	2901
25903	2901
25904	2902
25905	2902
25906	2903
25907	2903
25908	2904
25909	2904
25910	2905
25911	2905
25912	2906
25913	2906
25914	2907
25915	2907
25916	2908
25917	2908
25918	2909
25919	2909
25920	2910
25921	2910
25922	2911
25923	2911
25924	2912
25925	2912
25926	2913
25927	2913
25928	2914
25929	2914
25930	2915
25931	2915
25932	2916
25933	2916
25934	2917
25935	2917
25936	2918
25937	2918
25938	2919
25939	2919
25940	2920
25941	2920
25942	2921
25943	2921
25944	2922
25945	2922
25946	2923
25947	2923
25948	2924
25949	2924
25950	2925
25951	2925
25952	2926
25953	2926
25954	2927
25955	2927
25956	2928
25957	2928
25958	2929
25959	2929
25960	2930
25961	2930
25962	2931
25963	2931
25964	2932
25965	2932
25966	2933
25967	2933
25968	2934
25969	2934
25970	2935
25971	2935
25972	2936
25973	2936
25974	2937
25975	2937
25976	2938
25977	2938
25978	2939
25979	2939
25980	2940
25981	2940
25982	2941
25983	2941
25984	2942
25985	2942
25986	2943
25987	2943
25988	2944
25989	2944
25990	2945
25991	2945
25992	2946
25993	2946
25994	2947
25995	2947
25996	2948
25997	2948
25998	2949
25999	2949
26000	3050
26001	3050
26002	3051
26003	3051
26004	3052
26005	3052
26006	3053
26007	3053
26008	3054
26009	3054
26010	3055
26011	3055
26012	3056
26013	3056
26014	3057
26015	3057
26016	3058
26017	3058
26018	3059
26019	3059
26020	3060
26021	3060
26022	3061
26023	3061
26024	3062
26025	3062
26026	3063
26027	3063
26028	3064
26029	3064
26030	3065
26031	3065
26032	3066
26033	3066
26034	3067
26035	3067
26036	3068
26037	3068
26038	3069
26039	3069
26040	3070
26041	3070
26042	3071
26043	3071
26044	3072
26045	3072
26046	3073
26047	3073
26048	3074
26049	3074
26050	3075
26051	3075
26052	3076
26053	3076
26054	3077
26055	3077
26056	3078
26057	3078
26058	3079
26059	3079
26060	3080
26061	3080
26062	3081
26063	3081
26064	3082
26065	3082
26066	3083
26067	3083
26068	3084
26069	3084
26070	3085
26071	3085
26072	3086
26073	3086
26074	3087
26075	3087
26076	3088
26077	3088
26078	3089
26079	3089
26080	3090
26081	3090
26082	3091
26083	3091
26084	3092
26085	3092
26086	3093
26087	3093
26088	3094
26089	3094
26090	3095
26091	3095
26092	3096
26093	3096
26094	3097
26095	3097
26096	3098
26097	3098
26098	3099
26099	3099
26100	3100
26101	3100
26102	3101
26103	3101
26104	3102
26105	3102
26106	3103
26107	3103
26108	3104
26109	3104
26110	3105
26111	3105
26112	3106
26113	3106
26114	3107
26115	3107
26116	3108
26117	3108
26118	3109
26119	3109
26120	3110
26121	3110
26122	3111
26123	3111
26124	3112
26125	3112
26126	3113
26127	3113
26128	3114
26129	3114
26130	3115
26131	3115
26132	3116
26133	3116
26134	3117
26135	3117
26136	3118
26137	3118
26138	3119
26139	3119
26140	3120
26141	3120
26142	3121
26143	3121
26144	3122
26145	3122
26146	3123
26147	3123
26148	3124
26149	3124
26150	3125
26151	3125
26152	3126
26153	3126
26154	3127
26155	3127
26156	3128
26157	3128
26158	3129
26159	3129
26160	3130
26161	3130
26162	3131
26163	3131
26164	3132
26165	3132
26166	3133
26167	3133
26168	3134
26169	3134
26170	3135
26171	3135
26172	3136
26173	3136
26174	3137
26175	3137
26176	3138
26177	3138
26178	3139
26179	3139
26180	3140
26181	3140
26182	3141
26183	3141
26184	3142
26185	3142
26186	3143
26187	3143
26188	3144
26189	3144
26190	3145
26191	3145
26192	3146
26193	3146
26194	3147
26195	3147
26196	3148
26197	3148
26198	3149
26199	3149
26200	3050
26201	3050
26202	3051
26203	3051
26204	3052
26205	3052
26206	3053
26207	3053
26208	3054
26209	3054
26210	3055
26211	3055
26212	3056
26213	3056
26214	3057
26215	3057
26216	3058
26217	3058
26218	3059
26219	3059
26220	3060
26221	3060
26222	3061
26223	3061
26224	3062
26225	3062
26226	3063
26227	3063
26228	3064
26229	3064
26230	3065
26231	3065
26232	3066
26233	3066
26234	3067
26235	3067
26236	3068
26237	3068
26238	3069
26239	3069
26240	3070
26241	3070
26242	3071
26243	3071
26244	3072
26245	3072
26246	3073
26247	3073
26248	3074
26249	3074
26250	3075
26251	3075
26252	3076
26253	3076
26254	3077
26255	3077
26256	3078
26257	3078
26258	3079
26259	3079
26260	3080
26261	3080
26262	3081
26263	3081
26264	3082
26265	3082
26266	3083
26267	3083
26268	3084
26269	3084
26270	3085
26271	3085
26272	3086
26273	3086
26274	3087
26275	3087
26276	3088
26277	3088
26278	3089
26279	3089
26280	3090
26281	3090
26282	3091
26283	3091
26284	3092
26285	3092
26286	3093
26287	3093
26288	3094
26289	3094
26290	3095
26291	3095
26292	3096
26293	3096
26294	3097
26295	3097
26296	3098
26297	3098
26298	3099
26299	3099
26300	3100
26301	3100
26302	3101
26303	3101
26304	3102
26305	3102
26306	3103
26307	3103
26308	3104
26309	3104
26310	3105
26311	3105
26312	3106
26313	3106
26314	3107
26315	3107
26316	3108
26317	3108
26318	3109
26319	3109
26320	3110
26321	3110
26322	3111
26323	3111
26324	3112
26325	3112
26326	3113
26327	3113
26328	3114
26329	3114
26330	3115
26331	3115
26332	3116
26333	3116
26334	3117
26335	3117
26336	3118
26337	3118
26338	3119
26339	3119
26340	3120
26341	3120
26342	3121
26343	3121
26344	3122
26345	3122
26346	3123
26347	3123
26348	3124
26349	3124
26350	3125
26351	3125
26352	3126
26353	3126
26354	3127
26355	3127
26356	3128
26357	3128
26358	3129
26359	3129
26360	3130
26361	3130
26362	3131
26363	3131
26364	3132
26365	3132
26366	3133
26367	3133
26368	3134
26369	3134
26370	3135
26371	3135
26372	3136
26373	3136
26374	3137
26375	3137
26376	3138
26377	3138
26378	3139
26379	3139
26380	3140
26381	3140
26382	3141
26383	3141
26384	3142
26385	3142
26386	3143
26387	3143
26388	3144
26389	3144
26390	3145
26391	3145
26392	3146
26393	3146
26394	3147
26395	3147
26396	3148
26397	3148
26398	3149
26399	3149
26400	3250
26401	3250
26402	3251
26403	3251
26404	3252
26405	3252
26406	3253
26407	3253
26408	3254
26409	3254
26410	3255
26411	3255
26412	3256
26413	3256
26414	3257
26415	3257
26416	3258
26417	3258
26418	3259
26419	3259
26420	3260
26421	3260
26422	3261
26423	3261
26424	3262
26425	3262
26426	3263
26427	3263
26428	3264
26429	3264
26430	3265
26431	3265
26432	3266
26433	3266
26434	3267
26435	3267
26436	3268
26437	3268
26438	3269
26439	3269
26440	3270
26441	3270
26442	3271
26443	3271
26444	3272
26445	3272
26446	3273
26447	3273
26448	3274
26449	3274
26450	3275
26451	3275
26452	3276
26453	3276
26454	3277
26455	3277
26456	3278
26457	3278
26458	3279
26459	3279
26460	3280
26461	3280
26462	3281
26463	3281
26464	3282
26465	3282
26466	3283
26467	3283
26468	3284
26469	3284
26470	3285
26471	3285
26472	3286
26473	3286
26474	3287
26475	3287
26476	3288
26477	3288
26478	3289
26479	3289
26480	3290
26481	3290
26482	3291
26483	3291
26484	3292
26485	3292
26486	3293
26487	3293
26488	3294
26489	3294
26490	3295
26491	3295
26492	3296
26493	3296
26494	3297
26495	3297
26496	3298
26497	3298
26498	3299
26499	3299
26500	3300
26501	3300
26502	3301
26503	3301
26504	3302
26505	3302
26506	3303
26507	3303
26508	3304
26509	3304
26510	3305
26511	3305
26512	3306
26513	3306
26514	3307
26515	3307
26516	3308
26517	3308
26518	3309
26519	3309
26520	3310
26521	3310
26522	3311
26523	3311
26524	3312
26525	3312
26526	3313
26527	3313
26528	3314
26529	3314
26530	3315
26531	3315
26532	3316
26533	3316
26534	3317
26535	3317
26536	3318
26537	3318
26538	3319
26539	3319
26540	3320
26541	3320
26542	3321
26543	3321
26544	3322
26545	3322
26546	3323
26547	3323
26548	3324
26549	3324
26550	3325
26551	3325
26552	3326
26553	3326
26554	3327
26555	3327
26556	3328
26557	3328
26558	3329
26559	3329
26560	3330
26561	3330
26562	3331
26563	3331
26564	3332
26565	3332
26566	3333
26567	3333
26568	3334
26569	3334
26570	3335
26571	3335
26572	3336
26573	3336
26574	3337
26575	3337
26576	3338
26577	3338
26578	3339
26579	3339
26580	3340
26581	3340
26582	3341
26583	3341
26584	3342
26585	3342
26586	3343
26587	3343
26588	3344
26589	3344
26590	3345
26591	3345
26592	3346
26593	3346
26594	3347
26595	3347
26596	3348
26597	3348
26598	3349
26599	3349
26600	3250
26601	3250
26602	3251
26603	3251
26604	3252
26605	3252
26606	3253
26607	3253
26608	3254
26609	3254
26610	3255
26611	3255
26612	3256
26613	3256
26614	3257
26615	3257
26616	3258
26617	3258
26618	3259
26619	3259
26620	3260
26621	3260
26622	3261
26623	3261
26624	3262
26625	3262
26626	3263
26627	3263
26628	3264
26629	3264
26630	3265
26631	3265
26632	3266
26633	3266
26634	3267
26635	3267
26636	3268
26637	3268
26638	3269
26639	3269
26640	3270
26641	3270
26642	3271
26643	3271
26644	3272
26645	3272
26646	3273
26647	3273
26648	3274
26649	3274
26650	3275
26651	3275
26652	3276
26653	3276
26654	3277
26655	3277
26656	3278
26657	3278
26658	3279
26659	3279
26660	3280
26661	3280
26662	3281
26663	3281
26664	3282
26665	3282
26666	3283
26667	3283
26668	3284
26669	3284
26670	3285
26671	3285
26672	3286
26673	3286
26674	3287
26675	3287
26676	3288
26677	3288
26678	3289
26679	3289
26680	3290
26681	3290
26682	3291
26683	3291
26684	3292
26685	3292
26686	3293
26687	3293
26688	3294
26689	3294
26690	3295
26691	3295
26692	3296
26693	3296
26694	3297
26695	3297
26696	3298
26697	3298
26698	3299
26699	3299
26700	3300
26701	3300
26702	3301
26703	3301
26704	3302
26705	3302
26706	3303
26707	3303
26708	3304
26709	3304
26710	3305
26711	3305
26712	3306
26713	3306
26714	3307
26715	3307
26716	3308
26717	3308
26718	3309
26719	3309
26720	3310
26721	3310
26722	3311
26723	3311
26724	3312
26725	3312
26726	3313
26727	3313
26728	3314
26729	3314
26730	3315
26731	3315
26732	3316
26733	3316
26734	3317
26735	3317
26736	3318
26737	3318
26738	3319
26739	3319
26740	3320
26741	3320
26742	3321
26743	3321
26744	3322
26745	3322
26746	3323
26747	3323
26748	3324
26749	3324
26750	3325
26751	3325
26752	3326
26753	3326
26754	3327
26755	3327
26756	3328
26757	3328
26758	3329
26759	3329
26760	3330
26761	3330
26762	3331
26763	3331
26764	3332
26765	3332
26766	3333
26767	3333
26768	3334
26769	3334
26770	3335
26771	3335
26772	3336
26773	3336
26774	3337
26775	3337
26776	3338
26777	3338
26778	3339
26779	3339
26780	3340
26781	3340
26782	3341
26783	3341
26784	3342
26785	3342
26786	3343
26787	3343
26788	3344
26789	3344
26790	3345
26791	3345
26792	3346
26793	3346
26794	3347
26795	3347
26796	3348
26797	3348
26798	3349
26799	3349
26800	3450
26801	3450
26802	3451
26803	3451
26804	3452
26805	3452
26806	3453
26807	3453
26808	3454
26809	3454
26810	3455
26811	3455
26812	3456
26813	3456
26814	3457
26815	3457
26816	3458
26817	3458
26818	3459
26819	3459
26820	3460
26821	3460
26822	3461
26823	3461
26824	3462
26825	3462
26826	3463
26827	3463
26828	3464
26829	3464
26830	3465
26831	3465
26832	3466
26833	3466
26834	3467
26835	3467
26836	3468
26837	3468
26838	3469
26839	3469
26840	3470
26841	3470
26842	3471
26843	3471
26844	3472
26845	3472
26846	3473
26847	3473
26848	3474
26849	3474
26850	3475
26851	3475
26852	3476
26853	3476
26854	3477
26855	3477
26856	3478
26857	3478
26858	3479
26859	3479
26860	3480
26861	3480
26862	3481
26863	3481
26864	3482
26865	3482
26866	3483
26867	3483
26868	3484
26869	3484
26870	3485
26871	3485
26872	3486
26873	3486
26874	3487
26875	3487
26876	3488
26877	3488
26878	3489
26879	3489
26880	3490
26881	3490
26882	3491
26883	3491
26884	3492
26885	3492
26886	3493
26887	3493
26888	3494
26889	3494
26890	3495
26891	3495
26892	3496
26893	3496
26894	3497
26895	3497
26896	3498
26897	3498
26898	3499
26899	3499
26900	3500
26901	3500
26902	3501
26903	3501
26904	3502
26905	3502
26906	3503
26907	3503
26908	3504
26909	3504
26910	3505
26911	3505
26912	3506
26913	3506
26914	3507
26915	3507
26916	3508
26917	3508
26918	3509
26919	3509
26920	3510
26921	3510
26922	3511
26923	3511
26924	3512
26925	3512
26926	3513
26927	3513
26928	3514
26929	3514
26930	3515
26931	3515
26932	3516
26933	3516
26934	3517
26935	3517
26936	3518
26937	3518
26938	3519
26939	3519
26940	3520
26941	3520
26942	3521
26943	3521
26944	3522
26945	3522
26946	3523
26947	3523
26948	3524
26949	3524
26950	3525
26951	3525
26952	3526
26953	3526
26954	3527
26955	3527
26956	3528
26957	3528
26958	3529
26959	3529
26960	3530
26961	3530
26962	3531
26963	3531
26964	3532
26965	3532
26966	3533
26967	3533
26968	3534
26969	3534
26970	3535
26971	3535
26972	3536
26973	3536
26974	3537
26975	3537
26976	3538
26977	3538
26978	3539
26979	3539
26980	3540
26981	3540
26982	3541
26983	3541
26984	3542
26985	3542
26986	3543
26987	3543
26988	3544
26989	3544
26990	3545
26991	3545
26992	3546
26993	3546
26994	3547
26995	3547
26996	3548
26997	3548
26998	3549
26999	3549
27000	3450
27001	3450
27002	3451
27003	3451
27004	3452
27005	3452
27006	3453
27007	3453
27008	3454
27009	3454
27010	3455
27011	3455
27012	3456
27013	3456
27014	3457
27015	3457
27016	3458
27017	3458
27018	3459
27019	3459
27020	3460
27021	3460
27022	3461
27023	3461
27024	3462
27025	3462
27026	3463
27027	3463
27028	3464
27029	3464
27030	3465
27031	3465
27032	3466
27033	3466
27034	3467
27035	3467
27036	3468
27037	3468
27038	3469
27039	3469
27040	3470
27041	3470
27042	3471
27043	3471
27044	3472
27045	3472
27046	3473
27047	3473
27048	3474
27049	3474
27050	3475
27051	3475
27052	3476
27053	3476
27054	3477
27055	3477
27056	3478
27057	3478
27058	3479
27059	3479
27060	3480
27061	3480
27062	3481
27063	3481
27064	3482
27065	3482
27066	3483
27067	3483
27068	3484
27069	3484
27070	3485
27071	3485
27072	3486
27073	3486
27074	3487
27075	3487
27076	3488
27077	3488
27078	3489
27079	3489
27080	3490
27081	3490
27082	3491
27083	3491
27084	3492
27085	3492
27086	3493
27087	3493
27088	3494
27089	3494
27090	3495
27091	3495
27092	3496
27093	3496
27094	3497
27095	3497
27096	3498
27097	3498
27098	3499
27099	3499
27100	3500
27101	3500
27102	3501
27103	3501
27104	3502
27105	3502
27106	3503
27107	3503
27108	3504
27109	3504
27110	3505
27111	3505
27112	3506
27113	3506
27114	3507
27115	3507
27116	3508
27117	3508
27118	3509
27119	3509
27120	3510
27121	3510
27122	3511
27123	3511
27124	3512
27125	3512
27126	3513
27127	3513
27128	3514
27129	3514
27130	3515
27131	3515
27132	3516
27133	3516
27134	3517
27135	3517
27136	3518
27137	3518
27138	3519
27139	3519
27140	3520
27141	3520
27142	3521
27143	3521
27144	3522
27145	3522
27146	3523
27147	3523
27148	3524
27149	3524
27150	3525
27151	3525
27152	3526
27153	3526
27154	3527
27155	3527
27156	3528
27157	3528
27158	3529
27159	3529
27160	3530
27161	3530
27162	3531
27163	3531
27164	3532
27165	3532
27166	3533
27167	3533
27168	3534
27169	3534
27170	3535
27171	3535
27172	3536
27173	3536
27174	3537
27175	3537
27176	3538
27177	3538
27178	3539
27179	3539
27180	3540
27181	3540
27182	3541
27183	3541
27184	3542
27185	3542
27186	3543
27187	3543
27188	3544
27189	3544
27190	3545
27191	3545
27192	3546
27193	3546
27194	3547
27195	3547
27196	3548
27197	3548
27198	3549
27199	3549
27200	3650
27201	3650
27202	3651
27203	3651
27204	3652
27205	3652
27206	3653
27207	3653
27208	3654
27209	3654
27210	3655
27211	3655
27212	3656
27213	3656
27214	3657
27215	3657
27216	3658
27217	3658
27218	3659
27219	3659
27220	3660
27221	3660
27222	3661
27223	3661
27224	3662
27225	3662
27226	3663
27227	3663
27228	3664
27229	3664
27230	3665
27231	3665
27232	3666
27233	3666
27234	3667
27235	3667
27236	3668
27237	3668
27238	3669
27239	3669
27240	3670
27241	3670
27242	3671
27243	3671
27244	3672
27245	3672
27246	3673
27247	3673
27248	3674
27249	3674
27250	3675
27251	3675
27252	3676
27253	3676
27254	3677
27255	3677
27256	3678
27257	3678
27258	3679
27259	3679
27260	3680
27261	3680
27262	3681
27263	3681
27264	3682
27265	3682
27266	3683
27267	3683
27268	3684
27269	3684
27270	3685
27271	3685
27272	3686
27273	3686
27274	3687
27275	3687
27276	3688
27277	3688
27278	3689
27279	3689
27280	3690
27281	3690
27282	3691
27283	3691
27284	3692
27285	3692
27286	3693
27287	3693
27288	3694
27289	3694
27290	3695
27291	3695
27292	3696
27293	3696
27294	3697
27295	3697
27296	3698
27297	3698
27298	3699
27299	3699
27300	3700
27301	3700
27302	3701
27303	3701
27304	3702
27305	3702
27306	3703
27307	3703
27308	3704
27309	3704
27310	3705
27311	3705
27312	3706
27313	3706
27314	3707
27315	3707
27316	3708
27317	3708
27318	3709
27319	3709
27320	3710
27321	3710
27322	3711
27323	3711
27324	3712
27325	3712
27326	3713
27327	3713
27328	3714
27329	3714
27330	3715
27331	3715
27332	3716
27333	3716
27334	3717
27335	3717
27336	3718
27337	3718
27338	3719
27339	3719
27340	3720
27341	3720
27342	3721
27343	3721
27344	3722
27345	3722
27346	3723
27347	3723
27348	3724
27349	3724
27350	3725
27351	3725
27352	3726
27353	3726
27354	3727
27355	3727
27356	3728
27357	3728
27358	3729
27359	3729
27360	3730
27361	3730
27362	3731
27363	3731
27364	3732
27365	3732
27366	3733
27367	3733
27368	3734
27369	3734
27370	3735
27371	3735
27372	3736
27373	3736
27374	3737
27375	3737
27376	3738
27377	3738
27378	3739
27379	3739
27380	3740
27381	3740
27382	3741
27383	3741
27384	3742
27385	3742
27386	3743
27387	3743
27388	3744
27389	3744
27390	3745
27391	3745
27392	3746
27393	3746
27394	3747
27395	3747
27396	3748
27397	3748
27398	3749
27399	3749
27400	3650
27401	3650
27402	3651
27403	3651
27404	3652
27405	3652
27406	3653
27407	3653
27408	3654
27409	3654
27410	3655
27411	3655
27412	3656
27413	3656
27414	3657
27415	3657
27416	3658
27417	3658
27418	3659
27419	3659
27420	3660
27421	3660
27422	3661
27423	3661
27424	3662
27425	3662
27426	3663
27427	3663
27428	3664
27429	3664
27430	3665
27431	3665
27432	3666
27433	3666
27434	3667
27435	3667
27436	3668
27437	3668
27438	3669
27439	3669
27440	3670
27441	3670
27442	3671
27443	3671
27444	3672
27445	3672
27446	3673
27447	3673
27448	3674
27449	3674
27450	3675
27451	3675
27452	3676
27453	3676
27454	3677
27455	3677
27456	3678
27457	3678
27458	3679
27459	3679
27460	3680
27461	3680
27462	3681
27463	3681
27464	3682
27465	3682
27466	3683
27467	3683
27468	3684
27469	3684
27470	3685
27471	3685
27472	3686
27473	3686
27474	3687
27475	3687
27476	3688
27477	3688
27478	3689
27479	3689
27480	3690
27481	3690
27482	3691
27483	3691
27484	3692
27485	3692
27486	3693
27487	3693
27488	3694
27489	3694
27490	3695
27491	3695
27492	3696
27493	3696
27494	3697
27495	3697
27496	3698
27497	3698
27498	3699
27499	3699
27500	3700
27501	3700
27502	3701
27503	3701
27504	3702
27505	3702
27506	3703
27507	3703
27508	3704
27509	3704
27510	3705
27511	3705
27512	3706
27513	3706
27514	3707
27515	3707
27516	3708
27517	3708
27518	3709
27519	3709
27520	3710
27521	3710
27522	3711
27523	3711
27524	3712
27525	3712
27526	3713
27527	3713
27528	3714
27529	3714
27530	3715
27531	3715
27532	3716
27533	3716
27534	3717
27535	3717
27536	3718
27537	3718
27538	3719
27539	3719
27540	3720
27541	3720
27542	3721
27543	3721
27544	3722
27545	3722
27546	3723
27547	3723
27548	3724
27549	3724
27550	3725
27551	3725
27552	3726
27553	3726
27554	3727
27555	3727
27556	3728
27557	3728
27558	3729
27559	3729
27560	3730
27561	3730
27562	3731
27563	3731
27564	3732
27565	3732
27566	3733
27567	3733
27568	3734
27569	3734
27570	3735
27571	3735
27572	3736
27573	3736
27574	3737
27575	3737
27576	3738
27577	3738
27578	3739
27579	3739
27580	3740
27581	3740
27582	3741
27583	3741
27584	3742
27585	3742
27586	3743
27587	3743
27588	3744
27589	3744
27590	3745
27591	3745
27592	3746
27593	3746
27594	3747
27595	3747
27596	3748
27597	3748
27598	3749
27599	3749
27600	3850
27601	3850
27602	3851
27603	3851
27604	3852
27605	3852
27606	3853
27607	3853
27608	3854
27609	3854
27610	3855
27611	3855
27612	3856
27613	3856
27614	3857
27615	3857
27616	3858
27617	3858
27618	3859
27619	3859
27620	3860
27621	3860
27622	3861
27623	3861
27624	3862
27625	3862
27626	3863
27627	3863
27628	3864
27629	3864
27630	3865
27631	3865
27632	3866
27633	3866
27634	3867
27635	3867
27636	3868
27637	3868
27638	3869
27639	3869
27640	3870
27641	3870
27642	3871
27643	3871
27644	3872
27645	3872
27646	3873
27647	3873
27648	3874
27649	3874
27650	3875
27651	3875
27652	3876
27653	3876
27654	3877
27655	3877
27656	3878
27657	3878
27658	3879
27659	3879
27660	3880
27661	3880
27662	3881
27663	3881
27664	3882
27665	3882
27666	3883
27667	3883
27668	3884
27669	3884
27670	3885
27671	3885
27672	3886
27673	3886
27674	3887
27675	3887
27676	3888
27677	3888
27678	3889
27679	3889
27680	3890
27681	3890
27682	3891
27683	3891
27684	3892
27685	3892
27686	3893
27687	3893
27688	3894
27689	3894
27690	3895
27691	3895
27692	3896
27693	3896
27694	3897
27695	3897
27696	3898
27697	3898
27698	3899
27699	3899
27700	3900
27701	3900
27702	3901
27703	3901
27704	3902
27705	3902
27706	3903
27707	3903
27708	3904
27709	3904
27710	3905
27711	3905
27712	3906
27713	3906
27714	3907
27715	3907
27716	3908
27717	3908
27718	3909
27719	3909
27720	3910
27721	3910
27722	3911
27723	3911
27724	3912
27725	3912
27726	3913
27727	3913
27728	3914
27729	3914
27730	3915
27731	3915
27732	3916
27733	3916
27734	3917
27735	3917
27736	3918
27737	3918
27738	3919
27739	3919
27740	3920
27741	3920
27742	3921
27743	3921
27744	3922
27745	3922
27746	3923
27747	3923
27748	3924
27749	3924
27750	3925
27751	3925
27752	3926
27753	3926
27754	3927
27755	3927
27756	3928
27757	3928
27758	3929
27759	3929
27760	3930
27761	3930
27762	3931
27763	3931
27764	3932
27765	3932
27766	3933
27767	3933
27768	3934
27769	3934
27770	3935
27771	3935
27772	3936
27773	3936
27774	3937
27775	3937
27776	3938
27777	3938
27778	3939
27779	3939
27780	3940
27781	3940
27782	3941
27783	3941
27784	3942
27785	3942
27786	3943
27787	3943
27788	3944
27789	3944
27790	3945
27791	3945
27792	3946
27793	3946
27794	3947
27795	3947
27796	3948
27797	3948
27798	3949
27799	3949
27800	3850
27801	3850
27802	3851
27803	3851
27804	3852
27805	3852
27806	3853
27807	3853
27808	3854
27809	3854
27810	3855
27811	3855
27812	3856
27813	3856
27814	3857
27815	3857
27816	3858
27817	3858
27818	3859
27819	3859
27820	3860
27821	3860
27822	3861
27823	3861
27824	3862
27825	3862
27826	3863
27827	3863
27828	3864
27829	3864
27830	3865
27831	3865
27832	3866
27833	3866
27834	3867
27835	3867
27836	3868
27837	3868
27838	3869
27839	3869
27840	3870
27841	3870
27842	3871
27843	3871
27844	3872
27845	3872
27846	3873
27847	3873
27848	3874
27849	3874
27850	3875
27851	3875
27852	3876
27853	3876
27854	3877
27855	3877
27856	3878
27857	3878
27858	3879
27859	3879
27860	3880
27861	3880
27862	3881
27863	3881
27864	3882
27865	3882
27866	3883
27867	3883
27868	3884
27869	3884
27870	3885
27871	3885
27872	3886
27873	3886
27874	3887
27875	3887
27876	3888
27877	3888
27878	3889
27879	3889
27880	3890
27881	3890
27882	3891
27883	3891
27884	3892
27885	3892
27886	3893
27887	3893
27888	3894
27889	3894
27890	3895
27891	3895
27892	3896
27893	3896
27894	3897
27895	3897
27896	3898
27897	3898
27898	3899
27899	3899
27900	3900
27901	3900
27902	3901
27903	3901
27904	3902
27905	3902
27906	3903
27907	3903
27908	3904
27909	3904
27910	3905
27911	3905
27912	3906
27913	3906
27914	3907
27915	3907
27916	3908
27917	3908
27918	3909
27919	3909
27920	3910
27921	3910
27922	3911
27923	3911
27924	3912
27925	3912
27926	3913
27927	3913
27928	3914
27929	3914
27930	3915
27931	3915
27932	3916
27933	3916
27934	3917
27935	3917
27936	3918
27937	3918
27938	3919
27939	3919
27940	3920
27941	3920
27942	3921
27943	3921
27944	3922
27945	3922
27946	3923
27947	3923
27948	3924
27949	3924
27950	3925
27951	3925
27952	3926
27953	3926
27954	3927
27955	3927
27956	3928
27957	3928
27958	3929
27959	3929
27960	3930
27961	3930
27962	3931
27963	3931
27964	3932
27965	3932
27966	3933
27967	3933
27968	3934
27969	3934
27970	3935
27971	3935
27972	3936
27973	3936
27974	3937
27975	3937
27976	3938
27977	3938
27978	3939
27979	3939
27980	3940
27981	3940
27982	3941
27983	3941
27984	3942
27985	3942
27986	3943
27987	3943
27988	3944
27989	3944
27990	3945
27991	3945
27992	3946
27993	3946
27994	3947
27995	3947
27996	3948
27997	3948
27998	3949
27999	3949
28000	4050
28001	4050
28002	4051
28003	4051
28004	4052
28005	4052
28006	4053
28007	4053
28008	4054
28009	4054
28010	4055
28011	4055
28012	4056
28013	4056
28014	4057
28015	4057
28016	4058
28017	4058
28018	4059
28019	4059
28020	4060
28021	4060
28022	4061
28023	4061
28024	4062
28025	4062
28026	4063
28027	4063
28028	4064
28029	4064
28030	4065
28031	4065
28032	4066
28033	4066
28034	4067
28035	4067
28036	4068
28037	4068
28038	4069
28039	4069
28040	4070
28041	4070
28042	4071
28043	4071
28044	4072
28045	4072
28046	4073
28047	4073
28048	4074
28049	4074
28050	4075
28051	4075
28052	4076
28053	4076
28054	4077
28055	4077
28056	4078
28057	4078
28058	4079
28059	4079
28060	4080
28061	4080
28062	4081
28063	4081
28064	4082
28065	4082
28066	4083
28067	4083
28068	4084
28069	4084
28070	4085
28071	4085
28072	4086
28073	4086
28074	4087
28075	4087
28076	4088
28077	4088
28078	4089
28079	4089
28080	4090
28081	4090
28082	4091
28083	4091
28084	4092
28085	4092
28086	4093
28087	4093
28088	4094
28089	4094
28090	4095
28091	4095
28092	4096
28093	4096
28094	4097
28095	4097
28096	4098
28097	4098
28098	4099
28099	4099
28100	4100
28101	4100
28102	4101
28103	4101
28104	4102
28105	4102
28106	4103
28107	4103
28108	4104
28109	4104
28110	4105
28111	4105
28112	4106
28113	4106
28114	4107
28115	4107
28116	4108
28117	4108
28118	4109
28119	4109
28120	4110
28121	4110
28122	4111
28123	4111
28124	4112
28125	4112
28126	4113
28127	4113
28128	4114
28129	4114
28130	4115
28131	4115
28132	4116
28133	4116
28134	4117
28135	4117
28136	4118
28137	4118
28138	4119
28139	4119
28140	4120
28141	4120
28142	4121
28143	4121
28144	4122
28145	4122
28146	4123
28147	4123
28148	4124
28149	4124
28150	4125
28151	4125
28152	4126
28153	4126
28154	4127
28155	4127
28156	4128
28157	4128
28158	4129
28159	4129
28160	4130
28161	4130
28162	4131
28163	4131
28164	4132
28165	4132
28166	4133
28167	4133
28168	4134
28169	4134
28170	4135
28171	4135
28172	4136
28173	4136
28174	4137
28175	4137
28176	4138
28177	4138
28178	4139
28179	4139
28180	4140
28181	4140
28182	4141
28183	4141
28184	4142
28185	4142
28186	4143
28187	4143
28188	4144
28189	4144
28190	4145
28191	4145
28192	4146
28193	4146
28194	4147
28195	4147
28196	4148
28197	4148
28198	4149
28199	4149
28200	4050
28201	4050
28202	4051
28203	4051
28204	4052
28205	4052
28206	4053
28207	4053
28208	4054
28209	4054
28210	4055
28211	4055
28212	4056
28213	4056
28214	4057
28215	4057
28216	4058
28217	4058
28218	4059
28219	4059
28220	4060
28221	4060
28222	4061
28223	4061
28224	4062
28225	4062
28226	4063
28227	4063
28228	4064
28229	4064
28230	4065
28231	4065
28232	4066
28233	4066
28234	4067
28235	4067
28236	4068
28237	4068
28238	4069
28239	4069
28240	4070
28241	4070
28242	4071
28243	4071
28244	4072
28245	4072
28246	4073
28247	4073
28248	4074
28249	4074
28250	4075
28251	4075
28252	4076
28253	4076
28254	4077
28255	4077
28256	4078
28257	4078
28258	4079
28259	4079
28260	4080
28261	4080
28262	4081
28263	4081
28264	4082
28265	4082
28266	4083
28267	4083
28268	4084
28269	4084
28270	4085
28271	4085
28272	4086
28273	4086
28274	4087
28275	4087
28276	4088
28277	4088
28278	4089
28279	4089
28280	4090
28281	4090
28282	4091
28283	4091
28284	4092
28285	4092
28286	4093
28287	4093
28288	4094
28289	4094
28290	4095
28291	4095
28292	4096
28293	4096
28294	4097
28295	4097
28296	4098
28297	4098
28298	4099
28299	4099
28300	4100
28301	4100
28302	4101
28303	4101
28304	4102
28305	4102
28306	4103
28307	4103
28308	4104
28309	4104
28310	4105
28311	4105
28312	4106
28313	4106
28314	4107
28315	4107
28316	4108
28317	4108
28318	4109
28319	4109
28320	4110
28321	4110
28322	4111
28323	4111
28324	4112
28325	4112
28326	4113
28327	4113
28328	4114
28329	4114
28330	4115
28331	4115
28332	4116
28333	4116
28334	4117
28335	4117
28336	4118
28337	4118
28338	4119
28339	4119
28340	4120
28341	4120
28342	4121
28343	4121
28344	4122
28345	4122
28346	4123
28347	4123
28348	4124
28349	4124
28350	4125
28351	4125
28352	4126
28353	4126
28354	4127
28355	4127
28356	4128
28357	4128
28358	4129
28359	4129
28360	4130
28361	4130
28362	4131
28363	4131
28364	4132
28365	4132
28366	4133
28367	4133
28368	4134
28369	4134
28370	4135
28371	4135
28372	4136
28373	4136
28374	4137
28375	4137
28376	4138
28377	4138
28378	4139
28379	4139
28380	4140
28381	4140
28382	4141
28383	4141
28384	4142
28385	4142
28386	4143
28387	4143
28388	4144
28389	4144
28390	4145
28391	4145
28392	4146
28393	4146
28394	4147
28395	4147
28396	4148
28397	4148
28398	4149
28399	4149
28400	4250
28401	4250
28402	4251
28403	4251
28404	4252
28405	4252
28406	4253
28407	4253
28408	4254
28409	4254
28410	4255
28411	4255
28412	4256
28413	4256
28414	4257
28415	4257
28416	4258
28417	4258
28418	4259
28419	4259
28420	4260
28421	4260
28422	4261
28423	4261
28424	4262
28425	4262
28426	4263
28427	4263
28428	4264
28429	4264
28430	4265
28431	4265
28432	4266
28433	4266
28434	4267
28435	4267
28436	4268
28437	4268
28438	4269
28439	4269
28440	4270
28441	4270
28442	4271
28443	4271
28444	4272
28445	4272
28446	4273
28447	4273
28448	4274
28449	4274
28450	4275
28451	4275
28452	4276
28453	4276
28454	4277
28455	4277
28456	4278
28457	4278
28458	4279
28459	4279
28460	4280
28461	4280
28462	4281
28463	4281
28464	4282
28465	4282
28466	4283
28467	4283
28468	4284
28469	4284
28470	4285
28471	4285
28472	4286
28473	4286
28474	4287
28475	4287
28476	4288
28477	4288
28478	4289
28479	4289
28480	4290
28481	4290
28482	4291
28483	4291
28484	4292
28485	4292
28486	4293
28487	4293
28488	4294
28489	4294
28490	4295
28491	4295
28492	4296
28493	4296
28494	4297
28495	4297
28496	4298
28497	4298
28498	4299
28499	4299
28500	4300
28501	4300
28502	4301
28503	4301
28504	4302
28505	4302
28506	4303
28507	4303
28508	4304
28509	4304
28510	4305
28511	4305
28512	4306
28513	4306
28514	4307
28515	4307
28516	4308
28517	4308
28518	4309
28519	4309
28520	4310
28521	4310
28522	4311
28523	4311
28524	4312
28525	4312
28526	4313
28527	4313
28528	4314
28529	4314
28530	4315
28531	4315
28532	4316
28533	4316
28534	4317
28535	4317
28536	4318
28537	4318
28538	4319
28539	4319
28540	4320
28541	4320
28542	4321
28543	4321
28544	4322
28545	4322
28546	4323
28547	4323
28548	4324
28549	4324
28550	4325
28551	4325
28552	4326
28553	4326
28554	4327
28555	4327
28556	4328
28557	4328
28558	4329
28559	4329
28560	4330
28561	4330
28562	4331
28563	4331
28564	4332
28565	4332
28566	4333
28567	4333
28568	4334
28569	4334
28570	4335
28571	4335
28572	4336
28573	4336
28574	4337
28575	4337
28576	4338
28577	4338
28578	4339
28579	4339
28580	4340
28581	4340
28582	4341
28583	4341
28584	4342
28585	4342
28586	4343
28587	4343
28588	4344
28589	4344
28590	4345
28591	4345
28592	4346
28593	4346
28594	4347
28595	4347
28596	4348
28597	4348
28598	4349
28599	4349
28600	4250
28601	4250
28602	4251
28603	4251
28604	4252
28605	4252
28606	4253
28607	4253
28608	4254
28609	4254
28610	4255
28611	4255
28612	4256
28613	4256
28614	4257
28615	4257
28616	4258
28617	4258
28618	4259
28619	4259
28620	4260
28621	4260
28622	4261
28623	4261
28624	4262
28625	4262
28626	4263
28627	4263
28628	4264
28629	4264
28630	4265
28631	4265
28632	4266
28633	4266
28634	4267
28635	4267
28636	4268
28637	4268
28638	4269
28639	4269
28640	4270
28641	4270
28642	4271
28643	4271
28644	4272
28645	4272
28646	4273
28647	4273
28648	4274
28649	4274
28650	4275
28651	4275
28652	4276
28653	4276
28654	4277
28655	4277
28656	4278
28657	4278
28658	4279
28659	4279
28660	4280
28661	4280
28662	4281
28663	4281
28664	4282
28665	4282
28666	4283
28667	4283
28668	4284
28669	4284
28670	4285
28671	4285
28672	4286
28673	4286
28674	4287
28675	4287
28676	4288
28677	4288
28678	4289
28679	4289
28680	4290
28681	4290
28682	4291
28683	4291
28684	4292
28685	4292
28686	4293
28687	4293
28688	4294
28689	4294
28690	4295
28691	4295
28692	4296
28693	4296
28694	4297
28695	4297
28696	4298
28697	4298
28698	4299
28699	4299
28700	4300
28701	4300
28702	4301
28703	4301
28704	4302
28705	4302
28706	4303
28707	4303
28708	4304
28709	4304
28710	4305
28711	4305
28712	4306
28713	4306
28714	4307
28715	4307
28716	4308
28717	4308
28718	4309
28719	4309
28720	4310
28721	4310
28722	4311
28723	4311
28724	4312
28725	4312
28726	4313
28727	4313
28728	4314
28729	4314
28730	4315
28731	4315
28732	4316
28733	4316
28734	4317
28735	4317
28736	4318
28737	4318
28738	4319
28739	4319
28740	4320
28741	4320
28742	4321
28743	4321
28744	4322
28745	4322
28746	4323
28747	4323
28748	4324
28749	4324
28750	4325
28751	4325
28752	4326
28753	4326
28754	4327
28755	4327
28756	4328
28757	4328
28758	4329
28759	4329
28760	4330
28761	4330
28762	4331
28763	4331
28764	4332
28765	4332
28766	4333
28767	4333
28768	4334
28769	4334
28770	4335
28771	4335
28772	4336
28773	4336
28774	4337
28775	4337
28776	4338
28777	4338
28778	4339
28779	4339
28780	4340
28781	4340
28782	4341
28783	4341
28784	4342
28785	4342
28786	4343
28787	4343
28788	4344
28789	4344
28790	4345
28791	4345
28792	4346
28793	4346
28794	4347
28795	4347
28796	4348
28797	4348
28798	4349
28799	4349
28800	4450
28801	4450
28802	4451
28803	4451
28804	4452
28805	4452
28806	4453
28807	4453
28808	4454
28809	4454
28810	4455
28811	4455
28812	4456
28813	4456
28814	4457
28815	4457
28816	4458
28817	4458
28818	4459
28819	4459
28820	4460
28821	4460
28822	4461
28823	4461
28824	4462
28825	4462
28826	4463
28827	4463
28828	4464
28829	4464
28830	4465
28831	4465
28832	4466
28833	4466
28834	4467
28835	4467
28836	4468
28837	4468
28838	4469
28839	4469
28840	4470
28841	4470
28842	4471
28843	4471
28844	4472
28845	4472
28846	4473
28847	4473
28848	4474
28849	4474
28850	4475
28851	4475
28852	4476
28853	4476
28854	4477
28855	4477
28856	4478
28857	4478
28858	4479
28859	4479
28860	4480
28861	4480
28862	4481
28863	4481
28864	4482
28865	4482
28866	4483
28867	4483
28868	4484
28869	4484
28870	4485
28871	4485
28872	4486
28873	4486
28874	4487
28875	4487
28876	4488
28877	4488
28878	4489
28879	4489
28880	4490
28881	4490
28882	4491
28883	4491
28884	4492
28885	4492
28886	4493
28887	4493
28888	4494
28889	4494
28890	4495
28891	4495
28892	4496
28893	4496
28894	4497
28895	4497
28896	4498
28897	4498
28898	4499
28899	4499
28900	4500
28901	4500
28902	4501
28903	4501
28904	4502
28905	4502
28906	4503
28907	4503
28908	4504
28909	4504
28910	4505
28911	4505
28912	4506
28913	4506
28914	4507
28915	4507
28916	4508
28917	4508
28918	4509
28919	4509
28920	4510
28921	4510
28922	4511
28923	4511
28924	4512
28925	4512
28926	4513
28927	4513
28928	4514
28929	4514
28930	4515
28931	4515
28932	4516
28933	4516
28934	4517
28935	4517
28936	4518
28937	4518
28938	4519
28939	4519
28940	4520
28941	4520
28942	4521
28943	4521
28944	4522
28945	4522
28946	4523
28947	4523
28948	4524
28949	4524
28950	4525
28951	4525
28952	4526
28953	4526
28954	4527
28955	4527
28956	4528
28957	4528
28958	4529
28959	4529
28960	4530
28961	4530
28962	4531
28963	4531
28964	4532
28965	4532
28966	4533
28967	4533
28968	4534
28969	4534
28970	4535
28971	4535
28972	4536
28973	4536
28974	4537
28975	4537
28976	4538
28977	4538
28978	4539
28979	4539
28980	4540
28981	4540
28982	4541
28983	4541
28984	4542
28985	4542
28986	4543
28987	4543
28988	4544
28989	4544
28990	4545
28991	4545
28992	4546
28993	4546
28994	4547
28995	4547
28996	4548
28997	4548
28998	4549
28999	4549
29000	4450
29001	4450
29002	4451
29003	4451
29004	4452
29005	4452
29006	4453
29007	4453
29008	4454
29009	4454
29010	4455
29011	4455
29012	4456
29013	4456
29014	4457
29015	4457
29016	4458
29017	4458
29018	4459
29019	4459
29020	4460
29021	4460
29022	4461
29023	4461
29024	4462
29025	4462
29026	4463
29027	4463
29028	4464
29029	4464
29030	4465
29031	4465
29032	4466
29033	4466
29034	4467
29035	4467
29036	4468
29037	4468
29038	4469
29039	4469
29040	4470
29041	4470
29042	4471
29043	4471
29044	4472
29045	4472
29046	4473
29047	4473
29048	4474
29049	4474
29050	4475
29051	4475
29052	4476
29053	4476
29054	4477
29055	4477
29056	4478
29057	4478
29058	4479
29059	4479
29060	4480
29061	4480
29062	4481
29063	4481
29064	4482
29065	4482
29066	4483
29067	4483
29068	4484
29069	4484
29070	4485
29071	4485
29072	4486
29073	4486
29074	4487
29075	4487
29076	4488
29077	4488
29078	4489
29079	4489
29080	4490
29081	4490
29082	4491
29083	4491
29084	4492
29085	4492
29086	4493
29087	4493
29088	4494
29089	4494
29090	4495
29091	4495
29092	4496
29093	4496
29094	4497
29095	4497
29096	4498
29097	4498
29098	4499
29099	4499
29100	4500
29101	4500
29102	4501
29103	4501
29104	4502
29105	4502
29106	4503
29107	4503
29108	4504
29109	4504
29110	4505
29111	4505
29112	4506
29113	4506
29114	4507
29115	4507
29116	4508
29117	4508
29118	4509
29119	4509
29120	4510
29121	4510
29122	4511
29123	4511
29124	4512
29125	4512
29126	4513
29127	4513
29128	4514
29129	4514
29130	4515
29131	4515
29132	4516
29133	4516
29134	4517
29135	4517
29136	4518
29137	4518
29138	4519
29139	4519
29140	4520
29141	4520
29142	4521
29143	4521
29144	4522
29145	4522
29146	4523
29147	4523
29148	4524
29149	4524
29150	4525
29151	4525
29152	4526
29153	4526
29154	4527
29155	4527
29156	4528
29157	4528
29158	4529
29159	4529
29160	4530
29161	4530
29162	4531
29163	4531
29164	4532
29165	4532
29166	4533
29167	4533
29168	4534
29169	4534
29170	4535
29171	4535
29172	4536
29173	4536
29174	4537
29175	4537
29176	4538
29177	4538
29178	4539
29179	4539
29180	4540
29181	4540
29182	4541
29183	4541
29184	4542
29185	4542
29186	4543
29187	4543
29188	4544
29189	4544
29190	4545
29191	4545
29192	4546
29193	4546
29194	4547
29195	4547
29196	4548
29197	4548
29198	4549
29199	4549
29200	4650
29201	4650
29202	4651
29203	4651
29204	4652
29205	4652
29206	4653
29207	4653
29208	4654
29209	4654
29210	4655
29211	4655
29212	4656
29213	4656
29214	4657
29215	4657
29216	4658
29217	4658
29218	4659
29219	4659
29220	4660
29221	4660
29222	4661
29223	4661
29224	4662
29225	4662
29226	4663
29227	4663
29228	4664
29229	4664
29230	4665
29231	4665
29232	4666
29233	4666
29234	4667
29235	4667
29236	4668
29237	4668
29238	4669
29239	4669
29240	4670
29241	4670
29242	4671
29243	4671
29244	4672
29245	4672
29246	4673
29247	4673
29248	4674
29249	4674
29250	4675
29251	4675
29252	4676
29253	4676
29254	4677
29255	4677
29256	4678
29257	4678
29258	4679
29259	4679
29260	4680
29261	4680
29262	4681
29263	4681
29264	4682
29265	4682
29266	4683
29267	4683
29268	4684
29269	4684
29270	4685
29271	4685
29272	4686
29273	4686
29274	4687
29275	4687
29276	4688
29277	4688
29278	4689
29279	4689
29280	4690
29281	4690
29282	4691
29283	4691
29284	4692
29285	4692
29286	4693
29287	4693
29288	4694
29289	4694
29290	4695
29291	4695
29292	4696
29293	4696
29294	4697
29295	4697
29296	4698
29297	4698
29298	4699
29299	4699
29300	4700
29301	4700
29302	4701
29303	4701
29304	4702
29305	4702
29306	4703
29307	4703
29308	4704
29309	4704
29310	4705
29311	4705
29312	4706
29313	4706
29314	4707
29315	4707
29316	4708
29317	4708
29318	4709
29319	4709
29320	4710
29321	4710
29322	4711
29323	4711
29324	4712
29325	4712
29326	4713
29327	4713
29328	4714
29329	4714
29330	4715
29331	4715
29332	4716
29333	4716
29334	4717
29335	4717
29336	4718
29337	4718
29338	4719
29339	4719
29340	4720
29341	4720
29342	4721
29343	4721
29344	4722
29345	4722
29346	4723
29347	4723
29348	4724
29349	4724
29350	4725
29351	4725
29352	4726
29353	4726
29354	4727
29355	4727
29356	4728
29357	4728
29358	4729
29359	4729
29360	4730
29361	4730
29362	4731
29363	4731
29364	4732
29365	4732
29366	4733
29367	4733
29368	4734
29369	4734
29370	4735
29371	4735
29372	4736
29373	4736
29374	4737
29375	4737
29376	4738
29377	4738
29378	4739
29379	4739
29380	4740
29381	4740
29382	4741
29383	4741
29384	4742
29385	4742
29386	4743
29387	4743
29388	4744
29389	4744
29390	4745
29391	4745
29392	4746
29393	4746
29394	4747
29395	4747
29396	4748
29397	4748
29398	4749
29399	4749
29400	4650
29401	4650
29402	4651
29403	4651
29404	4652
29405	4652
29406	4653
29407	4653
29408	4654
29409	4654
29410	4655
29411	4655
29412	4656
29413	4656
29414	4657
29415	4657
29416	4658
29417	4658
29418	4659
29419	4659
29420	4660
29421	4660
29422	4661
29423	4661
29424	4662
29425	4662
29426	4663
29427	4663
29428	4664
29429	4664
29430	4665
29431	4665
29432	4666
29433	4666
29434	4667
29435	4667
29436	4668
29437	4668
29438	4669
29439	4669
29440	4670
29441	4670
29442	4671
29443	4671
29444	4672
29445	4672
29446	4673
29447	4673
29448	4674
29449	4674
29450	4675
29451	4675
29452	4676
29453	4676
29454	4677
29455	4677
29456	4678
29457	4678
29458	4679
29459	4679
29460	4680
29461	4680
29462	4681
29463	4681
29464	4682
29465	4682
29466	4683
29467	4683
29468	4684
29469	4684
29470	4685
29471	4685
29472	4686
29473	4686
29474	4687
29475	4687
29476	4688
29477	4688
29478	4689
29479	4689
29480	4690
29481	4690
29482	4691
29483	4691
29484	4692
29485	4692
29486	4693
29487	4693
29488	4694
29489	4694
29490	4695
29491	4695
29492	4696
29493	4696
29494	4697
29495	4697
29496	4698
29497	4698
29498	4699
29499	4699
29500	4700
29501	4700
29502	4701
29503	4701
29504	4702
29505	4702
29506	4703
29507	4703
29508	4704
29509	4704
29510	4705
29511	4705
29512	4706
29513	4706
29514	4707
29515	4707
29516	4708
29517	4708
29518	4709
29519	4709
29520	4710
29521	4710
29522	4711
29523	4711
29524	4712
29525	4712
29526	4713
29527	4713
29528	4714
29529	4714
29530	4715
29531	4715
29532	4716
29533	4716
29534	4717
29535	4717
29536	4718
29537	4718
29538	4719
29539	4719
29540	4720
29541	4720
29542	4721
29543	4721
29544	4722
29545	4722
29546	4723
29547	4723
29548	4724
29549	4724
29550	4725
29551	4725
29552	4726
29553	4726
29554	4727
29555	4727
29556	4728
29557	4728
29558	4729
29559	4729
29560	4730
29561	4730
29562	4731
29563	4731
29564	4732
29565	4732
29566	4733
29567	4733
29568	4734
29569	4734
29570	4735
29571	4735
29572	4736
29573	4736
29574	4737
29575	4737
29576	4738
29577	4738
29578	4739
29579	4739
29580	4740
29581	4740
29582	4741
29583	4741
29584	4742
29585	4742
29586	4743
29587	4743
29588	4744
29589	4744
29590	4745
29591	4745
29592	4746
29593	4746
29594	4747
29595	4747
29596	4748
29597	4748
29598	4749
29599	4749
29600	4850
29601	4850
29602	4851
29603	4851
29604	4852
29605	4852
29606	4853
29607	4853
29608	4854
29609	4854
29610	4855
29611	4855
29612	4856
29613	4856
29614	4857
29615	4857
29616	4858
29617	4858
29618	4859
29619	4859
29620	4860
29621	4860
29622	4861
29623	4861
29624	4862
29625	4862
29626	4863
29627	4863
29628	4864
29629	4864
29630	4865
29631	4865
29632	4866
29633	4866
29634	4867
29635	4867
29636	4868
29637	4868
29638	4869
29639	4869
29640	4870
29641	4870
29642	4871
29643	4871
29644	4872
29645	4872
29646	4873
29647	4873
29648	4874
29649	4874
29650	4875
29651	4875
29652	4876
29653	4876
29654	4877
29655	4877
29656	4878
29657	4878
29658	4879
29659	4879
29660	4880
29661	4880
29662	4881
29663	4881
29664	4882
29665	4882
29666	4883
29667	4883
29668	4884
29669	4884
29670	4885
29671	4885
29672	4886
29673	4886
29674	4887
29675	4887
29676	4888
29677	4888
29678	4889
29679	4889
29680	4890
29681	4890
29682	4891
29683	4891
29684	4892
29685	4892
29686	4893
29687	4893
29688	4894
29689	4894
29690	4895
29691	4895
29692	4896
29693	4896
29694	4897
29695	4897
29696	4898
29697	4898
29698	4899
29699	4899
29700	4900
29701	4900
29702	4901
29703	4901
29704	4902
29705	4902
29706	4903
29707	4903
29708	4904
29709	4904
29710	4905
29711	4905
29712	4906
29713	4906
29714	4907
29715	4907
29716	4908
29717	4908
29718	4909
29719	4909
29720	4910
29721	4910
29722	4911
29723	4911
29724	4912
29725	4912
29726	4913
29727	4913
29728	4914
29729	4914
29730	4915
29731	4915
29732	4916
29733	4916
29734	4917
29735	4917
29736	4918
29737	4918
29738	4919
29739	4919
29740	4920
29741	4920
29742	4921
29743	4921
29744	4922
29745	4922
29746	4923
29747	4923
29748	4924
29749	4924
29750	4925
29751	4925
29752	4926
29753	4926
29754	4927
29755	4927
29756	4928
29757	4928
29758	4929
29759	4929
29760	4930
29761	4930
29762	4931
29763	4931
29764	4932
29765	4932
29766	4933
29767	4933
29768	4934
29769	4934
29770	4935
29771	4935
29772	4936
29773	4936
29774	4937
29775	4937
29776	4938
29777	4938
29778	4939
29779	4939
29780	4940
29781	4940
29782	4941
29783	4941
29784	4942
29785	4942
29786	4943
29787	4943
29788	4944
29789	4944
29790	4945
29791	4945
29792	4946
29793	4946
29794	4947
29795	4947
29796	4948
29797	4948
29798	4949
29799	4949
29800	4850
29801	4850
29802	4851
29803	4851
29804	4852
29805	4852
29806	4853
29807	4853
29808	4854
29809	4854
29810	4855
29811	4855
29812	4856
29813	4856
29814	4857
29815	4857
29816	4858
29817	4858
29818	4859
29819	4859
29820	4860
29821	4860
29822	4861
29823	4861
29824	4862
29825	4862
29826	4863
29827	4863
29828	4864
29829	4864
29830	4865
29831	4865
29832	4866
29833	4866
29834	4867
29835	4867
29836	4868
29837	4868
29838	4869
29839	4869
29840	4870
29841	4870
29842	4871
29843	4871
29844	4872
29845	4872
29846	4873
29847	4873
29848	4874
29849	4874
29850	4875
29851	4875
29852	4876
29853	4876
29854	4877
29855	4877
29856	4878
29857	4878
29858	4879
29859	4879
29860	4880
29861	4880
29862	4881
29863	4881
29864	4882
29865	4882
29866	4883
29867	4883
29868	4884
29869	4884
29870	4885
29871	4885
29872	4886
29873	4886
29874	4887
29875	4887
29876	4888
29877	4888
29878	4889
29879	4889
29880	4890
29881	4890
29882	4891
29883	4891
29884	4892
29885	4892
29886	4893
29887	4893
29888	4894
29889	4894
29890	4895
29891	4895
29892	4896
29893	4896
29894	4897
29895	4897
29896	4898
29897	4898
29898	4899
29899	4899
29900	4900
29901	4900
29902	4901
29903	4901
29904	4902
29905	4902
29906	4903
29907	4903
29908	4904
29909	4904
29910	4905
29911	4905
29912	4906
29913	4906
29914	4907
29915	4907
29916	4908
29917	4908
29918	4909
29919	4909
29920	4910
29921	4910
29922	4911
29923	4911
29924	4912
29925	4912
29926	4913
29927	4913
29928	4914
29929	4914
29930	4915
29931	4915
29932	4916
29933	4916
29934	4917
29935	4917
29936	4918
29937	4918
29938	4919
29939	4919
29940	4920
29941	4920
29942	4921
29943	4921
29944	4922
29945	4922
29946	4923
29947	4923
29948	4924
29949	4924
29950	4925
29951	4925
29952	4926
29953	4926
29954	4927
29955	4927
29956	4928
29957	4928
29958	4929
29959	4929
29960	4930
29961	4930
29962	4931
29963	4931
29964	4932
29965	4932
29966	4933
29967	4933
29968	4934
29969	4934
29970	4935
29971	4935
29972	4936
29973	4936
29974	4937
29975	4937
29976	4938
29977	4938
29978	4939
29979	4939
29980	4940
29981	4940
29982	4941
29983	4941
29984	4942
29985	4942
29986	4943
29987	4943
29988	4944
29989	4944
29990	4945
29991	4945
29992	4946
29993	4946
29994	4947
29995	4947
29996	4948
29997	4948
29998	4949
29999	4949
30000	5050
30001	5050
30002	5051
30003	5051
30004	5052
30005	5052
30006	5053
30007	5053
30008	5054
30009	5054
30010	5055
30011	5055
30012	5056
30013	5056
30014	5057
30015	5057
30016	5058
30017	5058
30018	5059
30019	5059
30020	5060
30021	5060
30022	5061
30023	5061
30024	5062
30025	5062
30026	5063
30027	5063
30028	5064
30029	5064
30030	5065
30031	5065
30032	5066
30033	5066
30034	5067
30035	5067
30036	5068
30037	5068
30038	5069
30039	5069
30040	5070
30041	5070
30042	5071
30043	5071
30044	5072
30045	5072
30046	5073
30047	5073
30048	5074
30049	5074
30050	5075
30051	5075
30052	5076
30053	5076
30054	5077
30055	5077
30056	5078
30057	5078
30058	5079
30059	5079
30060	5080
30061	5080
30062	5081
30063	5081
30064	5082
30065	5082
30066	5083
30067	5083
30068	5084
30069	5084
30070	5085
30071	5085
30072	5086
30073	5086
30074	5087
30075	5087
30076	5088
30077	5088
30078	5089
30079	5089
30080	5090
30081	5090
30082	5091
30083	5091
30084	5092
30085	5092
30086	5093
30087	5093
30088	5094
30089	5094
30090	5095
30091	5095
30092	5096
30093	5096
30094	5097
30095	5097
30096	5098
30097	5098
30098	5099
30099	5099
30100	5100
30101	5100
30102	5101
30103	5101
30104	5102
30105	5102
30106	5103
30107	5103
30108	5104
30109	5104
30110	5105
30111	5105
30112	5106
30113	5106
30114	5107
30115	5107
30116	5108
30117	5108
30118	5109
30119	5109
30120	5110
30121	5110
30122	5111
30123	5111
30124	5112
30125	5112
30126	5113
30127	5113
30128	5114
30129	5114
30130	5115
30131	5115
30132	5116
30133	5116
30134	5117
30135	5117
30136	5118
30137	5118
30138	5119
30139	5119
30140	5120
30141	5120
30142	5121
30143	5121
30144	5122
30145	5122
30146	5123
30147	5123
30148	5124
30149	5124
30150	5125
30151	5125
30152	5126
30153	5126
30154	5127
30155	5127
30156	5128
30157	5128
30158	5129
30159	5129
30160	5130
30161	5130
30162	5131
30163	5131
30164	5132
30165	5132
30166	5133
30167	5133
30168	5134
30169	5134
30170	5135
30171	5135
30172	5136
30173	5136
30174	5137
30175	5137
30176	5138
30177	5138
30178	5139
30179	5139
30180	5140
30181	5140
30182	5141
30183	5141
30184	5142
30185	5142
30186	5143
30187	5143
30188	5144
30189	5144
30190	5145
30191	5145
30192	5146
30193	5146
30194	5147
30195	5147
30196	5148
30197	5148
30198	5149
30199	5149
30200	5050
30201	5050
30202	5051
30203	5051
30204	5052
30205	5052
30206	5053
30207	5053
30208	5054
30209	5054
30210	5055
30211	5055
30212	5056
30213	5056
30214	5057
30215	5057
30216	5058
30217	5058
30218	5059
30219	5059
30220	5060
30221	5060
30222	5061
30223	5061
30224	5062
30225	5062
30226	5063
30227	5063
30228	5064
30229	5064
30230	5065
30231	5065
30232	5066
30233	5066
30234	5067
30235	5067
30236	5068
30237	5068
30238	5069
30239	5069
30240	5070
30241	5070
30242	5071
30243	5071
30244	5072
30245	5072
30246	5073
30247	5073
30248	5074
30249	5074
30250	5075
30251	5075
30252	5076
30253	5076
30254	5077
30255	5077
30256	5078
30257	5078
30258	5079
30259	5079
30260	5080
30261	5080
30262	5081
30263	5081
30264	5082
30265	5082
30266	5083
30267	5083
30268	5084
30269	5084
30270	5085
30271	5085
30272	5086
30273	5086
30274	5087
30275	5087
30276	5088
30277	5088
30278	5089
30279	5089
30280	5090
30281	5090
30282	5091
30283	5091
30284	5092
30285	5092
30286	5093
30287	5093
30288	5094
30289	5094
30290	5095
30291	5095
30292	5096
30293	5096
30294	5097
30295	5097
30296	5098
30297	5098
30298	5099
30299	5099
30300	5100
30301	5100
30302	5101
30303	5101
30304	5102
30305	5102
30306	5103
30307	5103
30308	5104
30309	5104
30310	5105
30311	5105
30312	5106
30313	5106
30314	5107
30315	5107
30316	5108
30317	5108
30318	5109
30319	5109
30320	5110
30321	5110
30322	5111
30323	5111
30324	5112
30325	5112
30326	5113
30327	5113
30328	5114
30329	5114
30330	5115
30331	5115
30332	5116
30333	5116
30334	5117
30335	5117
30336	5118
30337	5118
30338	5119
30339	5119
30340	5120
30341	5120
30342	5121
30343	5121
30344	5122
30345	5122
30346	5123
30347	5123
30348	5124
30349	5124
30350	5125
30351	5125
30352	5126
30353	5126
30354	5127
30355	5127
30356	5128
30357	5128
30358	5129
30359	5129
30360	5130
30361	5130
30362	5131
30363	5131
30364	5132
30365	5132
30366	5133
30367	5133
30368	5134
30369	5134
30370	5135
30371	5135
30372	5136
30373	5136
30374	5137
30375	5137
30376	5138
30377	5138
30378	5139
30379	5139
30380	5140
30381	5140
30382	5141
30383	5141
30384	5142
30385	5142
30386	5143
30387	5143
30388	5144
30389	5144
30390	5145
30391	5145
30392	5146
30393	5146
30394	5147
30395	5147
30396	5148
30397	5148
30398	5149
30399	5149
30400	5250
30401	5250
30402	5251
30403	5251
30404	5252
30405	5252
30406	5253
30407	5253
30408	5254
30409	5254
30410	5255
30411	5255
30412	5256
30413	5256
30414	5257
30415	5257
30416	5258
30417	5258
30418	5259
30419	5259
30420	5260
30421	5260
30422	5261
30423	5261
30424	5262
30425	5262
30426	5263
30427	5263
30428	5264
30429	5264
30430	5265
30431	5265
30432	5266
30433	5266
30434	5267
30435	5267
30436	5268
30437	5268
30438	5269
30439	5269
30440	5270
30441	5270
30442	5271
30443	5271
30444	5272
30445	5272
30446	5273
30447	5273
30448	5274
30449	5274
30450	5275
30451	5275
30452	5276
30453	5276
30454	5277
30455	5277
30456	5278
30457	5278
30458	5279
30459	5279
30460	5280
30461	5280
30462	5281
30463	5281
30464	5282
30465	5282
30466	5283
30467	5283
30468	5284
30469	5284
30470	5285
30471	5285
30472	5286
30473	5286
30474	5287
30475	5287
30476	5288
30477	5288
30478	5289
30479	5289
30480	5290
30481	5290
30482	5291
30483	5291
30484	5292
30485	5292
30486	5293
30487	5293
30488	5294
30489	5294
30490	5295
30491	5295
30492	5296
30493	5296
30494	5297
30495	5297
30496	5298
30497	5298
30498	5299
30499	5299
30500	5300
30501	5300
30502	5301
30503	5301
30504	5302
30505	5302
30506	5303
30507	5303
30508	5304
30509	5304
30510	5305
30511	5305
30512	5306
30513	5306
30514	5307
30515	5307
30516	5308
30517	5308
30518	5309
30519	5309
30520	5310
30521	5310
30522	5311
30523	5311
30524	5312
30525	5312
30526	5313
30527	5313
30528	5314
30529	5314
30530	5315
30531	5315
30532	5316
30533	5316
30534	5317
30535	5317
30536	5318
30537	5318
30538	5319
30539	5319
30540	5320
30541	5320
30542	5321
30543	5321
30544	5322
30545	5322
30546	5323
30547	5323
30548	5324
30549	5324
30550	5325
30551	5325
30552	5326
30553	5326
30554	5327
30555	5327
30556	5328
30557	5328
30558	5329
30559	5329
30560	5330
30561	5330
30562	5331
30563	5331
30564	5332
30565	5332
30566	5333
30567	5333
30568	5334
30569	5334
30570	5335
30571	5335
30572	5336
30573	5336
30574	5337
30575	5337
30576	5338
30577	5338
30578	5339
30579	5339
30580	5340
30581	5340
30582	5341
30583	5341
30584	5342
30585	5342
30586	5343
30587	5343
30588	5344
30589	5344
30590	5345
30591	5345
30592	5346
30593	5346
30594	5347
30595	5347
30596	5348
30597	5348
30598	5349
30599	5349
30600	5250
30601	5250
30602	5251
30603	5251
30604	5252
30605	5252
30606	5253
30607	5253
30608	5254
30609	5254
30610	5255
30611	5255
30612	5256
30613	5256
30614	5257
30615	5257
30616	5258
30617	5258
30618	5259
30619	5259
30620	5260
30621	5260
30622	5261
30623	5261
30624	5262
30625	5262
30626	5263
30627	5263
30628	5264
30629	5264
30630	5265
30631	5265
30632	5266
30633	5266
30634	5267
30635	5267
30636	5268
30637	5268
30638	5269
30639	5269
30640	5270
30641	5270
30642	5271
30643	5271
30644	5272
30645	5272
30646	5273
30647	5273
30648	5274
30649	5274
30650	5275
30651	5275
30652	5276
30653	5276
30654	5277
30655	5277
30656	5278
30657	5278
30658	5279
30659	5279
30660	5280
30661	5280
30662	5281
30663	5281
30664	5282
30665	5282
30666	5283
30667	5283
30668	5284
30669	5284
30670	5285
30671	5285
30672	5286
30673	5286
30674	5287
30675	5287
30676	5288
30677	5288
30678	5289
30679	5289
30680	5290
30681	5290
30682	5291
30683	5291
30684	5292
30685	5292
30686	5293
30687	5293
30688	5294
30689	5294
30690	5295
30691	5295
30692	5296
30693	5296
30694	5297
30695	5297
30696	5298
30697	5298
30698	5299
30699	5299
30700	5300
30701	5300
30702	5301
30703	5301
30704	5302
30705	5302
30706	5303
30707	5303
30708	5304
30709	5304
30710	5305
30711	5305
30712	5306
30713	5306
30714	5307
30715	5307
30716	5308
30717	5308
30718	5309
30719	5309
30720	5310
30721	5310
30722	5311
30723	5311
30724	5312
30725	5312
30726	5313
30727	5313
30728	5314
30729	5314
30730	5315
30731	5315
30732	5316
30733	5316
30734	5317
30735	5317
30736	5318
30737	5318
30738	5319
30739	5319
30740	5320
30741	5320
30742	5321
30743	5321
30744	5322
30745	5322
30746	5323
30747	5323
30748	5324
30749	5324
30750	5325
30751	5325
30752	5326
30753	5326
30754	5327
30755	5327
30756	5328
30757	5328
30758	5329
30759	5329
30760	5330
30761	5330
30762	5331
30763	5331
30764	5332
30765	5332
30766	5333
30767	5333
30768	5334
30769	5334
30770	5335
30771	5335
30772	5336
30773	5336
30774	5337
30775	5337
30776	5338
30777	5338
30778	5339
30779	5339
30780	5340
30781	5340
30782	5341
30783	5341
30784	5342
30785	5342
30786	5343
30787	5343
30788	5344
30789	5344
30790	5345
30791	5345
30792	5346
30793	5346
30794	5347
30795	5347
30796	5348
30797	5348
30798	5349
30799	5349
30800	5450
30801	5450
30802	5451
30803	5451
30804	5452
30805	5452
30806	5453
30807	5453
30808	5454
30809	5454
30810	5455
30811	5455
30812	5456
30813	5456
30814	5457
30815	5457
30816	5458
30817	5458
30818	5459
30819	5459
30820	5460
30821	5460
30822	5461
30823	5461
30824	5462
30825	5462
30826	5463
30827	5463
30828	5464
30829	5464
30830	5465
30831	5465
30832	5466
30833	5466
30834	5467
30835	5467
30836	5468
30837	5468
30838	5469
30839	5469
30840	5470
30841	5470
30842	5471
30843	5471
30844	5472
30845	5472
30846	5473
30847	5473
30848	5474
30849	5474
30850	5475
30851	5475
30852	5476
30853	5476
30854	5477
30855	5477
30856	5478
30857	5478
30858	5479
30859	5479
30860	5480
30861	5480
30862	5481
30863	5481
30864	5482
30865	5482
30866	5483
30867	5483
30868	5484
30869	5484
30870	5485
30871	5485
30872	5486
30873	5486
30874	5487
30875	5487
30876	5488
30877	5488
30878	5489
30879	5489
30880	5490
30881	5490
30882	5491
30883	5491
30884	5492
30885	5492
30886	5493
30887	5493
30888	5494
30889	5494
30890	5495
30891	5495
30892	5496
30893	5496
30894	5497
30895	5497
30896	5498
30897	5498
30898	5499
30899	5499
30900	5500
30901	5500
30902	5501
30903	5501
30904	5502
30905	5502
30906	5503
30907	5503
30908	5504
30909	5504
30910	5505
30911	5505
30912	5506
30913	5506
30914	5507
30915	5507
30916	5508
30917	5508
30918	5509
30919	5509
30920	5510
30921	5510
30922	5511
30923	5511
30924	5512
30925	5512
30926	5513
30927	5513
30928	5514
30929	5514
30930	5515
30931	5515
30932	5516
30933	5516
30934	5517
30935	5517
30936	5518
30937	5518
30938	5519
30939	5519
30940	5520
30941	5520
30942	5521
30943	5521
30944	5522
30945	5522
30946	5523
30947	5523
30948	5524
30949	5524
30950	5525
30951	5525
30952	5526
30953	5526
30954	5527
30955	5527
30956	5528
30957	5528
30958	5529
30959	5529
30960	5530
30961	5530
30962	5531
30963	5531
30964	5532
30965	5532
30966	5533
30967	5533
30968	5534
30969	5534
30970	5535
30971	5535
30972	5536
30973	5536
30974	5537
30975	5537
30976	5538
30977	5538
30978	5539
30979	5539
30980	5540
30981	5540
30982	5541
30983	5541
30984	5542
30985	5542
30986	5543
30987	5543
30988	5544
30989	5544
30990	5545
30991	5545
30992	5546
30993	5546
30994	5547
30995	5547
30996	5548
30997	5548
30998	5549
30999	5549
31000	5450
31001	5450
31002	5451
31003	5451
31004	5452
31005	5452
31006	5453
31007	5453
31008	5454
31009	5454
31010	5455
31011	5455
31012	5456
31013	5456
31014	5457
31015	5457
31016	5458
31017	5458
31018	5459
31019	5459
31020	5460
31021	5460
31022	5461
31023	5461
31024	5462
31025	5462
31026	5463
31027	5463
31028	5464
31029	5464
31030	5465
31031	5465
31032	5466
31033	5466
31034	5467
31035	5467
31036	5468
31037	5468
31038	5469
31039	5469
31040	5470
31041	5470
31042	5471
31043	5471
31044	5472
31045	5472
31046	5473
31047	5473
31048	5474
31049	5474
31050	5475
31051	5475
31052	5476
31053	5476
31054	5477
31055	5477
31056	5478
31057	5478
31058	5479
31059	5479
31060	5480
31061	5480
31062	5481
31063	5481
31064	5482
31065	5482
31066	5483
31067	5483
31068	5484
31069	5484
31070	5485
31071	5485
31072	5486
31073	5486
31074	5487
31075	5487
31076	5488
31077	5488
31078	5489
31079	5489
31080	5490
31081	5490
31082	5491
31083	5491
31084	5492
31085	5492
31086	5493
31087	5493
31088	5494
31089	5494
31090	5495
31091	5495
31092	5496
31093	5496
31094	5497
31095	5497
31096	5498
31097	5498
31098	5499
31099	5499
31100	5500
31101	5500
31102	5501
31103	5501
31104	5502
31105	5502
31106	5503
31107	5503
31108	5504
31109	5504
31110	5505
31111	5505
31112	5506
31113	5506
31114	5507
31115	5507
31116	5508
31117	5508
31118	5509
31119	5509
31120	5510
31121	5510
31122	5511
31123	5511
31124	5512
31125	5512
31126	5513
31127	5513
31128	5514
31129	5514
31130	5515
31131	5515
31132	5516
31133	5516
31134	5517
31135	5517
31136	5518
31137	5518
31138	5519
31139	5519
31140	5520
31141	5520
31142	5521
31143	5521
31144	5522
31145	5522
31146	5523
31147	5523
31148	5524
31149	5524
31150	5525
31151	5525
31152	5526
31153	5526
31154	5527
31155	5527
31156	5528
31157	5528
31158	5529
31159	5529
31160	5530
31161	5530
31162	5531
31163	5531
31164	5532
31165	5532
31166	5533
31167	5533
31168	5534
31169	5534
31170	5535
31171	5535
31172	5536
31173	5536
31174	5537
31175	5537
31176	5538
31177	5538
31178	5539
31179	5539
31180	5540
31181	5540
31182	5541
31183	5541
31184	5542
31185	5542
31186	5543
31187	5543
31188	5544
31189	5544
31190	5545
31191	5545
31192	5546
31193	5546
31194	5547
31195	5547
31196	5548
31197	5548
31198	5549
31199	5549
31200	5650
31201	5650
31202	5651
31203	5651
31204	5652
31205	5652
31206	5653
31207	5653
31208	5654
31209	5654
31210	5655
31211	5655
31212	5656
31213	5656
31214	5657
31215	5657
31216	5658
31217	5658
31218	5659
31219	5659
31220	5660
31221	5660
31222	5661
31223	5661
31224	5662
31225	5662
31226	5663
31227	5663
31228	5664
31229	5664
31230	5665
31231	5665
31232	5666
31233	5666
31234	5667
31235	5667
31236	5668
31237	5668
31238	5669
31239	5669
31240	5670
31241	5670
31242	5671
31243	5671
31244	5672
31245	5672
31246	5673
31247	5673
31248	5674
31249	5674
31250	5675
31251	5675
31252	5676
31253	5676
31254	5677
31255	5677
31256	5678
31257	5678
31258	5679
31259	5679
31260	5680
31261	5680
31262	5681
31263	5681
31264	5682
31265	5682
31266	5683
31267	5683
31268	5684
31269	5684
31270	5685
31271	5685
31272	5686
31273	5686
31274	5687
31275	5687
31276	5688
31277	5688
31278	5689
31279	5689
31280	5690
31281	5690
31282	5691
31283	5691
31284	5692
31285	5692
31286	5693
31287	5693
31288	5694
31289	5694
31290	5695
31291	5695
31292	5696
31293	5696
31294	5697
31295	5697
31296	5698
31297	5698
31298	5699
31299	5699
31300	5700
31301	5700
31302	5701
31303	5701
31304	5702
31305	5702
31306	5703
31307	5703
31308	5704
31309	5704
31310	5705
31311	5705
31312	5706
31313	5706
31314	5707
31315	5707
31316	5708
31317	5708
31318	5709
31319	5709
31320	5710
31321	5710
31322	5711
31323	5711
31324	5712
31325	5712
31326	5713
31327	5713
31328	5714
31329	5714
31330	5715
31331	5715
31332	5716
31333	5716
31334	5717
31335	5717
31336	5718
31337	5718
31338	5719
31339	5719
31340	5720
31341	5720
31342	5721
31343	5721
31344	5722
31345	5722
31346	5723
31347	5723
31348	5724
31349	5724
31350	5725
31351	5725
31352	5726
31353	5726
31354	5727
31355	5727
31356	5728
31357	5728
31358	5729
31359	5729
31360	5730
31361	5730
31362	5731
31363	5731
31364	5732
31365	5732
31366	5733
31367	5733
31368	5734
31369	5734
31370	5735
31371	5735
31372	5736
31373	5736
31374	5737
31375	5737
31376	5738
31377	5738
31378	5739
31379	5739
31380	5740
31381	5740
31382	5741
31383	5741
31384	5742
31385	5742
31386	5743
31387	5743
31388	5744
31389	5744
31390	5745
31391	5745
31392	5746
31393	5746
31394	5747
31395	5747
31396	5748
31397	5748
31398	5749
31399	5749
31400	5650
31401	5650
31402	5651
31403	5651
31404	5652
31405	5652
31406	5653
31407	5653
31408	5654
31409	5654
31410	5655
31411	5655
31412	5656
31413	5656
31414	5657
31415	5657
31416	5658
31417	5658
31418	5659
31419	5659
31420	5660
31421	5660
31422	5661
31423	5661
31424	5662
31425	5662
31426	5663
31427	5663
31428	5664
31429	5664
31430	5665
31431	5665
31432	5666
31433	5666
31434	5667
31435	5667
31436	5668
31437	5668
31438	5669
31439	5669
31440	5670
31441	5670
31442	5671
31443	5671
31444	5672
31445	5672
31446	5673
31447	5673
31448	5674
31449	5674
31450	5675
31451	5675
31452	5676
31453	5676
31454	5677
31455	5677
31456	5678
31457	5678
31458	5679
31459	5679
31460	5680
31461	5680
31462	5681
31463	5681
31464	5682
31465	5682
31466	5683
31467	5683
31468	5684
31469	5684
31470	5685
31471	5685
31472	5686
31473	5686
31474	5687
31475	5687
31476	5688
31477	5688
31478	5689
31479	5689
31480	5690
31481	5690
31482	5691
31483	5691
31484	5692
31485	5692
31486	5693
31487	5693
31488	5694
31489	5694
31490	5695
31491	5695
31492	5696
31493	5696
31494	5697
31495	5697
31496	5698
31497	5698
31498	5699
31499	5699
31500	5700
31501	5700
31502	5701
31503	5701
31504	5702
31505	5702
31506	5703
31507	5703
31508	5704
31509	5704
31510	5705
31511	5705
31512	5706
31513	5706
31514	5707
31515	5707
31516	5708
31517	5708
31518	5709
31519	5709
31520	5710
31521	5710
31522	5711
31523	5711
31524	5712
31525	5712
31526	5713
31527	5713
31528	5714
31529	5714
31530	5715
31531	5715
31532	5716
31533	5716
31534	5717
31535	5717
31536	5718
31537	5718
31538	5719
31539	5719
31540	5720
31541	5720
31542	5721
31543	5721
31544	5722
31545	5722
31546	5723
31547	5723
31548	5724
31549	5724
31550	5725
31551	5725
31552	5726
31553	5726
31554	5727
31555	5727
31556	5728
31557	5728
31558	5729
31559	5729
31560	5730
31561	5730
31562	5731
31563	5731
31564	5732
31565	5732
31566	5733
31567	5733
31568	5734
31569	5734
31570	5735
31571	5735
31572	5736
31573	5736
31574	5737
31575	5737
31576	5738
31577	5738
31578	5739
31579	5739
31580	5740
31581	5740
31582	5741
31583	5741
31584	5742
31585	5742
31586	5743
31587	5743
31588	5744
31589	5744
31590	5745
31591	5745
31592	5746
31593	5746
31594	5747
31595	5747
31596	5748
31597	5748
31598	5749
31599	5749
31600	5850
31601	5850
31602	5851
31603	5851
31604	5852
31605	5852
31606	5853
31607	5853
31608	5854
31609	5854
31610	5855
31611	5855
31612	5856
31613	5856
31614	5857
31615	5857
31616	5858
31617	5858
31618	5859
31619	5859
31620	5860
31621	5860
31622	5861
31623	5861
31624	5862
31625	5862
31626	5863
31627	5863
31628	5864
31629	5864
31630	5865
31631	5865
31632	5866
31633	5866
31634	5867
31635	5867
31636	5868
31637	5868
31638	5869
31639	5869
31640	5870
31641	5870
31642	5871
31643	5871
31644	5872
31645	5872
31646	5873
31647	5873
31648	5874
31649	5874
31650	5875
31651	5875
31652	5876
31653	5876
31654	5877
31655	5877
31656	5878
31657	5878
31658	5879
31659	5879
31660	5880
31661	5880
31662	5881
31663	5881
31664	5882
31665	5882
31666	5883
31667	5883
31668	5884
31669	5884
31670	5885
31671	5885
31672	5886
31673	5886
31674	5887
31675	5887
31676	5888
31677	5888
31678	5889
31679	5889
31680	5890
31681	5890
31682	5891
31683	5891
31684	5892
31685	5892
31686	5893
31687	5893
31688	5894
31689	5894
31690	5895
31691	5895
31692	5896
31693	5896
31694	5897
31695	5897
31696	5898
31697	5898
31698	5899
31699	5899
31700	5900
31701	5900
31702	5901
31703	5901
31704	5902
31705	5902
31706	5903
31707	5903
31708	5904
31709	5904
31710	5905
31711	5905
31712	5906
31713	5906
31714	5907
31715	5907
31716	5908
31717	5908
31718	5909
31719	5909
31720	5910
31721	5910
31722	5911
31723	5911
31724	5912
31725	5912
31726	5913
31727	5913
31728	5914
31729	5914
31730	5915
31731	5915
31732	5916
31733	5916
31734	5917
31735	5917
31736	5918
31737	5918
31738	5919
31739	5919
31740	5920
31741	5920
31742	5921
31743	5921
31744	5922
31745	5922
31746	5923
31747	5923
31748	5924
31749	5924
31750	5925
31751	5925
31752	5926
31753	5926
31754	5927
31755	5927
31756	5928
31757	5928
31758	5929
31759	5929
31760	5930
31761	5930
31762	5931
31763	5931
31764	5932
31765	5932
31766	5933
31767	5933
31768	5934
31769	5934
31770	5935
31771	5935
31772	5936
31773	5936
31774	5937
31775	5937
31776	5938
31777	5938
31778	5939
31779	5939
31780	5940
31781	5940
31782	5941
31783	5941
31784	5942
31785	5942
31786	5943
31787	5943
31788	5944
31789	5944
31790	5945
31791	5945
31792	5946
31793	5946
31794	5947
31795	5947
31796	5948
31797	5948
31798	5949
31799	5949
31800	5850
31801	5850
31802	5851
31803	5851
31804	5852
31805	5852
31806	5853
31807	5853
31808	5854
31809	5854
31810	5855
31811	5855
31812	5856
31813	5856
31814	5857
31815	5857
31816	5858
31817	5858
31818	5859
31819	5859
31820	5860
31821	5860
31822	5861
31823	5861
31824	5862
31825	5862
31826	5863
31827	5863
31828	5864
31829	5864
31830	5865
31831	5865
31832	5866
31833	5866
31834	5867
31835	5867
31836	5868
31837	5868
31838	5869
31839	5869
31840	5870
31841	5870
31842	5871
31843	5871
31844	5872
31845	5872
31846	5873
31847	5873
31848	5874
31849	5874
31850	5875
31851	5875
31852	5876
31853	5876
31854	5877
31855	5877
31856	5878
31857	5878
31858	5879
31859	5879
31860	5880
31861	5880
31862	5881
31863	5881
31864	5882
31865	5882
31866	5883
31867	5883
31868	5884
31869	5884
31870	5885
31871	5885
31872	5886
31873	5886
31874	5887
31875	5887
31876	5888
31877	5888
31878	5889
31879	5889
31880	5890
31881	5890
31882	5891
31883	5891
31884	5892
31885	5892
31886	5893
31887	5893
31888	5894
31889	5894
31890	5895
31891	5895
31892	5896
31893	5896
31894	5897
31895	5897
31896	5898
31897	5898
31898	5899
31899	5899
31900	5900
31901	5900
31902	5901
31903	5901
31904	5902
31905	5902
31906	5903
31907	5903
31908	5904
31909	5904
31910	5905
31911	5905
31912	5906
31913	5906
31914	5907
31915	5907
31916	5908
31917	5908
31918	5909
31919	5909
31920	5910
31921	5910
31922	5911
31923	5911
31924	5912
31925	5912
31926	5913
31927	5913
31928	5914
31929	5914
31930	5915
31931	5915
31932	5916
31933	5916
31934	5917
31935	5917
31936	5918
31937	5918
31938	5919
31939	5919
31940	5920
31941	5920
31942	5921
31943	5921
31944	5922
31945	5922
31946	5923
31947	5923
31948	5924
31949	5924
31950	5925
31951	5925
31952	5926
31953	5926
31954	5927
31955	5927
31956	5928
31957	5928
31958	5929
31959	5929
31960	5930
31961	5930
31962	5931
31963	5931
31964	5932
31965	5932
31966	5933
31967	5933
31968	5934
31969	5934
31970	5935
31971	5935
31972	5936
31973	5936
31974	5937
31975	5937
31976	5938
31977	5938
31978	5939
31979	5939
31980	5940
31981	5940
31982	5941
31983	5941
31984	5942
31985	5942
31986	5943
31987	5943
31988	5944
31989	5944
31990	5945
31991	5945
31992	5946
31993	5946
31994	5947
31995	5947
31996	5948
31997	5948
31998	5949
31999	5949
32000	6050
32001	6050
32002	6051
32003	6051
32004	6052
32005	6052
32006	6053
32007	6053
32008	6054
32009	6054
32010	6055
32011	6055
32012	6056
32013	6056
32014	6057
32015	6057
32016	6058
32017	6058
32018	6059
32019	6059
32020	6060
32021	6060
32022	6061
32023	6061
32024	6062
32025	6062
32026	6063
32027	6063
32028	6064
32029	6064
32030	6065
32031	6065
32032	6066
32033	6066
32034	6067
32035	6067
32036	6068
32037	6068
32038	6069
32039	6069
32040	6070
32041	6070
32042	6071
32043	6071
32044	6072
32045	6072
32046	6073
32047	6073
32048	6074
32049	6074
32050	6075
32051	6075
32052	6076
32053	6076
32054	6077
32055	6077
32056	6078
32057	6078
32058	6079
32059	6079
32060	6080
32061	6080
32062	6081
32063	6081
32064	6082
32065	6082
32066	6083
32067	6083
32068	6084
32069	6084
32070	6085
32071	6085
32072	6086
32073	6086
32074	6087
32075	6087
32076	6088
32077	6088
32078	6089
32079	6089
32080	6090
32081	6090
32082	6091
32083	6091
32084	6092
32085	6092
32086	6093
32087	6093
32088	6094
32089	6094
32090	6095
32091	6095
32092	6096
32093	6096
32094	6097
32095	6097
32096	6098
32097	6098
32098	6099
32099	6099
32100	6100
32101	6100
32102	6101
32103	6101
32104	6102
32105	6102
32106	6103
32107	6103
32108	6104
32109	6104
32110	6105
32111	6105
32112	6106
32113	6106
32114	6107
32115	6107
32116	6108
32117	6108
32118	6109
32119	6109
32120	6110
32121	6110
32122	6111
32123	6111
32124	6112
32125	6112
32126	6113
32127	6113
32128	6114
32129	6114
32130	6115
32131	6115
32132	6116
32133	6116
32134	6117
32135	6117
32136	6118
32137	6118
32138	6119
32139	6119
32140	6120
32141	6120
32142	6121
32143	6121
32144	6122
32145	6122
32146	6123
32147	6123
32148	6124
32149	6124
32150	6125
32151	6125
32152	6126
32153	6126
32154	6127
32155	6127
32156	6128
32157	6128
32158	6129
32159	6129
32160	6130
32161	6130
32162	6131
32163	6131
32164	6132
32165	6132
32166	6133
32167	6133
32168	6134
32169	6134
32170	6135
32171	6135
32172	6136
32173	6136
32174	6137
32175	6137
32176	6138
32177	6138
32178	6139
32179	6139
32180	6140
32181	6140
32182	6141
32183	6141
32184	6142
32185	6142
32186	6143
32187	6143
32188	6144
32189	6144
32190	6145
32191	6145
32192	6146
32193	6146
32194	6147
32195	6147
32196	6148
32197	6148
32198	6149
32199	6149
32200	6050
32201	6050
32202	6051
32203	6051
32204	6052
32205	6052
32206	6053
32207	6053
32208	6054
32209	6054
32210	6055
32211	6055
32212	6056
32213	6056
32214	6057
32215	6057
32216	6058
32217	6058
32218	6059
32219	6059
32220	6060
32221	6060
32222	6061
32223	6061
32224	6062
32225	6062
32226	6063
32227	6063
32228	6064
32229	6064
32230	6065
32231	6065
32232	6066
32233	6066
32234	6067
32235	6067
32236	6068
32237	6068
32238	6069
32239	6069
32240	6070
32241	6070
32242	6071
32243	6071
32244	6072
32245	6072
32246	6073
32247	6073
32248	6074
32249	6074
32250	6075
32251	6075
32252	6076
32253	6076
32254	6077
32255	6077
32256	6078
32257	6078
32258	6079
32259	6079
32260	6080
32261	6080
32262	6081
32263	6081
32264	6082
32265	6082
32266	6083
32267	6083
32268	6084
32269	6084
32270	6085
32271	6085
32272	6086
32273	6086
32274	6087
32275	6087
32276	6088
32277	6088
32278	6089
32279	6089
32280	6090
32281	6090
32282	6091
32283	6091
32284	6092
32285	6092
32286	6093
32287	6093
32288	6094
32289	6094
32290	6095
32291	6095
32292	6096
32293	6096
32294	6097
32295	6097
32296	6098
32297	6098
32298	6099
32299	6099
32300	6100
32301	6100
32302	6101
32303	6101
32304	6102
32305	6102
32306	6103
32307	6103
32308	6104
32309	6104
32310	6105
32311	6105
32312	6106
32313	6106
32314	6107
32315	6107
32316	6108
32317	6108
32318	6109
32319	6109
32320	6110
32321	6110
32322	6111
32323	6111
32324	6112
32325	6112
32326	6113
32327	6113
32328	6114
32329	6114
32330	6115
32331	6115
32332	6116
32333	6116
32334	6117
32335	6117
32336	6118
32337	6118
32338	6119
32339	6119
32340	6120
32341	6120
32342	6121
32343	6121
32344	6122
32345	6122
32346	6123
32347	6123
32348	6124
32349	6124
32350	6125
32351	6125
32352	6126
32353	6126
32354	6127
32355	6127
32356	6128
32357	6128
32358	6129
32359	6129
32360	6130
32361	6130
32362	6131
32363	6131
32364	6132
32365	6132
32366	6133
32367	6133
32368	6134
32369	6134
32370	6135
32371	6135
32372	6136
32373	6136
32374	6137
32375	6137
32376	6138
32377	6138
32378	6139
32379	6139
32380	6140
32381	6140
32382	6141
32383	6141
32384	6142
32385	6142
32386	6143
32387	6143
32388	6144
32389	6144
32390	6145
32391	6145
32392	6146
32393	6146
32394	6147
32395	6147
32396	6148
32397	6148
32398	6149
32399	6149
32400	6250
32401	6250
32402	6251
32403	6251
32404	6252
32405	6252
32406	6253
32407	6253
32408	6254
32409	6254
32410	6255
32411	6255
32412	6256
32413	6256
32414	6257
32415	6257
32416	6258
32417	6258
32418	6259
32419	6259
32420	6260
32421	6260
32422	6261
32423	6261
32424	6262
32425	6262
32426	6263
32427	6263
32428	6264
32429	6264
32430	6265
32431	6265
32432	6266
32433	6266
32434	6267
32435	6267
32436	6268
32437	6268
32438	6269
32439	6269
32440	6270
32441	6270
32442	6271
32443	6271
32444	6272
32445	6272
32446	6273
32447	6273
32448	6274
32449	6274
32450	6275
32451	6275
32452	6276
32453	6276
32454	6277
32455	6277
32456	6278
32457	6278
32458	6279
32459	6279
32460	6280
32461	6280
32462	6281
32463	6281
32464	6282
32465	6282
32466	6283
32467	6283
32468	6284
32469	6284
32470	6285
32471	6285
32472	6286
32473	6286
32474	6287
32475	6287
32476	6288
32477	6288
32478	6289
32479	6289
32480	6290
32481	6290
32482	6291
32483	6291
32484	6292
32485	6292
32486	6293
32487	6293
32488	6294
32489	6294
32490	6295
32491	6295
32492	6296
32493	6296
32494	6297
32495	6297
32496	6298
32497	6298
32498	6299
32499	6299
32500	6300
32501	6300
32502	6301
32503	6301
32504	6302
32505	6302
32506	6303
32507	6303
32508	6304
32509	6304
32510	6305
32511	6305
32512	6306
32513	6306
32514	6307
32515	6307
32516	6308
32517	6308
32518	6309
32519	6309
32520	6310
32521	6310
32522	6311
32523	6311
32524	6312
32525	6312
32526	6313
32527	6313
32528	6314
32529	6314
32530	6315
32531	6315
32532	6316
32533	6316
32534	6317
32535	6317
32536	6318
32537	6318
32538	6319
32539	6319
32540	6320
32541	6320
32542	6321
32543	6321
32544	6322
32545	6322
32546	6323
32547	6323
32548	6324
32549	6324
32550	6325
32551	6325
32552	6326
32553	6326
32554	6327
32555	6327
32556	6328
32557	6328
32558	6329
32559	6329
32560	6330
32561	6330
32562	6331
32563	6331
32564	6332
32565	6332
32566	6333
32567	6333
32568	6334
32569	6334
32570	6335
32571	6335
32572	6336
32573	6336
32574	6337
32575	6337
32576	6338
32577	6338
32578	6339
32579	6339
32580	6340
32581	6340
32582	6341
32583	6341
32584	6342
32585	6342
32586	6343
32587	6343
32588	6344
32589	6344
32590	6345
32591	6345
32592	6346
32593	6346
32594	6347
32595	6347
32596	6348
32597	6348
32598	6349
32599	6349
32600	6250
32601	6250
32602	6251
32603	6251
32604	6252
32605	6252
32606	6253
32607	6253
32608	6254
32609	6254
32610	6255
32611	6255
32612	6256
32613	6256
32614	6257
32615	6257
32616	6258
32617	6258
32618	6259
32619	6259
32620	6260
32621	6260
32622	6261
32623	6261
32624	6262
32625	6262
32626	6263
32627	6263
32628	6264
32629	6264
32630	6265
32631	6265
32632	6266
32633	6266
32634	6267
32635	6267
32636	6268
32637	6268
32638	6269
32639	6269
32640	6270
32641	6270
32642	6271
32643	6271
32644	6272
32645	6272
32646	6273
32647	6273
32648	6274
32649	6274
32650	6275
32651	6275
32652	6276
32653	6276
32654	6277
32655	6277
32656	6278
32657	6278
32658	6279
32659	6279
32660	6280
32661	6280
32662	6281
32663	6281
32664	6282
32665	6282
32666	6283
32667	6283
32668	6284
32669	6284
32670	6285
32671	6285
32672	6286
32673	6286
32674	6287
32675	6287
32676	6288
32677	6288
32678	6289
32679	6289
32680	6290
32681	6290
32682	6291
32683	6291
32684	6292
32685	6292
32686	6293
32687	6293
32688	6294
32689	6294
32690	6295
32691	6295
32692	6296
32693	6296
32694	6297
32695	6297
32696	6298
32697	6298
32698	6299
32699	6299
32700	6300
32701	6300
32702	6301
32703	6301
32704	6302
32705	6302
32706	6303
32707	6303
32708	6304
32709	6304
32710	6305
32711	6305
32712	6306
32713	6306
32714	6307
32715	6307
32716	6308
32717	6308
32718	6309
32719	6309
32720	6310
32721	6310
32722	6311
32723	6311
32724	6312
32725	6312
32726	6313
32727	6313
32728	6314
32729	6314
32730	6315
32731	6315
32732	6316
32733	6316
32734	6317
32735	6317
32736	6318
32737	6318
32738	6319
32739	6319
32740	6320
32741	6320
32742	6321
32743	6321
32744	6322
32745	6322
32746	6323
32747	6323
32748	6324
32749	6324
32750	6325
32751	6325
32752	6326
32753	6326
32754	6327
32755	6327
32756	6328
32757	6328
32758	6329
32759	6329
32760	6330
32761	6330
32762	6331
32763	6331
32764	6332
32765	6332
32766	6333
32767	6333
32768	6334
32769	6334
32770	6335
32771	6335
32772	6336
32773	6336
32774	6337
32775	6337
32776	6338
32777	6338
32778	6339
32779	6339
32780	6340
32781	6340
32782	6341
32783	6341
32784	6342
32785	6342
32786	6343
32787	6343
32788	6344
32789	6344
32790	6345
32791	6345
32792	6346
32793	6346
32794	6347
32795	6347
32796	6348
32797	6348
32798	6349
32799	6349
32800	6450
32801	6450
32802	6451
32803	6451
32804	6452
32805	6452
32806	6453
32807	6453
32808	6454
32809	6454
32810	6455
32811	6455
32812	6456
32813	6456
32814	6457
32815	6457
32816	6458
32817	6458
32818	6459
32819	6459
32820	6460
32821	6460
32822	6461
32823	6461
32824	6462
32825	6462
32826	6463
32827	6463
32828	6464
32829	6464
32830	6465
32831	6465
32832	6466
32833	6466
32834	6467
32835	6467
32836	6468
32837	6468
32838	6469
32839	6469
32840	6470
32841	6470
32842	6471
32843	6471
32844	6472
32845	6472
32846	6473
32847	6473
32848	6474
32849	6474
32850	6475
32851	6475
32852	6476
32853	6476
32854	6477
32855	6477
32856	6478
32857	6478
32858	6479
32859	6479
32860	6480
32861	6480
32862	6481
32863	6481
32864	6482
32865	6482
32866	6483
32867	6483
32868	6484
32869	6484
32870	6485
32871	6485
32872	6486
32873	6486
32874	6487
32875	6487
32876	6488
32877	6488
32878	6489
32879	6489
32880	6490
32881	6490
32882	6491
32883	6491
32884	6492
32885	6492
32886	6493
32887	6493
32888	6494
32889	6494
32890	6495
32891	6495
32892	6496
32893	6496
32894	6497
32895	6497
32896	6498
32897	6498
32898	6499
32899	6499
32900	6500
32901	6500
32902	6501
32903	6501
32904	6502
32905	6502
32906	6503
32907	6503
32908	6504
32909	6504
32910	6505
32911	6505
32912	6506
32913	6506
32914	6507
32915	6507
32916	6508
32917	6508
32918	6509
32919	6509
32920	6510
32921	6510
32922	6511
32923	6511
32924	6512
32925	6512
32926	6513
32927	6513
32928	6514
32929	6514
32930	6515
32931	6515
32932	6516
32933	6516
32934	6517
32935	6517
32936	6518
32937	6518
32938	6519
32939	6519
32940	6520
32941	6520
32942	6521
32943	6521
32944	6522
32945	6522
32946	6523
32947	6523
32948	6524
32949	6524
32950	6525
32951	6525
32952	6526
32953	6526
32954	6527
32955	6527
32956	6528
32957	6528
32958	6529
32959	6529
32960	6530
32961	6530
32962	6531
32963	6531
32964	6532
32965	6532
32966	6533
32967	6533
32968	6534
32969	6534
32970	6535
32971	6535
32972	6536
32973	6536
32974	6537
32975	6537
32976	6538
32977	6538
32978	6539
32979	6539
32980	6540
32981	6540
32982	6541
32983	6541
32984	6542
32985	6542
32986	6543
32987	6543
32988	6544
32989	6544
32990	6545
32991	6545
32992	6546
32993	6546
32994	6547
32995	6547
32996	6548
32997	6548
32998	6549
32999	6549
33000	6450
33001	6450
33002	6451
33003	6451
33004	6452
33005	6452
33006	6453
33007	6453
33008	6454
33009	6454
33010	6455
33011	6455
33012	6456
33013	6456
33014	6457
33015	6457
33016	6458
33017	6458
33018	6459
33019	6459
33020	6460
33021	6460
33022	6461
33023	6461
33024	6462
33025	6462
33026	6463
33027	6463
33028	6464
33029	6464
33030	6465
33031	6465
33032	6466
33033	6466
33034	6467
33035	6467
33036	6468
33037	6468
33038	6469
33039	6469
33040	6470
33041	6470
33042	6471
33043	6471
33044	6472
33045	6472
33046	6473
33047	6473
33048	6474
33049	6474
33050	6475
33051	6475
33052	6476
33053	6476
33054	6477
33055	6477
33056	6478
33057	6478
33058	6479
33059	6479
33060	6480
33061	6480
33062	6481
33063	6481
33064	6482
33065	6482
33066	6483
33067	6483
33068	6484
33069	6484
33070	6485
33071	6485
33072	6486
33073	6486
33074	6487
33075	6487
33076	6488
33077	6488
33078	6489
33079	6489
33080	6490
33081	6490
33082	6491
33083	6491
33084	6492
33085	6492
33086	6493
33087	6493
33088	6494
33089	6494
33090	6495
33091	6495
33092	6496
33093	6496
33094	6497
33095	6497
33096	6498
33097	6498
33098	6499
33099	6499
33100	6500
33101	6500
33102	6501
33103	6501
33104	6502
33105	6502
33106	6503
33107	6503
33108	6504
33109	6504
33110	6505
33111	6505
33112	6506
33113	6506
33114	6507
33115	6507
33116	6508
33117	6508
33118	6509
33119	6509
33120	6510
33121	6510
33122	6511
33123	6511
33124	6512
33125	6512
33126	6513
33127	6513
33128	6514
33129	6514
33130	6515
33131	6515
33132	6516
33133	6516
33134	6517
33135	6517
33136	6518
33137	6518
33138	6519
33139	6519
33140	6520
33141	6520
33142	6521
33143	6521
33144	6522
33145	6522
33146	6523
33147	6523
33148	6524
33149	6524
33150	6525
33151	6525
33152	6526
33153	6526
33154	6527
33155	6527
33156	6528
33157	6528
33158	6529
33159	6529
33160	6530
33161	6530
33162	6531
33163	6531
33164	6532
33165	6532
33166	6533
33167	6533
33168	6534
33169	6534
33170	6535
33171	6535
33172	6536
33173	6536
33174	6537
33175	6537
33176	6538
33177	6538
33178	6539
33179	6539
33180	6540
33181	6540
33182	6541
33183	6541
33184	6542
33185	6542
33186	6543
33187	6543
33188	6544
33189	6544
33190	6545
33191	6545
33192	6546
33193	6546
33194	6547
33195	6547
33196	6548
33197	6548
33198	6549
33199	6549
33200	6650
33201	6650
33202	6651
33203	6651
33204	6652
33205	6652
33206	6653
33207	6653
33208	6654
33209	6654
33210	6655
33211	6655
33212	6656
33213	6656
33214	6657
33215	6657
33216	6658
33217	6658
33218	6659
33219	6659
33220	6660
33221	6660
33222	6661
33223	6661
33224	6662
33225	6662
33226	6663
33227	6663
33228	6664
33229	6664
33230	6665
33231	6665
33232	6666
33233	6666
33234	6667
33235	6667
33236	6668
33237	6668
33238	6669
33239	6669
33240	6670
33241	6670
33242	6671
33243	6671
33244	6672
33245	6672
33246	6673
33247	6673
33248	6674
33249	6674
33250	6675
33251	6675
33252	6676
33253	6676
33254	6677
33255	6677
33256	6678
33257	6678
33258	6679
33259	6679
33260	6680
33261	6680
33262	6681
33263	6681
33264	6682
33265	6682
33266	6683
33267	6683
33268	6684
33269	6684
33270	6685
33271	6685
33272	6686
33273	6686
33274	6687
33275	6687
33276	6688
33277	6688
33278	6689
33279	6689
33280	6690
33281	6690
33282	6691
33283	6691
33284	6692
33285	6692
33286	6693
33287	6693
33288	6694
33289	6694
33290	6695
33291	6695
33292	6696
33293	6696
33294	6697
33295	6697
33296	6698
33297	6698
33298	6699
33299	6699
33300	6700
33301	6700
33302	6701
33303	6701
33304	6702
33305	6702
33306	6703
33307	6703
33308	6704
33309	6704
33310	6705
33311	6705
33312	6706
33313	6706
33314	6707
33315	6707
33316	6708
33317	6708
33318	6709
33319	6709
33320	6710
33321	6710
33322	6711
33323	6711
33324	6712
33325	6712
33326	6713
33327	6713
33328	6714
33329	6714
33330	6715
33331	6715
33332	6716
33333	6716
33334	6717
33335	6717
33336	6718
33337	6718
33338	6719
33339	6719
33340	6720
33341	6720
33342	6721
33343	6721
33344	6722
33345	6722
33346	6723
33347	6723
33348	6724
33349	6724
33350	6725
33351	6725
33352	6726
33353	6726
33354	6727
33355	6727
33356	6728
33357	6728
33358	6729
33359	6729
33360	6730
33361	6730
33362	6731
33363	6731
33364	6732
33365	6732
33366	6733
33367	6733
33368	6734
33369	6734
33370	6735
33371	6735
33372	6736
33373	6736
33374	6737
33375	6737
33376	6738
33377	6738
33378	6739
33379	6739
33380	6740
33381	6740
33382	6741
33383	6741
33384	6742
33385	6742
33386	6743
33387	6743
33388	6744
33389	6744
33390	6745
33391	6745
33392	6746
33393	6746
33394	6747
33395	6747
33396	6748
33397	6748
33398	6749
33399	6749
33400	6650
33401	6650
33402	6651
33403	6651
33404	6652
33405	6652
33406	6653
33407	6653
33408	6654
33409	6654
33410	6655
33411	6655
33412	6656
33413	6656
33414	6657
33415	6657
33416	6658
33417	6658
33418	6659
33419	6659
33420	6660
33421	6660
33422	6661
33423	6661
33424	6662
33425	6662
33426	6663
33427	6663
33428	6664
33429	6664
33430	6665
33431	6665
33432	6666
33433	6666
33434	6667
33435	6667
33436	6668
33437	6668
33438	6669
33439	6669
33440	6670
33441	6670
33442	6671
33443	6671
33444	6672
33445	6672
33446	6673
33447	6673
33448	6674
33449	6674
33450	6675
33451	6675
33452	6676
33453	6676
33454	6677
33455	6677
33456	6678
33457	6678
33458	6679
33459	6679
33460	6680
33461	6680
33462	6681
33463	6681
33464	6682
33465	6682
33466	6683
33467	6683
33468	6684
33469	6684
33470	6685
33471	6685
33472	6686
33473	6686
33474	6687
33475	6687
33476	6688
33477	6688
33478	6689
33479	6689
33480	6690
33481	6690
33482	6691
33483	6691
33484	6692
33485	6692
33486	6693
33487	6693
33488	6694
33489	6694
33490	6695
33491	6695
33492	6696
33493	6696
33494	6697
33495	6697
33496	6698
33497	6698
33498	6699
33499	6699
33500	6700
33501	6700
33502	6701
33503	6701
33504	6702
33505	6702
33506	6703
33507	6703
33508	6704
33509	6704
33510	6705
33511	6705
33512	6706
33513	6706
33514	6707
33515	6707
33516	6708
33517	6708
33518	6709
33519	6709
33520	6710
33521	6710
33522	6711
33523	6711
33524	6712
33525	6712
33526	6713
33527	6713
33528	6714
33529	6714
33530	6715
33531	6715
33532	6716
33533	6716
33534	6717
33535	6717
33536	6718
33537	6718
33538	6719
33539	6719
33540	6720
33541	6720
33542	6721
33543	6721
33544	6722
33545	6722
33546	6723
33547	6723
33548	6724
33549	6724
33550	6725
33551	6725
33552	6726
33553	6726
33554	6727
33555	6727
33556	6728
33557	6728
33558	6729
33559	6729
33560	6730
33561	6730
33562	6731
33563	6731
33564	6732
33565	6732
33566	6733
33567	6733
33568	6734
33569	6734
33570	6735
33571	6735
33572	6736
33573	6736
33574	6737
33575	6737
33576	6738
33577	6738
33578	6739
33579	6739
33580	6740
33581	6740
33582	6741
33583	6741
33584	6742
33585	6742
33586	6743
33587	6743
33588	6744
33589	6744
33590	6745
33591	6745
33592	6746
33593	6746
33594	6747
33595	6747
33596	6748
33597	6748
33598	6749
33599	6749
33600	6850
33601	6850
33602	6851
33603	6851
33604	6852
33605	6852
33606	6853
33607	6853
33608	6854
33609	6854
33610	6855
33611	6855
33612	6856
33613	6856
33614	6857
33615	6857
33616	6858
33617	6858
33618	6859
33619	6859
33620	6860
33621	6860
33622	6861
33623	6861
33624	6862
33625	6862
33626	6863
33627	6863
33628	6864
33629	6864
33630	6865
33631	6865
33632	6866
33633	6866
33634	6867
33635	6867
33636	6868
33637	6868
33638	6869
33639	6869
33640	6870
33641	6870
33642	6871
33643	6871
33644	6872
33645	6872
33646	6873
33647	6873
33648	6874
33649	6874
33650	6875
33651	6875
33652	6876
33653	6876
33654	6877
33655	6877
33656	6878
33657	6878
33658	6879
33659	6879
33660	6880
33661	6880
33662	6881
33663	6881
33664	6882
33665	6882
33666	6883
33667	6883
33668	6884
33669	6884
33670	6885
33671	6885
33672	6886
33673	6886
33674	6887
33675	6887
33676	6888
33677	6888
33678	6889
33679	6889
33680	6890
33681	6890
33682	6891
33683	6891
33684	6892
33685	6892
33686	6893
33687	6893
33688	6894
33689	6894
33690	6895
33691	6895
33692	6896
33693	6896
33694	6897
33695	6897
33696	6898
33697	6898
33698	6899
33699	6899
33700	6900
33701	6900
33702	6901
33703	6901
33704	6902
33705	6902
33706	6903
33707	6903
33708	6904
33709	6904
33710	6905
33711	6905
33712	6906
33713	6906
33714	6907
33715	6907
33716	6908
33717	6908
33718	6909
33719	6909
33720	6910
33721	6910
33722	6911
33723	6911
33724	6912
33725	6912
33726	6913
33727	6913
33728	6914
33729	6914
33730	6915
33731	6915
33732	6916
33733	6916
33734	6917
33735	6917
33736	6918
33737	6918
33738	6919
33739	6919
33740	6920
33741	6920
33742	6921
33743	6921
33744	6922
33745	6922
33746	6923
33747	6923
33748	6924
33749	6924
33750	6925
33751	6925
33752	6926
33753	6926
33754	6927
33755	6927
33756	6928
33757	6928
33758	6929
33759	6929
33760	6930
33761	6930
33762	6931
33763	6931
33764	6932
33765	6932
33766	6933
33767	6933
33768	6934
33769	6934
33770	6935
33771	6935
33772	6936
33773	6936
33774	6937
33775	6937
33776	6938
33777	6938
33778	6939
33779	6939
33780	6940
33781	6940
33782	6941
33783	6941
33784	6942
33785	6942
33786	6943
33787	6943
33788	6944
33789	6944
33790	6945
33791	6945
33792	6946
33793	6946
33794	6947
33795	6947
33796	6948
33797	6948
33798	6949
33799	6949
33800	6850
33801	6850
33802	6851
33803	6851
33804	6852
33805	6852
33806	6853
33807	6853
33808	6854
33809	6854
33810	6855
33811	6855
33812	6856
33813	6856
33814	6857
33815	6857
33816	6858
33817	6858
33818	6859
33819	6859
33820	6860
33821	6860
33822	6861
33823	6861
33824	6862
33825	6862
33826	6863
33827	6863
33828	6864
33829	6864
33830	6865
33831	6865
33832	6866
33833	6866
33834	6867
33835	6867
33836	6868
33837	6868
33838	6869
33839	6869
33840	6870
33841	6870
33842	6871
33843	6871
33844	6872
33845	6872
33846	6873
33847	6873
33848	6874
33849	6874
33850	6875
33851	6875
33852	6876
33853	6876
33854	6877
33855	6877
33856	6878
33857	6878
33858	6879
33859	6879
33860	6880
33861	6880
33862	6881
33863	6881
33864	6882
33865	6882
33866	6883
33867	6883
33868	6884
33869	6884
33870	6885
33871	6885
33872	6886
33873	6886
33874	6887
33875	6887
33876	6888
33877	6888
33878	6889
33879	6889
33880	6890
33881	6890
33882	6891
33883	6891
33884	6892
33885	6892
33886	6893
33887	6893
33888	6894
33889	6894
33890	6895
33891	6895
33892	6896
33893	6896
33894	6897
33895	6897
33896	6898
33897	6898
33898	6899
33899	6899
33900	6900
33901	6900
33902	6901
33903	6901
33904	6902
33905	6902
33906	6903
33907	6903
33908	6904
33909	6904
33910	6905
33911	6905
33912	6906
33913	6906
33914	6907
33915	6907
33916	6908
33917	6908
33918	6909
33919	6909
33920	6910
33921	6910
33922	6911
33923	6911
33924	6912
33925	6912
33926	6913
33927	6913
33928	6914
33929	6914
33930	6915
33931	6915
33932	6916
33933	6916
33934	6917
33935	6917
33936	6918
33937	6918
33938	6919
33939	6919
33940	6920
33941	6920
33942	6921
33943	6921
33944	6922
33945	6922
33946	6923
33947	6923
33948	6924
33949	6924
33950	6925
33951	6925
33952	6926
33953	6926
33954	6927
33955	6927
33956	6928
33957	6928
33958	6929
33959	6929
33960	6930
33961	6930
33962	6931
33963	6931
33964	6932
33965	6932
33966	6933
33967	6933
33968	6934
33969	6934
33970	6935
33971	6935
33972	6936
33973	6936
33974	6937
33975	6937
33976	6938
33977	6938
33978	6939
33979	6939
33980	6940
33981	6940
33982	6941
33983	6941
33984	6942
33985	6942
33986	6943
33987	6943
33988	6944
33989	6944
33990	6945
33991	6945
33992	6946
33993	6946
33994	6947
33995	6947
33996	6948
33997	6948
33998	6949
33999	6949
34000	7050
34001	7050
34002	7051
34003	7051
34004	7052
34005	7052
34006	7053
34007	7053
34008	7054
34009	7054
34010	7055
34011	7055
34012	7056
34013	7056
34014	7057
34015	7057
34016	7058
34017	7058
34018	7059
34019	7059
34020	7060
34021	7060
34022	7061
34023	7061
34024	7062
34025	7062
34026	7063
34027	7063
34028	7064
34029	7064
34030	7065
34031	7065
34032	7066
34033	7066
34034	7067
34035	7067
34036	7068
34037	7068
34038	7069
34039	7069
34040	7070
34041	7070
34042	7071
34043	7071
34044	7072
34045	7072
34046	7073
34047	7073
34048	7074
34049	7074
34050	7075
34051	7075
34052	7076
34053	7076
34054	7077
34055	7077
34056	7078
34057	7078
34058	7079
34059	7079
34060	7080
34061	7080
34062	7081
34063	7081
34064	7082
34065	7082
34066	7083
34067	7083
34068	7084
34069	7084
34070	7085
34071	7085
34072	7086
34073	7086
34074	7087
34075	7087
34076	7088
34077	7088
34078	7089
34079	7089
34080	7090
34081	7090
34082	7091
34083	7091
34084	7092
34085	7092
34086	7093
34087	7093
34088	7094
34089	7094
34090	7095
34091	7095
34092	7096
34093	7096
34094	7097
34095	7097
34096	7098
34097	7098
34098	7099
34099	7099
34100	7100
34101	7100
34102	7101
34103	7101
34104	7102
34105	7102
34106	7103
34107	7103
34108	7104
34109	7104
34110	7105
34111	7105
34112	7106
34113	7106
34114	7107
34115	7107
34116	7108
34117	7108
34118	7109
34119	7109
34120	7110
34121	7110
34122	7111
34123	7111
34124	7112
34125	7112
34126	7113
34127	7113
34128	7114
34129	7114
34130	7115
34131	7115
34132	7116
34133	7116
34134	7117
34135	7117
34136	7118
34137	7118
34138	7119
34139	7119
34140	7120
34141	7120
34142	7121
34143	7121
34144	7122
34145	7122
34146	7123
34147	7123
34148	7124
34149	7124
34150	7125
34151	7125
34152	7126
34153	7126
34154	7127
34155	7127
34156	7128
34157	7128
34158	7129
34159	7129
34160	7130
34161	7130
34162	7131
34163	7131
34164	7132
34165	7132
34166	7133
34167	7133
34168	7134
34169	7134
34170	7135
34171	7135
34172	7136
34173	7136
34174	7137
34175	7137
34176	7138
34177	7138
34178	7139
34179	7139
34180	7140
34181	7140
34182	7141
34183	7141
34184	7142
34185	7142
34186	7143
34187	7143
34188	7144
34189	7144
34190	7145
34191	7145
34192	7146
34193	7146
34194	7147
34195	7147
34196	7148
34197	7148
34198	7149
34199	7149
34200	7050
34201	7050
34202	7051
34203	7051
34204	7052
34205	7052
34206	7053
34207	7053
34208	7054
34209	7054
34210	7055
34211	7055
34212	7056
34213	7056
34214	7057
34215	7057
34216	7058
34217	7058
34218	7059
34219	7059
34220	7060
34221	7060
34222	7061
34223	7061
34224	7062
34225	7062
34226	7063
34227	7063
34228	7064
34229	7064
34230	7065
34231	7065
34232	7066
34233	7066
34234	7067
34235	7067
34236	7068
34237	7068
34238	7069
34239	7069
34240	7070
34241	7070
34242	7071
34243	7071
34244	7072
34245	7072
34246	7073
34247	7073
34248	7074
34249	7074
34250	7075
34251	7075
34252	7076
34253	7076
34254	7077
34255	7077
34256	7078
34257	7078
34258	7079
34259	7079
34260	7080
34261	7080
34262	7081
34263	7081
34264	7082
34265	7082
34266	7083
34267	7083
34268	7084
34269	7084
34270	7085
34271	7085
34272	7086
34273	7086
34274	7087
34275	7087
34276	7088
34277	7088
34278	7089
34279	7089
34280	7090
34281	7090
34282	7091
34283	7091
34284	7092
34285	7092
34286	7093
34287	7093
34288	7094
34289	7094
34290	7095
34291	7095
34292	7096
34293	7096
34294	7097
34295	7097
34296	7098
34297	7098
34298	7099
34299	7099
34300	7100
34301	7100
34302	7101
34303	7101
34304	7102
34305	7102
34306	7103
34307	7103
34308	7104
34309	7104
34310	7105
34311	7105
34312	7106
34313	7106
34314	7107
34315	7107
34316	7108
34317	7108
34318	7109
34319	7109
34320	7110
34321	7110
34322	7111
34323	7111
34324	7112
34325	7112
34326	7113
34327	7113
34328	7114
34329	7114
34330	7115
34331	7115
34332	7116
34333	7116
34334	7117
34335	7117
34336	7118
34337	7118
34338	7119
34339	7119
34340	7120
34341	7120
34342	7121
34343	7121
34344	7122
34345	7122
34346	7123
34347	7123
34348	7124
34349	7124
34350	7125
34351	7125
34352	7126
34353	7126
34354	7127
34355	7127
34356	7128
34357	7128
34358	7129
34359	7129
34360	7130
34361	7130
34362	7131
34363	7131
34364	7132
34365	7132
34366	7133
34367	7133
34368	7134
34369	7134
34370	7135
34371	7135
34372	7136
34373	7136
34374	7137
34375	7137
34376	7138
34377	7138
34378	7139
34379	7139
34380	7140
34381	7140
34382	7141
34383	7141
34384	7142
34385	7142
34386	7143
34387	7143
34388	7144
34389	7144
34390	7145
34391	7145
34392	7146
34393	7146
34394	7147
34395	7147
34396	7148
34397	7148
34398	7149
34399	7149
34400	7250
34401	7250
34402	7251
34403	7251
34404	7252
34405	7252
34406	7253
34407	7253
34408	7254
34409	7254
34410	7255
34411	7255
34412	7256
34413	7256
34414	7257
34415	7257
34416	7258
34417	7258
34418	7259
34419	7259
34420	7260
34421	7260
34422	7261
34423	7261
34424	7262
34425	7262
34426	7263
34427	7263
34428	7264
34429	7264
34430	7265
34431	7265
34432	7266
34433	7266
34434	7267
34435	7267
34436	7268
34437	7268
34438	7269
34439	7269
34440	7270
34441	7270
34442	7271
34443	7271
34444	7272
34445	7272
34446	7273
34447	7273
34448	7274
34449	7274
34450	7275
34451	7275
34452	7276
34453	7276
34454	7277
34455	7277
34456	7278
34457	7278
34458	7279
34459	7279
34460	7280
34461	7280
34462	7281
34463	7281
34464	7282
34465	7282
34466	7283
34467	7283
34468	7284
34469	7284
34470	7285
34471	7285
34472	7286
34473	7286
34474	7287
34475	7287
34476	7288
34477	7288
34478	7289
34479	7289
34480	7290
34481	7290
34482	7291
34483	7291
34484	7292
34485	7292
34486	7293
34487	7293
34488	7294
34489	7294
34490	7295
34491	7295
34492	7296
34493	7296
34494	7297
34495	7297
34496	7298
34497	7298
34498	7299
34499	7299
34500	7300
34501	7300
34502	7301
34503	7301
34504	7302
34505	7302
34506	7303
34507	7303
34508	7304
34509	7304
34510	7305
34511	7305
34512	7306
34513	7306
34514	7307
34515	7307
34516	7308
34517	7308
34518	7309
34519	7309
34520	7310
34521	7310
34522	7311
34523	7311
34524	7312
34525	7312
34526	7313
34527	7313
34528	7314
34529	7314
34530	7315
34531	7315
34532	7316
34533	7316
34534	7317
34535	7317
34536	7318
34537	7318
34538	7319
34539	7319
34540	7320
34541	7320
34542	7321
34543	7321
34544	7322
34545	7322
34546	7323
34547	7323
34548	7324
34549	7324
34550	7325
34551	7325
34552	7326
34553	7326
34554	7327
34555	7327
34556	7328
34557	7328
34558	7329
34559	7329
34560	7330
34561	7330
34562	7331
34563	7331
34564	7332
34565	7332
34566	7333
34567	7333
34568	7334
34569	7334
34570	7335
34571	7335
34572	7336
34573	7336
34574	7337
34575	7337
34576	7338
34577	7338
34578	7339
34579	7339
34580	7340
34581	7340
34582	7341
34583	7341
34584	7342
34585	7342
34586	7343
34587	7343
34588	7344
34589	7344
34590	7345
34591	7345
34592	7346
34593	7346
34594	7347
34595	7347
34596	7348
34597	7348
34598	7349
34599	7349
34600	7250
34601	7250
34602	7251
34603	7251
34604	7252
34605	7252
34606	7253
34607	7253
34608	7254
34609	7254
34610	7255
34611	7255
34612	7256
34613	7256
34614	7257
34615	7257
34616	7258
34617	7258
34618	7259
34619	7259
34620	7260
34621	7260
34622	7261
34623	7261
34624	7262
34625	7262
34626	7263
34627	7263
34628	7264
34629	7264
34630	7265
34631	7265
34632	7266
34633	7266
34634	7267
34635	7267
34636	7268
34637	7268
34638	7269
34639	7269
34640	7270
34641	7270
34642	7271
34643	7271
34644	7272
34645	7272
34646	7273
34647	7273
34648	7274
34649	7274
34650	7275
34651	7275
34652	7276
34653	7276
34654	7277
34655	7277
34656	7278
34657	7278
34658	7279
34659	7279
34660	7280
34661	7280
34662	7281
34663	7281
34664	7282
34665	7282
34666	7283
34667	7283
34668	7284
34669	7284
34670	7285
34671	7285
34672	7286
34673	7286
34674	7287
34675	7287
34676	7288
34677	7288
34678	7289
34679	7289
34680	7290
34681	7290
34682	7291
34683	7291
34684	7292
34685	7292
34686	7293
34687	7293
34688	7294
34689	7294
34690	7295
34691	7295
34692	7296
34693	7296
34694	7297
34695	7297
34696	7298
34697	7298
34698	7299
34699	7299
34700	7300
34701	7300
34702	7301
34703	7301
34704	7302
34705	7302
34706	7303
34707	7303
34708	7304
34709	7304
34710	7305
34711	7305
34712	7306
34713	7306
34714	7307
34715	7307
34716	7308
34717	7308
34718	7309
34719	7309
34720	7310
34721	7310
34722	7311
34723	7311
34724	7312
34725	7312
34726	7313
34727	7313
34728	7314
34729	7314
34730	7315
34731	7315
34732	7316
34733	7316
34734	7317
34735	7317
34736	7318
34737	7318
34738	7319
34739	7319
34740	7320
34741	7320
34742	7321
34743	7321
34744	7322
34745	7322
34746	7323
34747	7323
34748	7324
34749	7324
34750	7325
34751	7325
34752	7326
34753	7326
34754	7327
34755	7327
34756	7328
34757	7328
34758	7329
34759	7329
34760	7330
34761	7330
34762	7331
34763	7331
34764	7332
34765	7332
34766	7333
34767	7333
34768	7334
34769	7334
34770	7335
34771	7335
34772	7336
34773	7336
34774	7337
34775	7337
34776	7338
34777	7338
34778	7339
34779	7339
34780	7340
34781	7340
34782	7341
34783	7341
34784	7342
34785	7342
34786	7343
34787	7343
34788	7344
34789	7344
34790	7345
34791	7345
34792	7346
34793	7346
34794	7347
34795	7347
34796	7348
34797	7348
34798	7349
34799	7349
34800	7450
34801	7450
34802	7451
34803	7451
34804	7452
34805	7452
34806	7453
34807	7453
34808	7454
34809	7454
34810	7455
34811	7455
34812	7456
34813	7456
34814	7457
34815	7457
34816	7458
34817	7458
34818	7459
34819	7459
34820	7460
34821	7460
34822	7461
34823	7461
34824	7462
34825	7462
34826	7463
34827	7463
34828	7464
34829	7464
34830	7465
34831	7465
34832	7466
34833	7466
34834	7467
34835	7467
34836	7468
34837	7468
34838	7469
34839	7469
34840	7470
34841	7470
34842	7471
34843	7471
34844	7472
34845	7472
34846	7473
34847	7473
34848	7474
34849	7474
34850	7475
34851	7475
34852	7476
34853	7476
34854	7477
34855	7477
34856	7478
34857	7478
34858	7479
34859	7479
34860	7480
34861	7480
34862	7481
34863	7481
34864	7482
34865	7482
34866	7483
34867	7483
34868	7484
34869	7484
34870	7485
34871	7485
34872	7486
34873	7486
34874	7487
34875	7487
34876	7488
34877	7488
34878	7489
34879	7489
34880	7490
34881	7490
34882	7491
34883	7491
34884	7492
34885	7492
34886	7493
34887	7493
34888	7494
34889	7494
34890	7495
34891	7495
34892	7496
34893	7496
34894	7497
34895	7497
34896	7498
34897	7498
34898	7499
34899	7499
34900	7500
34901	7500
34902	7501
34903	7501
34904	7502
34905	7502
34906	7503
34907	7503
34908	7504
34909	7504
34910	7505
34911	7505
34912	7506
34913	7506
34914	7507
34915	7507
34916	7508
34917	7508
34918	7509
34919	7509
34920	7510
34921	7510
34922	7511
34923	7511
34924	7512
34925	7512
34926	7513
34927	7513
34928	7514
34929	7514
34930	7515
34931	7515
34932	7516
34933	7516
34934	7517
34935	7517
34936	7518
34937	7518
34938	7519
34939	7519
34940	7520
34941	7520
34942	7521
34943	7521
34944	7522
34945	7522
34946	7523
34947	7523
34948	7524
34949	7524
34950	7525
34951	7525
34952	7526
34953	7526
34954	7527
34955	7527
34956	7528
34957	7528
34958	7529
34959	7529
34960	7530
34961	7530
34962	7531
34963	7531
34964	7532
34965	7532
34966	7533
34967	7533
34968	7534
34969	7534
34970	7535
34971	7535
34972	7536
34973	7536
34974	7537
34975	7537
34976	7538
34977	7538
34978	7539
34979	7539
34980	7540
34981	7540
34982	7541
34983	7541
34984	7542
34985	7542
34986	7543
34987	7543
34988	7544
34989	7544
34990	7545
34991	7545
34992	7546
34993	7546
34994	7547
34995	7547
34996	7548
34997	7548
34998	7549
34999	7549
35000	7450
35001	7450
35002	7451
35003	7451
35004	7452
35005	7452
35006	7453
35007	7453
35008	7454
35009	7454
35010	7455
35011	7455
35012	7456
35013	7456
35014	7457
35015	7457
35016	7458
35017	7458
35018	7459
35019	7459
35020	7460
35021	7460
35022	7461
35023	7461
35024	7462
35025	7462
35026	7463
35027	7463
35028	7464
35029	7464
35030	7465
35031	7465
35032	7466
35033	7466
35034	7467
35035	7467
35036	7468
35037	7468
35038	7469
35039	7469
35040	7470
35041	7470
35042	7471
35043	7471
35044	7472
35045	7472
35046	7473
35047	7473
35048	7474
35049	7474
35050	7475
35051	7475
35052	7476
35053	7476
35054	7477
35055	7477
35056	7478
35057	7478
35058	7479
35059	7479
35060	7480
35061	7480
35062	7481
35063	7481
35064	7482
35065	7482
35066	7483
35067	7483
35068	7484
35069	7484
35070	7485
35071	7485
35072	7486
35073	7486
35074	7487
35075	7487
35076	7488
35077	7488
35078	7489
35079	7489
35080	7490
35081	7490
35082	7491
35083	7491
35084	7492
35085	7492
35086	7493
35087	7493
35088	7494
35089	7494
35090	7495
35091	7495
35092	7496
35093	7496
35094	7497
35095	7497
35096	7498
35097	7498
35098	7499
35099	7499
35100	7500
35101	7500
35102	7501
35103	7501
35104	7502
35105	7502
35106	7503
35107	7503
35108	7504
35109	7504
35110	7505
35111	7505
35112	7506
35113	7506
35114	7507
35115	7507
35116	7508
35117	7508
35118	7509
35119	7509
35120	7510
35121	7510
35122	7511
35123	7511
35124	7512
35125	7512
35126	7513
35127	7513
35128	7514
35129	7514
35130	7515
35131	7515
35132	7516
35133	7516
35134	7517
35135	7517
35136	7518
35137	7518
35138	7519
35139	7519
35140	7520
35141	7520
35142	7521
35143	7521
35144	7522
35145	7522
35146	7523
35147	7523
35148	7524
35149	7524
35150	7525
35151	7525
35152	7526
35153	7526
35154	7527
35155	7527
35156	7528
35157	7528
35158	7529
35159	7529
35160	7530
35161	7530
35162	7531
35163	7531
35164	7532
35165	7532
35166	7533
35167	7533
35168	7534
35169	7534
35170	7535
35171	7535
35172	7536
35173	7536
35174	7537
35175	7537
35176	7538
35177	7538
35178	7539
35179	7539
35180	7540
35181	7540
35182	7541
35183	7541
35184	7542
35185	7542
35186	7543
35187	7543
35188	7544
35189	7544
35190	7545
35191	7545
35192	7546
35193	7546
35194	7547
35195	7547
35196	7548
35197	7548
35198	7549
35199	7549
35200	7650
35201	7650
35202	7651
35203	7651
35204	7652
35205	7652
35206	7653
35207	7653
35208	7654
35209	7654
35210	7655
35211	7655
35212	7656
35213	7656
35214	7657
35215	7657
35216	7658
35217	7658
35218	7659
35219	7659
35220	7660
35221	7660
35222	7661
35223	7661
35224	7662
35225	7662
35226	7663
35227	7663
35228	7664
35229	7664
35230	7665
35231	7665
35232	7666
35233	7666
35234	7667
35235	7667
35236	7668
35237	7668
35238	7669
35239	7669
35240	7670
35241	7670
35242	7671
35243	7671
35244	7672
35245	7672
35246	7673
35247	7673
35248	7674
35249	7674
35250	7675
35251	7675
35252	7676
35253	7676
35254	7677
35255	7677
35256	7678
35257	7678
35258	7679
35259	7679
35260	7680
35261	7680
35262	7681
35263	7681
35264	7682
35265	7682
35266	7683
35267	7683
35268	7684
35269	7684
35270	7685
35271	7685
35272	7686
35273	7686
35274	7687
35275	7687
35276	7688
35277	7688
35278	7689
35279	7689
35280	7690
35281	7690
35282	7691
35283	7691
35284	7692
35285	7692
35286	7693
35287	7693
35288	7694
35289	7694
35290	7695
35291	7695
35292	7696
35293	7696
35294	7697
35295	7697
35296	7698
35297	7698
35298	7699
35299	7699
35300	7700
35301	7700
35302	7701
35303	7701
35304	7702
35305	7702
35306	7703
35307	7703
35308	7704
35309	7704
35310	7705
35311	7705
35312	7706
35313	7706
35314	7707
35315	7707
35316	7708
35317	7708
35318	7709
35319	7709
35320	7710
35321	7710
35322	7711
35323	7711
35324	7712
35325	7712
35326	7713
35327	7713
35328	7714
35329	7714
35330	7715
35331	7715
35332	7716
35333	7716
35334	7717
35335	7717
35336	7718
35337	7718
35338	7719
35339	7719
35340	7720
35341	7720
35342	7721
35343	7721
35344	7722
35345	7722
35346	7723
35347	7723
35348	7724
35349	7724
35350	7725
35351	7725
35352	7726
35353	7726
35354	7727
35355	7727
35356	7728
35357	7728
35358	7729
35359	7729
35360	7730
35361	7730
35362	7731
35363	7731
35364	7732
35365	7732
35366	7733
35367	7733
35368	7734
35369	7734
35370	7735
35371	7735
35372	7736
35373	7736
35374	7737
35375	7737
35376	7738
35377	7738
35378	7739
35379	7739
35380	7740
35381	7740
35382	7741
35383	7741
35384	7742
35385	7742
35386	7743
35387	7743
35388	7744
35389	7744
35390	7745
35391	7745
35392	7746
35393	7746
35394	7747
35395	7747
35396	7748
35397	7748
35398	7749
35399	7749
35400	7650
35401	7650
35402	7651
35403	7651
35404	7652
35405	7652
35406	7653
35407	7653
35408	7654
35409	7654
35410	7655
35411	7655
35412	7656
35413	7656
35414	7657
35415	7657
35416	7658
35417	7658
35418	7659
35419	7659
35420	7660
35421	7660
35422	7661
35423	7661
35424	7662
35425	7662
35426	7663
35427	7663
35428	7664
35429	7664
35430	7665
35431	7665
35432	7666
35433	7666
35434	7667
35435	7667
35436	7668
35437	7668
35438	7669
35439	7669
35440	7670
35441	7670
35442	7671
35443	7671
35444	7672
35445	7672
35446	7673
35447	7673
35448	7674
35449	7674
35450	7675
35451	7675
35452	7676
35453	7676
35454	7677
35455	7677
35456	7678
35457	7678
35458	7679
35459	7679
35460	7680
35461	7680
35462	7681
35463	7681
35464	7682
35465	7682
35466	7683
35467	7683
35468	7684
35469	7684
35470	7685
35471	7685
35472	7686
35473	7686
35474	7687
35475	7687
35476	7688
35477	7688
35478	7689
35479	7689
35480	7690
35481	7690
35482	7691
35483	7691
35484	7692
35485	7692
35486	7693
35487	7693
35488	7694
35489	7694
35490	7695
35491	7695
35492	7696
35493	7696
35494	7697
35495	7697
35496	7698
35497	7698
35498	7699
35499	7699
35500	7700
35501	7700
35502	7701
35503	7701
35504	7702
35505	7702
35506	7703
35507	7703
35508	7704
35509	7704
35510	7705
35511	7705
35512	7706
35513	7706
35514	7707
35515	7707
35516	7708
35517	7708
35518	7709
35519	7709
35520	7710
35521	7710
35522	7711
35523	7711
35524	7712
35525	7712
35526	7713
35527	7713
35528	7714
35529	7714
35530	7715
35531	7715
35532	7716
35533	7716
35534	7717
35535	7717
35536	7718
35537	7718
35538	7719
35539	7719
35540	7720
35541	7720
35542	7721
35543	7721
35544	7722
35545	7722
35546	7723
35547	7723
35548	7724
35549	7724
35550	7725
35551	7725
35552	7726
35553	7726
35554	7727
35555	7727
35556	7728
35557	7728
35558	7729
35559	7729
35560	7730
35561	7730
35562	7731
35563	7731
35564	7732
35565	7732
35566	7733
35567	7733
35568	7734
35569	7734
35570	7735
35571	7735
35572	7736
35573	7736
35574	7737
35575	7737
35576	7738
35577	7738
35578	7739
35579	7739
35580	7740
35581	7740
35582	7741
35583	7741
35584	7742
35585	7742
35586	7743
35587	7743
35588	7744
35589	7744
35590	7745
35591	7745
35592	7746
35593	7746
35594	7747
35595	7747
35596	7748
35597	7748
35598	7749
35599	7749
35600	7850
35601	7850
35602	7851
35603	7851
35604	7852
35605	7852
35606	7853
35607	7853
35608	7854
35609	7854
35610	7855
35611	7855
35612	7856
35613	7856
35614	7857
35615	7857
35616	7858
35617	7858
35618	7859
35619	7859
35620	7860
35621	7860
35622	7861
35623	7861
35624	7862
35625	7862
35626	7863
35627	7863
35628	7864
35629	7864
35630	7865
35631	7865
35632	7866
35633	7866
35634	7867
35635	7867
35636	7868
35637	7868
35638	7869
35639	7869
35640	7870
35641	7870
35642	7871
35643	7871
35644	7872
35645	7872
35646	7873
35647	7873
35648	7874
35649	7874
35650	7875
35651	7875
35652	7876
35653	7876
35654	7877
35655	7877
35656	7878
35657	7878
35658	7879
35659	7879
35660	7880
35661	7880
35662	7881
35663	7881
35664	7882
35665	7882
35666	7883
35667	7883
35668	7884
35669	7884
35670	7885
35671	7885
35672	7886
35673	7886
35674	7887
35675	7887
35676	7888
35677	7888
35678	7889
35679	7889
35680	7890
35681	7890
35682	7891
35683	7891
35684	7892
35685	7892
35686	7893
35687	7893
35688	7894
35689	7894
35690	7895
35691	7895
35692	7896
35693	7896
35694	7897
35695	7897
35696	7898
35697	7898
35698	7899
35699	7899
35700	7900
35701	7900
35702	7901
35703	7901
35704	7902
35705	7902
35706	7903
35707	7903
35708	7904
35709	7904
35710	7905
35711	7905
35712	7906
35713	7906
35714	7907
35715	7907
35716	7908
35717	7908
35718	7909
35719	7909
35720	7910
35721	7910
35722	7911
35723	7911
35724	7912
35725	7912
35726	7913
35727	7913
35728	7914
35729	7914
35730	7915
35731	7915
35732	7916
35733	7916
35734	7917
35735	7917
35736	7918
35737	7918
35738	7919
35739	7919
35740	7920
35741	7920
35742	7921
35743	7921
35744	7922
35745	7922
35746	7923
35747	7923
35748	7924
35749	7924
35750	7925
35751	7925
35752	7926
35753	7926
35754	7927
35755	7927
35756	7928
35757	7928
35758	7929
35759	7929
35760	7930
35761	7930
35762	7931
35763	7931
35764	7932
35765	7932
35766	7933
35767	7933
35768	7934
35769	7934
35770	7935
35771	7935
35772	7936
35773	7936
35774	7937
35775	7937
35776	7938
35777	7938
35778	7939
35779	7939
35780	7940
35781	7940
35782	7941
35783	7941
35784	7942
35785	7942
35786	7943
35787	7943
35788	7944
35789	7944
35790	7945
35791	7945
35792	7946
35793	7946
35794	7947
35795	7947
35796	7948
35797	7948
35798	7949
35799	7949
35800	7850
35801	7850
35802	7851
35803	7851
35804	7852
35805	7852
35806	7853
35807	7853
35808	7854
35809	7854
35810	7855
35811	7855
35812	7856
35813	7856
35814	7857
35815	7857
35816	7858
35817	7858
35818	7859
35819	7859
35820	7860
35821	7860
35822	7861
35823	7861
35824	7862
35825	7862
35826	7863
35827	7863
35828	7864
35829	7864
35830	7865
35831	7865
35832	7866
35833	7866
35834	7867
35835	7867
35836	7868
35837	7868
35838	7869
35839	7869
35840	7870
35841	7870
35842	7871
35843	7871
35844	7872
35845	7872
35846	7873
35847	7873
35848	7874
35849	7874
35850	7875
35851	7875
35852	7876
35853	7876
35854	7877
35855	7877
35856	7878
35857	7878
35858	7879
35859	7879
35860	7880
35861	7880
35862	7881
35863	7881
35864	7882
35865	7882
35866	7883
35867	7883
35868	7884
35869	7884
35870	7885
35871	7885
35872	7886
35873	7886
35874	7887
35875	7887
35876	7888
35877	7888
35878	7889
35879	7889
35880	7890
35881	7890
35882	7891
35883	7891
35884	7892
35885	7892
35886	7893
35887	7893
35888	7894
35889	7894
35890	7895
35891	7895
35892	7896
35893	7896
35894	7897
35895	7897
35896	7898
35897	7898
35898	7899
35899	7899
35900	7900
35901	7900
35902	7901
35903	7901
35904	7902
35905	7902
35906	7903
35907	7903
35908	7904
35909	7904
35910	7905
35911	7905
35912	7906
35913	7906
35914	7907
35915	7907
35916	7908
35917	7908
35918	7909
35919	7909
35920	7910
35921	7910
35922	7911
35923	7911
35924	7912
35925	7912
35926	7913
35927	7913
35928	7914
35929	7914
35930	7915
35931	7915
35932	7916
35933	7916
35934	7917
35935	7917
35936	7918
35937	7918
35938	7919
35939	7919
35940	7920
35941	7920
35942	7921
35943	7921
35944	7922
35945	7922
35946	7923
35947	7923
35948	7924
35949	7924
35950	7925
35951	7925
35952	7926
35953	7926
35954	7927
35955	7927
35956	7928
35957	7928
35958	7929
35959	7929
35960	7930
35961	7930
35962	7931
35963	7931
35964	7932
35965	7932
35966	7933
35967	7933
35968	7934
35969	7934
35970	7935
35971	7935
35972	7936
35973	7936
35974	7937
35975	7937
35976	7938
35977	7938
35978	7939
35979	7939
35980	7940
35981	7940
35982	7941
35983	7941
35984	7942
35985	7942
35986	7943
35987	7943
35988	7944
35989	7944
35990	7945
35991	7945
35992	7946
35993	7946
35994	7947
35995	7947
35996	7948
35997	7948
35998	7949
35999	7949
36000	8050
36001	8050
36002	8051
36003	8051
36004	8052
36005	8052
36006	8053
36007	8053
36008	8054
36009	8054
36010	8055
36011	8055
36012	8056
36013	8056
36014	8057
36015	8057
36016	8058
36017	8058
36018	8059
36019	8059
36020	8060
36021	8060
36022	8061
36023	8061
36024	8062
36025	8062
36026	8063
36027	8063
36028	8064
36029	8064
36030	8065
36031	8065
36032	8066
36033	8066
36034	8067
36035	8067
36036	8068
36037	8068
36038	8069
36039	8069
36040	8070
36041	8070
36042	8071
36043	8071
36044	8072
36045	8072
36046	8073
36047	8073
36048	8074
36049	8074
36050	8075
36051	8075
36052	8076
36053	8076
36054	8077
36055	8077
36056	8078
36057	8078
36058	8079
36059	8079
36060	8080
36061	8080
36062	8081
36063	8081
36064	8082
36065	8082
36066	8083
36067	8083
36068	8084
36069	8084
36070	8085
36071	8085
36072	8086
36073	8086
36074	8087
36075	8087
36076	8088
36077	8088
36078	8089
36079	8089
36080	8090
36081	8090
36082	8091
36083	8091
36084	8092
36085	8092
36086	8093
36087	8093
36088	8094
36089	8094
36090	8095
36091	8095
36092	8096
36093	8096
36094	8097
36095	8097
36096	8098
36097	8098
36098	8099
36099	8099
36100	8100
36101	8100
36102	8101
36103	8101
36104	8102
36105	8102
36106	8103
36107	8103
36108	8104
36109	8104
36110	8105
36111	8105
36112	8106
36113	8106
36114	8107
36115	8107
36116	8108
36117	8108
36118	8109
36119	8109
36120	8110
36121	8110
36122	8111
36123	8111
36124	8112
36125	8112
36126	8113
36127	8113
36128	8114
36129	8114
36130	8115
36131	8115
36132	8116
36133	8116
36134	8117
36135	8117
36136	8118
36137	8118
36138	8119
36139	8119
36140	8120
36141	8120
36142	8121
36143	8121
36144	8122
36145	8122
36146	8123
36147	8123
36148	8124
36149	8124
36150	8125
36151	8125
36152	8126
36153	8126
36154	8127
36155	8127
36156	8128
36157	8128
36158	8129
36159	8129
36160	8130
36161	8130
36162	8131
36163	8131
36164	8132
36165	8132
36166	8133
36167	8133
36168	8134
36169	8134
36170	8135
36171	8135
36172	8136
36173	8136
36174	8137
36175	8137
36176	8138
36177	8138
36178	8139
36179	8139
36180	8140
36181	8140
36182	8141
36183	8141
36184	8142
36185	8142
36186	8143
36187	8143
36188	8144
36189	8144
36190	8145
36191	8145
36192	8146
36193	8146
36194	8147
36195	8147
36196	8148
36197	8148
36198	8149
36199	8149
36200	8050
36201	8050
36202	8051
36203	8051
36204	8052
36205	8052
36206	8053
36207	8053
36208	8054
36209	8054
36210	8055
36211	8055
36212	8056
36213	8056
36214	8057
36215	8057
36216	8058
36217	8058
36218	8059
36219	8059
36220	8060
36221	8060
36222	8061
36223	8061
36224	8062
36225	8062
36226	8063
36227	8063
36228	8064
36229	8064
36230	8065
36231	8065
36232	8066
36233	8066
36234	8067
36235	8067
36236	8068
36237	8068
36238	8069
36239	8069
36240	8070
36241	8070
36242	8071
36243	8071
36244	8072
36245	8072
36246	8073
36247	8073
36248	8074
36249	8074
36250	8075
36251	8075
36252	8076
36253	8076
36254	8077
36255	8077
36256	8078
36257	8078
36258	8079
36259	8079
36260	8080
36261	8080
36262	8081
36263	8081
36264	8082
36265	8082
36266	8083
36267	8083
36268	8084
36269	8084
36270	8085
36271	8085
36272	8086
36273	8086
36274	8087
36275	8087
36276	8088
36277	8088
36278	8089
36279	8089
36280	8090
36281	8090
36282	8091
36283	8091
36284	8092
36285	8092
36286	8093
36287	8093
36288	8094
36289	8094
36290	8095
36291	8095
36292	8096
36293	8096
36294	8097
36295	8097
36296	8098
36297	8098
36298	8099
36299	8099
36300	8100
36301	8100
36302	8101
36303	8101
36304	8102
36305	8102
36306	8103
36307	8103
36308	8104
36309	8104
36310	8105
36311	8105
36312	8106
36313	8106
36314	8107
36315	8107
36316	8108
36317	8108
36318	8109
36319	8109
36320	8110
36321	8110
36322	8111
36323	8111
36324	8112
36325	8112
36326	8113
36327	8113
36328	8114
36329	8114
36330	8115
36331	8115
36332	8116
36333	8116
36334	8117
36335	8117
36336	8118
36337	8118
36338	8119
36339	8119
36340	8120
36341	8120
36342	8121
36343	8121
36344	8122
36345	8122
36346	8123
36347	8123
36348	8124
36349	8124
36350	8125
36351	8125
36352	8126
36353	8126
36354	8127
36355	8127
36356	8128
36357	8128
36358	8129
36359	8129
36360	8130
36361	8130
36362	8131
36363	8131
36364	8132
36365	8132
36366	8133
36367	8133
36368	8134
36369	8134
36370	8135
36371	8135
36372	8136
36373	8136
36374	8137
36375	8137
36376	8138
36377	8138
36378	8139
36379	8139
36380	8140
36381	8140
36382	8141
36383	8141
36384	8142
36385	8142
36386	8143
36387	8143
36388	8144
36389	8144
36390	8145
36391	8145
36392	8146
36393	8146
36394	8147
36395	8147
36396	8148
36397	8148
36398	8149
36399	8149
36400	8250
36401	8250
36402	8251
36403	8251
36404	8252
36405	8252
36406	8253
36407	8253
36408	8254
36409	8254
36410	8255
36411	8255
36412	8256
36413	8256
36414	8257
36415	8257
36416	8258
36417	8258
36418	8259
36419	8259
36420	8260
36421	8260
36422	8261
36423	8261
36424	8262
36425	8262
36426	8263
36427	8263
36428	8264
36429	8264
36430	8265
36431	8265
36432	8266
36433	8266
36434	8267
36435	8267
36436	8268
36437	8268
36438	8269
36439	8269
36440	8270
36441	8270
36442	8271
36443	8271
36444	8272
36445	8272
36446	8273
36447	8273
36448	8274
36449	8274
36450	8275
36451	8275
36452	8276
36453	8276
36454	8277
36455	8277
36456	8278
36457	8278
36458	8279
36459	8279
36460	8280
36461	8280
36462	8281
36463	8281
36464	8282
36465	8282
36466	8283
36467	8283
36468	8284
36469	8284
36470	8285
36471	8285
36472	8286
36473	8286
36474	8287
36475	8287
36476	8288
36477	8288
36478	8289
36479	8289
36480	8290
36481	8290
36482	8291
36483	8291
36484	8292
36485	8292
36486	8293
36487	8293
36488	8294
36489	8294
36490	8295
36491	8295
36492	8296
36493	8296
36494	8297
36495	8297
36496	8298
36497	8298
36498	8299
36499	8299
36500	8300
36501	8300
36502	8301
36503	8301
36504	8302
36505	8302
36506	8303
36507	8303
36508	8304
36509	8304
36510	8305
36511	8305
36512	8306
36513	8306
36514	8307
36515	8307
36516	8308
36517	8308
36518	8309
36519	8309
36520	8310
36521	8310
36522	8311
36523	8311
36524	8312
36525	8312
36526	8313
36527	8313
36528	8314
36529	8314
36530	8315
36531	8315
36532	8316
36533	8316
36534	8317
36535	8317
36536	8318
36537	8318
36538	8319
36539	8319
36540	8320
36541	8320
36542	8321
36543	8321
36544	8322
36545	8322
36546	8323
36547	8323
36548	8324
36549	8324
36550	8325
36551	8325
36552	8326
36553	8326
36554	8327
36555	8327
36556	8328
36557	8328
36558	8329
36559	8329
36560	8330
36561	8330
36562	8331
36563	8331
36564	8332
36565	8332
36566	8333
36567	8333
36568	8334
36569	8334
36570	8335
36571	8335
36572	8336
36573	8336
36574	8337
36575	8337
36576	8338
36577	8338
36578	8339
36579	8339
36580	8340
36581	8340
36582	8341
36583	8341
36584	8342
36585	8342
36586	8343
36587	8343
36588	8344
36589	8344
36590	8345
36591	8345
36592	8346
36593	8346
36594	8347
36595	8347
36596	8348
36597	8348
36598	8349
36599	8349
36600	8250
36601	8250
36602	8251
36603	8251
36604	8252
36605	8252
36606	8253
36607	8253
36608	8254
36609	8254
36610	8255
36611	8255
36612	8256
36613	8256
36614	8257
36615	8257
36616	8258
36617	8258
36618	8259
36619	8259
36620	8260
36621	8260
36622	8261
36623	8261
36624	8262
36625	8262
36626	8263
36627	8263
36628	8264
36629	8264
36630	8265
36631	8265
36632	8266
36633	8266
36634	8267
36635	8267
36636	8268
36637	8268
36638	8269
36639	8269
36640	8270
36641	8270
36642	8271
36643	8271
36644	8272
36645	8272
36646	8273
36647	8273
36648	8274
36649	8274
36650	8275
36651	8275
36652	8276
36653	8276
36654	8277
36655	8277
36656	8278
36657	8278
36658	8279
36659	8279
36660	8280
36661	8280
36662	8281
36663	8281
36664	8282
36665	8282
36666	8283
36667	8283
36668	8284
36669	8284
36670	8285
36671	8285
36672	8286
36673	8286
36674	8287
36675	8287
36676	8288
36677	8288
36678	8289
36679	8289
36680	8290
36681	8290
36682	8291
36683	8291
36684	8292
36685	8292
36686	8293
36687	8293
36688	8294
36689	8294
36690	8295
36691	8295
36692	8296
36693	8296
36694	8297
36695	8297
36696	8298
36697	8298
36698	8299
36699	8299
36700	8300
36701	8300
36702	8301
36703	8301
36704	8302
36705	8302
36706	8303
36707	8303
36708	8304
36709	8304
36710	8305
36711	8305
36712	8306
36713	8306
36714	8307
36715	8307
36716	8308
36717	8308
36718	8309
36719	8309
36720	8310
36721	8310
36722	8311
36723	8311
36724	8312
36725	8312
36726	8313
36727	8313
36728	8314
36729	8314
36730	8315
36731	8315
36732	8316
36733	8316
36734	8317
36735	8317
36736	8318
36737	8318
36738	8319
36739	8319
36740	8320
36741	8320
36742	8321
36743	8321
36744	8322
36745	8322
36746	8323
36747	8323
36748	8324
36749	8324
36750	8325
36751	8325
36752	8326
36753	8326
36754	8327
36755	8327
36756	8328
36757	8328
36758	8329
36759	8329
36760	8330
36761	8330
36762	8331
36763	8331
36764	8332
36765	8332
36766	8333
36767	8333
36768	8334
36769	8334
36770	8335
36771	8335
36772	8336
36773	8336
36774	8337
36775	8337
36776	8338
36777	8338
36778	8339
36779	8339
36780	8340
36781	8340
36782	8341
36783	8341
36784	8342
36785	8342
36786	8343
36787	8343
36788	8344
36789	8344
36790	8345
36791	8345
36792	8346
36793	8346
36794	8347
36795	8347
36796	8348
36797	8348
36798	8349
36799	8349
36800	8450
36801	8450
36802	8451
36803	8451
36804	8452
36805	8452
36806	8453
36807	8453
36808	8454
36809	8454
36810	8455
36811	8455
36812	8456
36813	8456
36814	8457
36815	8457
36816	8458
36817	8458
36818	8459
36819	8459
36820	8460
36821	8460
36822	8461
36823	8461
36824	8462
36825	8462
36826	8463
36827	8463
36828	8464
36829	8464
36830	8465
36831	8465
36832	8466
36833	8466
36834	8467
36835	8467
36836	8468
36837	8468
36838	8469
36839	8469
36840	8470
36841	8470
36842	8471
36843	8471
36844	8472
36845	8472
36846	8473
36847	8473
36848	8474
36849	8474
36850	8475
36851	8475
36852	8476
36853	8476
36854	8477
36855	8477
36856	8478
36857	8478
36858	8479
36859	8479
36860	8480
36861	8480
36862	8481
36863	8481
36864	8482
36865	8482
36866	8483
36867	8483
36868	8484
36869	8484
36870	8485
36871	8485
36872	8486
36873	8486
36874	8487
36875	8487
36876	8488
36877	8488
36878	8489
36879	8489
36880	8490
36881	8490
36882	8491
36883	8491
36884	8492
36885	8492
36886	8493
36887	8493
36888	8494
36889	8494
36890	8495
36891	8495
36892	8496
36893	8496
36894	8497
36895	8497
36896	8498
36897	8498
36898	8499
36899	8499
36900	8500
36901	8500
36902	8501
36903	8501
36904	8502
36905	8502
36906	8503
36907	8503
36908	8504
36909	8504
36910	8505
36911	8505
36912	8506
36913	8506
36914	8507
36915	8507
36916	8508
36917	8508
36918	8509
36919	8509
36920	8510
36921	8510
36922	8511
36923	8511
36924	8512
36925	8512
36926	8513
36927	8513
36928	8514
36929	8514
36930	8515
36931	8515
36932	8516
36933	8516
36934	8517
36935	8517
36936	8518
36937	8518
36938	8519
36939	8519
36940	8520
36941	8520
36942	8521
36943	8521
36944	8522
36945	8522
36946	8523
36947	8523
36948	8524
36949	8524
36950	8525
36951	8525
36952	8526
36953	8526
36954	8527
36955	8527
36956	8528
36957	8528
36958	8529
36959	8529
36960	8530
36961	8530
36962	8531
36963	8531
36964	8532
36965	8532
36966	8533
36967	8533
36968	8534
36969	8534
36970	8535
36971	8535
36972	8536
36973	8536
36974	8537
36975	8537
36976	8538
36977	8538
36978	8539
36979	8539
36980	8540
36981	8540
36982	8541
36983	8541
36984	8542
36985	8542
36986	8543
36987	8543
36988	8544
36989	8544
36990	8545
36991	8545
36992	8546
36993	8546
36994	8547
36995	8547
36996	8548
36997	8548
36998	8549
36999	8549
37000	8450
37001	8450
37002	8451
37003	8451
37004	8452
37005	8452
37006	8453
37007	8453
37008	8454
37009	8454
37010	8455
37011	8455
37012	8456
37013	8456
37014	8457
37015	8457
37016	8458
37017	8458
37018	8459
37019	8459
37020	8460
37021	8460
37022	8461
37023	8461
37024	8462
37025	8462
37026	8463
37027	8463
37028	8464
37029	8464
37030	8465
37031	8465
37032	8466
37033	8466
37034	8467
37035	8467
37036	8468
37037	8468
37038	8469
37039	8469
37040	8470
37041	8470
37042	8471
37043	8471
37044	8472
37045	8472
37046	8473
37047	8473
37048	8474
37049	8474
37050	8475
37051	8475
37052	8476
37053	8476
37054	8477
37055	8477
37056	8478
37057	8478
37058	8479
37059	8479
37060	8480
37061	8480
37062	8481
37063	8481
37064	8482
37065	8482
37066	8483
37067	8483
37068	8484
37069	8484
37070	8485
37071	8485
37072	8486
37073	8486
37074	8487
37075	8487
37076	8488
37077	8488
37078	8489
37079	8489
37080	8490
37081	8490
37082	8491
37083	8491
37084	8492
37085	8492
37086	8493
37087	8493
37088	8494
37089	8494
37090	8495
37091	8495
37092	8496
37093	8496
37094	8497
37095	8497
37096	8498
37097	8498
37098	8499
37099	8499
37100	8500
37101	8500
37102	8501
37103	8501
37104	8502
37105	8502
37106	8503
37107	8503
37108	8504
37109	8504
37110	8505
37111	8505
37112	8506
37113	8506
37114	8507
37115	8507
37116	8508
37117	8508
37118	8509
37119	8509
37120	8510
37121	8510
37122	8511
37123	8511
37124	8512
37125	8512
37126	8513
37127	8513
37128	8514
37129	8514
37130	8515
37131	8515
37132	8516
37133	8516
37134	8517
37135	8517
37136	8518
37137	8518
37138	8519
37139	8519
37140	8520
37141	8520
37142	8521
37143	8521
37144	8522
37145	8522
37146	8523
37147	8523
37148	8524
37149	8524
37150	8525
37151	8525
37152	8526
37153	8526
37154	8527
37155	8527
37156	8528
37157	8528
37158	8529
37159	8529
37160	8530
37161	8530
37162	8531
37163	8531
37164	8532
37165	8532
37166	8533
37167	8533
37168	8534
37169	8534
37170	8535
37171	8535
37172	8536
37173	8536
37174	8537
37175	8537
37176	8538
37177	8538
37178	8539
37179	8539
37180	8540
37181	8540
37182	8541
37183	8541
37184	8542
37185	8542
37186	8543
37187	8543
37188	8544
37189	8544
37190	8545
37191	8545
37192	8546
37193	8546
37194	8547
37195	8547
37196	8548
37197	8548
37198	8549
37199	8549
37200	8650
37201	8650
37202	8651
37203	8651
37204	8652
37205	8652
37206	8653
37207	8653
37208	8654
37209	8654
37210	8655
37211	8655
37212	8656
37213	8656
37214	8657
37215	8657
37216	8658
37217	8658
37218	8659
37219	8659
37220	8660
37221	8660
37222	8661
37223	8661
37224	8662
37225	8662
37226	8663
37227	8663
37228	8664
37229	8664
37230	8665
37231	8665
37232	8666
37233	8666
37234	8667
37235	8667
37236	8668
37237	8668
37238	8669
37239	8669
37240	8670
37241	8670
37242	8671
37243	8671
37244	8672
37245	8672
37246	8673
37247	8673
37248	8674
37249	8674
37250	8675
37251	8675
37252	8676
37253	8676
37254	8677
37255	8677
37256	8678
37257	8678
37258	8679
37259	8679
37260	8680
37261	8680
37262	8681
37263	8681
37264	8682
37265	8682
37266	8683
37267	8683
37268	8684
37269	8684
37270	8685
37271	8685
37272	8686
37273	8686
37274	8687
37275	8687
37276	8688
37277	8688
37278	8689
37279	8689
37280	8690
37281	8690
37282	8691
37283	8691
37284	8692
37285	8692
37286	8693
37287	8693
37288	8694
37289	8694
37290	8695
37291	8695
37292	8696
37293	8696
37294	8697
37295	8697
37296	8698
37297	8698
37298	8699
37299	8699
37300	8700
37301	8700
37302	8701
37303	8701
37304	8702
37305	8702
37306	8703
37307	8703
37308	8704
37309	8704
37310	8705
37311	8705
37312	8706
37313	8706
37314	8707
37315	8707
37316	8708
37317	8708
37318	8709
37319	8709
37320	8710
37321	8710
37322	8711
37323	8711
37324	8712
37325	8712
37326	8713
37327	8713
37328	8714
37329	8714
37330	8715
37331	8715
37332	8716
37333	8716
37334	8717
37335	8717
37336	8718
37337	8718
37338	8719
37339	8719
37340	8720
37341	8720
37342	8721
37343	8721
37344	8722
37345	8722
37346	8723
37347	8723
37348	8724
37349	8724
37350	8725
37351	8725
37352	8726
37353	8726
37354	8727
37355	8727
37356	8728
37357	8728
37358	8729
37359	8729
37360	8730
37361	8730
37362	8731
37363	8731
37364	8732
37365	8732
37366	8733
37367	8733
37368	8734
37369	8734
37370	8735
37371	8735
37372	8736
37373	8736
37374	8737
37375	8737
37376	8738
37377	8738
37378	8739
37379	8739
37380	8740
37381	8740
37382	8741
37383	8741
37384	8742
37385	8742
37386	8743
37387	8743
37388	8744
37389	8744
37390	8745
37391	8745
37392	8746
37393	8746
37394	8747
37395	8747
37396	8748
37397	8748
37398	8749
37399	8749
37400	8650
37401	8650
37402	8651
37403	8651
37404	8652
37405	8652
37406	8653
37407	8653
37408	8654
37409	8654
37410	8655
37411	8655
37412	8656
37413	8656
37414	8657
37415	8657
37416	8658
37417	8658
37418	8659
37419	8659
37420	8660
37421	8660
37422	8661
37423	8661
37424	8662
37425	8662
37426	8663
37427	8663
37428	8664
37429	8664
37430	8665
37431	8665
37432	8666
37433	8666
37434	8667
37435	8667
37436	8668
37437	8668
37438	8669
37439	8669
37440	8670
37441	8670
37442	8671
37443	8671
37444	8672
37445	8672
37446	8673
37447	8673
37448	8674
37449	8674
37450	8675
37451	8675
37452	8676
37453	8676
37454	8677
37455	8677
37456	8678
37457	8678
37458	8679
37459	8679
37460	8680
37461	8680
37462	8681
37463	8681
37464	8682
37465	8682
37466	8683
37467	8683
37468	8684
37469	8684
37470	8685
37471	8685
37472	8686
37473	8686
37474	8687
37475	8687
37476	8688
37477	8688
37478	8689
37479	8689
37480	8690
37481	8690
37482	8691
37483	8691
37484	8692
37485	8692
37486	8693
37487	8693
37488	8694
37489	8694
37490	8695
37491	8695
37492	8696
37493	8696
37494	8697
37495	8697
37496	8698
37497	8698
37498	8699
37499	8699
37500	8700
37501	8700
37502	8701
37503	8701
37504	8702
37505	8702
37506	8703
37507	8703
37508	8704
37509	8704
37510	8705
37511	8705
37512	8706
37513	8706
37514	8707
37515	8707
37516	8708
37517	8708
37518	8709
37519	8709
37520	8710
37521	8710
37522	8711
37523	8711
37524	8712
37525	8712
37526	8713
37527	8713
37528	8714
37529	8714
37530	8715
37531	8715
37532	8716
37533	8716
37534	8717
37535	8717
37536	8718
37537	8718
37538	8719
37539	8719
37540	8720
37541	8720
37542	8721
37543	8721
37544	8722
37545	8722
37546	8723
37547	8723
37548	8724
37549	8724
37550	8725
37551	8725
37552	8726
37553	8726
37554	8727
37555	8727
37556	8728
37557	8728
37558	8729
37559	8729
37560	8730
37561	8730
37562	8731
37563	8731
37564	8732
37565	8732
37566	8733
37567	8733
37568	8734
37569	8734
37570	8735
37571	8735
37572	8736
37573	8736
37574	8737
37575	8737
37576	8738
37577	8738
37578	8739
37579	8739
37580	8740
37581	8740
37582	8741
37583	8741
37584	8742
37585	8742
37586	8743
37587	8743
37588	8744
37589	8744
37590	8745
37591	8745
37592	8746
37593	8746
37594	8747
37595	8747
37596	8748
37597	8748
37598	8749
37599	8749
37600	8850
37601	8850
37602	8851
37603	8851
37604	8852
37605	8852
37606	8853
37607	8853
37608	8854
37609	8854
37610	8855
37611	8855
37612	8856
37613	8856
37614	8857
37615	8857
37616	8858
37617	8858
37618	8859
37619	8859
37620	8860
37621	8860
37622	8861
37623	8861
37624	8862
37625	8862
37626	8863
37627	8863
37628	8864
37629	8864
37630	8865
37631	8865
37632	8866
37633	8866
37634	8867
37635	8867
37636	8868
37637	8868
37638	8869
37639	8869
37640	8870
37641	8870
37642	8871
37643	8871
37644	8872
37645	8872
37646	8873
37647	8873
37648	8874
37649	8874
37650	8875
37651	8875
37652	8876
37653	8876
37654	8877
37655	8877
37656	8878
37657	8878
37658	8879
37659	8879
37660	8880
37661	8880
37662	8881
37663	8881
37664	8882
37665	8882
37666	8883
37667	8883
37668	8884
37669	8884
37670	8885
37671	8885
37672	8886
37673	8886
37674	8887
37675	8887
37676	8888
37677	8888
37678	8889
37679	8889
37680	8890
37681	8890
37682	8891
37683	8891
37684	8892
37685	8892
37686	8893
37687	8893
37688	8894
37689	8894
37690	8895
37691	8895
37692	8896
37693	8896
37694	8897
37695	8897
37696	8898
37697	8898
37698	8899
37699	8899
37700	8900
37701	8900
37702	8901
37703	8901
37704	8902
37705	8902
37706	8903
37707	8903
37708	8904
37709	8904
37710	8905
37711	8905
37712	8906
37713	8906
37714	8907
37715	8907
37716	8908
37717	8908
37718	8909
37719	8909
37720	8910
37721	8910
37722	8911
37723	8911
37724	8912
37725	8912
37726	8913
37727	8913
37728	8914
37729	8914
37730	8915
37731	8915
37732	8916
37733	8916
37734	8917
37735	8917
37736	8918
37737	8918
37738	8919
37739	8919
37740	8920
37741	8920
37742	8921
37743	8921
37744	8922
37745	8922
37746	8923
37747	8923
37748	8924
37749	8924
37750	8925
37751	8925
37752	8926
37753	8926
37754	8927
37755	8927
37756	8928
37757	8928
37758	8929
37759	8929
37760	8930
37761	8930
37762	8931
37763	8931
37764	8932
37765	8932
37766	8933
37767	8933
37768	8934
37769	8934
37770	8935
37771	8935
37772	8936
37773	8936
37774	8937
37775	8937
37776	8938
37777	8938
37778	8939
37779	8939
37780	8940
37781	8940
37782	8941
37783	8941
37784	8942
37785	8942
37786	8943
37787	8943
37788	8944
37789	8944
37790	8945
37791	8945
37792	8946
37793	8946
37794	8947
37795	8947
37796	8948
37797	8948
37798	8949
37799	8949
37800	8850
37801	8850
37802	8851
37803	8851
37804	8852
37805	8852
37806	8853
37807	8853
37808	8854
37809	8854
37810	8855
37811	8855
37812	8856
37813	8856
37814	8857
37815	8857
37816	8858
37817	8858
37818	8859
37819	8859
37820	8860
37821	8860
37822	8861
37823	8861
37824	8862
37825	8862
37826	8863
37827	8863
37828	8864
37829	8864
37830	8865
37831	8865
37832	8866
37833	8866
37834	8867
37835	8867
37836	8868
37837	8868
37838	8869
37839	8869
37840	8870
37841	8870
37842	8871
37843	8871
37844	8872
37845	8872
37846	8873
37847	8873
37848	8874
37849	8874
37850	8875
37851	8875
37852	8876
37853	8876
37854	8877
37855	8877
37856	8878
37857	8878
37858	8879
37859	8879
37860	8880
37861	8880
37862	8881
37863	8881
37864	8882
37865	8882
37866	8883
37867	8883
37868	8884
37869	8884
37870	8885
37871	8885
37872	8886
37873	8886
37874	8887
37875	8887
37876	8888
37877	8888
37878	8889
37879	8889
37880	8890
37881	8890
37882	8891
37883	8891
37884	8892
37885	8892
37886	8893
37887	8893
37888	8894
37889	8894
37890	8895
37891	8895
37892	8896
37893	8896
37894	8897
37895	8897
37896	8898
37897	8898
37898	8899
37899	8899
37900	8900
37901	8900
37902	8901
37903	8901
37904	8902
37905	8902
37906	8903
37907	8903
37908	8904
37909	8904
37910	8905
37911	8905
37912	8906
37913	8906
37914	8907
37915	8907
37916	8908
37917	8908
37918	8909
37919	8909
37920	8910
37921	8910
37922	8911
37923	8911
37924	8912
37925	8912
37926	8913
37927	8913
37928	8914
37929	8914
37930	8915
37931	8915
37932	8916
37933	8916
37934	8917
37935	8917
37936	8918
37937	8918
37938	8919
37939	8919
37940	8920
37941	8920
37942	8921
37943	8921
37944	8922
37945	8922
37946	8923
37947	8923
37948	8924
37949	8924
37950	8925
37951	8925
37952	8926
37953	8926
37954	8927
37955	8927
37956	8928
37957	8928
37958	8929
37959	8929
37960	8930
37961	8930
37962	8931
37963	8931
37964	8932
37965	8932
37966	8933
37967	8933
37968	8934
37969	8934
37970	8935
37971	8935
37972	8936
37973	8936
37974	8937
37975	8937
37976	8938
37977	8938
37978	8939
37979	8939
37980	8940
37981	8940
37982	8941
37983	8941
37984	8942
37985	8942
37986	8943
37987	8943
37988	8944
37989	8944
37990	8945
37991	8945
37992	8946
37993	8946
37994	8947
37995	8947
37996	8948
37997	8948
37998	8949
37999	8949
38000	9050
38001	9050
38002	9051
38003	9051
38004	9052
38005	9052
38006	9053
38007	9053
38008	9054
38009	9054
38010	9055
38011	9055
38012	9056
38013	9056
38014	9057
38015	9057
38016	9058
38017	9058
38018	9059
38019	9059
38020	9060
38021	9060
38022	9061
38023	9061
38024	9062
38025	9062
38026	9063
38027	9063
38028	9064
38029	9064
38030	9065
38031	9065
38032	9066
38033	9066
38034	9067
38035	9067
38036	9068
38037	9068
38038	9069
38039	9069
38040	9070
38041	9070
38042	9071
38043	9071
38044	9072
38045	9072
38046	9073
38047	9073
38048	9074
38049	9074
38050	9075
38051	9075
38052	9076
38053	9076
38054	9077
38055	9077
38056	9078
38057	9078
38058	9079
38059	9079
38060	9080
38061	9080
38062	9081
38063	9081
38064	9082
38065	9082
38066	9083
38067	9083
38068	9084
38069	9084
38070	9085
38071	9085
38072	9086
38073	9086
38074	9087
38075	9087
38076	9088
38077	9088
38078	9089
38079	9089
38080	9090
38081	9090
38082	9091
38083	9091
38084	9092
38085	9092
38086	9093
38087	9093
38088	9094
38089	9094
38090	9095
38091	9095
38092	9096
38093	9096
38094	9097
38095	9097
38096	9098
38097	9098
38098	9099
38099	9099
38100	9100
38101	9100
38102	9101
38103	9101
38104	9102
38105	9102
38106	9103
38107	9103
38108	9104
38109	9104
38110	9105
38111	9105
38112	9106
38113	9106
38114	9107
38115	9107
38116	9108
38117	9108
38118	9109
38119	9109
38120	9110
38121	9110
38122	9111
38123	9111
38124	9112
38125	9112
38126	9113
38127	9113
38128	9114
38129	9114
38130	9115
38131	9115
38132	9116
38133	9116
38134	9117
38135	9117
38136	9118
38137	9118
38138	9119
38139	9119
38140	9120
38141	9120
38142	9121
38143	9121
38144	9122
38145	9122
38146	9123
38147	9123
38148	9124
38149	9124
38150	9125
38151	9125
38152	9126
38153	9126
38154	9127
38155	9127
38156	9128
38157	9128
38158	9129
38159	9129
38160	9130
38161	9130
38162	9131
38163	9131
38164	9132
38165	9132
38166	9133
38167	9133
38168	9134
38169	9134
38170	9135
38171	9135
38172	9136
38173	9136
38174	9137
38175	9137
38176	9138
38177	9138
38178	9139
38179	9139
38180	9140
38181	9140
38182	9141
38183	9141
38184	9142
38185	9142
38186	9143
38187	9143
38188	9144
38189	9144
38190	9145
38191	9145
38192	9146
38193	9146
38194	9147
38195	9147
38196	9148
38197	9148
38198	9149
38199	9149
38200	9050
38201	9050
38202	9051
38203	9051
38204	9052
38205	9052
38206	9053
38207	9053
38208	9054
38209	9054
38210	9055
38211	9055
38212	9056
38213	9056
38214	9057
38215	9057
38216	9058
38217	9058
38218	9059
38219	9059
38220	9060
38221	9060
38222	9061
38223	9061
38224	9062
38225	9062
38226	9063
38227	9063
38228	9064
38229	9064
38230	9065
38231	9065
38232	9066
38233	9066
38234	9067
38235	9067
38236	9068
38237	9068
38238	9069
38239	9069
38240	9070
38241	9070
38242	9071
38243	9071
38244	9072
38245	9072
38246	9073
38247	9073
38248	9074
38249	9074
38250	9075
38251	9075
38252	9076
38253	9076
38254	9077
38255	9077
38256	9078
38257	9078
38258	9079
38259	9079
38260	9080
38261	9080
38262	9081
38263	9081
38264	9082
38265	9082
38266	9083
38267	9083
38268	9084
38269	9084
38270	9085
38271	9085
38272	9086
38273	9086
38274	9087
38275	9087
38276	9088
38277	9088
38278	9089
38279	9089
38280	9090
38281	9090
38282	9091
38283	9091
38284	9092
38285	9092
38286	9093
38287	9093
38288	9094
38289	9094
38290	9095
38291	9095
38292	9096
38293	9096
38294	9097
38295	9097
38296	9098
38297	9098
38298	9099
38299	9099
38300	9100
38301	9100
38302	9101
38303	9101
38304	9102
38305	9102
38306	9103
38307	9103
38308	9104
38309	9104
38310	9105
38311	9105
38312	9106
38313	9106
38314	9107
38315	9107
38316	9108
38317	9108
38318	9109
38319	9109
38320	9110
38321	9110
38322	9111
38323	9111
38324	9112
38325	9112
38326	9113
38327	9113
38328	9114
38329	9114
38330	9115
38331	9115
38332	9116
38333	9116
38334	9117
38335	9117
38336	9118
38337	9118
38338	9119
38339	9119
38340	9120
38341	9120
38342	9121
38343	9121
38344	9122
38345	9122
38346	9123
38347	9123
38348	9124
38349	9124
38350	9125
38351	9125
38352	9126
38353	9126
38354	9127
38355	9127
38356	9128
38357	9128
38358	9129
38359	9129
38360	9130
38361	9130
38362	9131
38363	9131
38364	9132
38365	9132
38366	9133
38367	9133
38368	9134
38369	9134
38370	9135
38371	9135
38372	9136
38373	9136
38374	9137
38375	9137
38376	9138
38377	9138
38378	9139
38379	9139
38380	9140
38381	9140
38382	9141
38383	9141
38384	9142
38385	9142
38386	9143
38387	9143
38388	9144
38389	9144
38390	9145
38391	9145
38392	9146
38393	9146
38394	9147
38395	9147
38396	9148
38397	9148
38398	9149
38399	9149
38400	9250
38401	9250
38402	9251
38403	9251
38404	9252
38405	9252
38406	9253
38407	9253
38408	9254
38409	9254
38410	9255
38411	9255
38412	9256
38413	9256
38414	9257
38415	9257
38416	9258
38417	9258
38418	9259
38419	9259
38420	9260
38421	9260
38422	9261
38423	9261
38424	9262
38425	9262
38426	9263
38427	9263
38428	9264
38429	9264
38430	9265
38431	9265
38432	9266
38433	9266
38434	9267
38435	9267
38436	9268
38437	9268
38438	9269
38439	9269
38440	9270
38441	9270
38442	9271
38443	9271
38444	9272
38445	9272
38446	9273
38447	9273
38448	9274
38449	9274
38450	9275
38451	9275
38452	9276
38453	9276
38454	9277
38455	9277
38456	9278
38457	9278
38458	9279
38459	9279
38460	9280
38461	9280
38462	9281
38463	9281
38464	9282
38465	9282
38466	9283
38467	9283
38468	9284
38469	9284
38470	9285
38471	9285
38472	9286
38473	9286
38474	9287
38475	9287
38476	9288
38477	9288
38478	9289
38479	9289
38480	9290
38481	9290
38482	9291
38483	9291
38484	9292
38485	9292
38486	9293
38487	9293
38488	9294
38489	9294
38490	9295
38491	9295
38492	9296
38493	9296
38494	9297
38495	9297
38496	9298
38497	9298
38498	9299
38499	9299
38500	9300
38501	9300
38502	9301
38503	9301
38504	9302
38505	9302
38506	9303
38507	9303
38508	9304
38509	9304
38510	9305
38511	9305
38512	9306
38513	9306
38514	9307
38515	9307
38516	9308
38517	9308
38518	9309
38519	9309
38520	9310
38521	9310
38522	9311
38523	9311
38524	9312
38525	9312
38526	9313
38527	9313
38528	9314
38529	9314
38530	9315
38531	9315
38532	9316
38533	9316
38534	9317
38535	9317
38536	9318
38537	9318
38538	9319
38539	9319
38540	9320
38541	9320
38542	9321
38543	9321
38544	9322
38545	9322
38546	9323
38547	9323
38548	9324
38549	9324
38550	9325
38551	9325
38552	9326
38553	9326
38554	9327
38555	9327
38556	9328
38557	9328
38558	9329
38559	9329
38560	9330
38561	9330
38562	9331
38563	9331
38564	9332
38565	9332
38566	9333
38567	9333
38568	9334
38569	9334
38570	9335
38571	9335
38572	9336
38573	9336
38574	9337
38575	9337
38576	9338
38577	9338
38578	9339
38579	9339
38580	9340
38581	9340
38582	9341
38583	9341
38584	9342
38585	9342
38586	9343
38587	9343
38588	9344
38589	9344
38590	9345
38591	9345
38592	9346
38593	9346
38594	9347
38595	9347
38596	9348
38597	9348
38598	9349
38599	9349
38600	9250
38601	9250
38602	9251
38603	9251
38604	9252
38605	9252
38606	9253
38607	9253
38608	9254
38609	9254
38610	9255
38611	9255
38612	9256
38613	9256
38614	9257
38615	9257
38616	9258
38617	9258
38618	9259
38619	9259
38620	9260
38621	9260
38622	9261
38623	9261
38624	9262
38625	9262
38626	9263
38627	9263
38628	9264
38629	9264
38630	9265
38631	9265
38632	9266
38633	9266
38634	9267
38635	9267
38636	9268
38637	9268
38638	9269
38639	9269
38640	9270
38641	9270
38642	9271
38643	9271
38644	9272
38645	9272
38646	9273
38647	9273
38648	9274
38649	9274
38650	9275
38651	9275
38652	9276
38653	9276
38654	9277
38655	9277
38656	9278
38657	9278
38658	9279
38659	9279
38660	9280
38661	9280
38662	9281
38663	9281
38664	9282
38665	9282
38666	9283
38667	9283
38668	9284
38669	9284
38670	9285
38671	9285
38672	9286
38673	9286
38674	9287
38675	9287
38676	9288
38677	9288
38678	9289
38679	9289
38680	9290
38681	9290
38682	9291
38683	9291
38684	9292
38685	9292
38686	9293
38687	9293
38688	9294
38689	9294
38690	9295
38691	9295
38692	9296
38693	9296
38694	9297
38695	9297
38696	9298
38697	9298
38698	9299
38699	9299
38700	9300
38701	9300
38702	9301
38703	9301
38704	9302
38705	9302
38706	9303
38707	9303
38708	9304
38709	9304
38710	9305
38711	9305
38712	9306
38713	9306
38714	9307
38715	9307
38716	9308
38717	9308
38718	9309
38719	9309
38720	9310
38721	9310
38722	9311
38723	9311
38724	9312
38725	9312
38726	9313
38727	9313
38728	9314
38729	9314
38730	9315
38731	9315
38732	9316
38733	9316
38734	9317
38735	9317
38736	9318
38737	9318
38738	9319
38739	9319
38740	9320
38741	9320
38742	9321
38743	9321
38744	9322
38745	9322
38746	9323
38747	9323
38748	9324
38749	9324
38750	9325
38751	9325
38752	9326
38753	9326
38754	9327
38755	9327
38756	9328
38757	9328
38758	9329
38759	9329
38760	9330
38761	9330
38762	9331
38763	9331
38764	9332
38765	9332
38766	9333
38767	9333
38768	9334
38769	9334
38770	9335
38771	9335
38772	9336
38773	9336
38774	9337
38775	9337
38776	9338
38777	9338
38778	9339
38779	9339
38780	9340
38781	9340
38782	9341
38783	9341
38784	9342
38785	9342
38786	9343
38787	9343
38788	9344
38789	9344
38790	9345
38791	9345
38792	9346
38793	9346
38794	9347
38795	9347
38796	9348
38797	9348
38798	9349
38799	9349
38800	9450
38801	9450
38802	9451
38803	9451
38804	9452
38805	9452
38806	9453
38807	9453
38808	9454
38809	9454
38810	9455
38811	9455
38812	9456
38813	9456
38814	9457
38815	9457
38816	9458
38817	9458
38818	9459
38819	9459
38820	9460
38821	9460
38822	9461
38823	9461
38824	9462
38825	9462
38826	9463
38827	9463
38828	9464
38829	9464
38830	9465
38831	9465
38832	9466
38833	9466
38834	9467
38835	9467
38836	9468
38837	9468
38838	9469
38839	9469
38840	9470
38841	9470
38842	9471
38843	9471
38844	9472
38845	9472
38846	9473
38847	9473
38848	9474
38849	9474
38850	9475
38851	9475
38852	9476
38853	9476
38854	9477
38855	9477
38856	9478
38857	9478
38858	9479
38859	9479
38860	9480
38861	9480
38862	9481
38863	9481
38864	9482
38865	9482
38866	9483
38867	9483
38868	9484
38869	9484
38870	9485
38871	9485
38872	9486
38873	9486
38874	9487
38875	9487
38876	9488
38877	9488
38878	9489
38879	9489
38880	9490
38881	9490
38882	9491
38883	9491
38884	9492
38885	9492
38886	9493
38887	9493
38888	9494
38889	9494
38890	9495
38891	9495
38892	9496
38893	9496
38894	9497
38895	9497
38896	9498
38897	9498
38898	9499
38899	9499
38900	9500
38901	9500
38902	9501
38903	9501
38904	9502
38905	9502
38906	9503
38907	9503
38908	9504
38909	9504
38910	9505
38911	9505
38912	9506
38913	9506
38914	9507
38915	9507
38916	9508
38917	9508
38918	9509
38919	9509
38920	9510
38921	9510
38922	9511
38923	9511
38924	9512
38925	9512
38926	9513
38927	9513
38928	9514
38929	9514
38930	9515
38931	9515
38932	9516
38933	9516
38934	9517
38935	9517
38936	9518
38937	9518
38938	9519
38939	9519
38940	9520
38941	9520
38942	9521
38943	9521
38944	9522
38945	9522
38946	9523
38947	9523
38948	9524
38949	9524
38950	9525
38951	9525
38952	9526
38953	9526
38954	9527
38955	9527
38956	9528
38957	9528
38958	9529
38959	9529
38960	9530
38961	9530
38962	9531
38963	9531
38964	9532
38965	9532
38966	9533
38967	9533
38968	9534
38969	9534
38970	9535
38971	9535
38972	9536
38973	9536
38974	9537
38975	9537
38976	9538
38977	9538
38978	9539
38979	9539
38980	9540
38981	9540
38982	9541
38983	9541
38984	9542
38985	9542
38986	9543
38987	9543
38988	9544
38989	9544
38990	9545
38991	9545
38992	9546
38993	9546
38994	9547
38995	9547
38996	9548
38997	9548
38998	9549
38999	9549
39000	9450
39001	9450
39002	9451
39003	9451
39004	9452
39005	9452
39006	9453
39007	9453
39008	9454
39009	9454
39010	9455
39011	9455
39012	9456
39013	9456
39014	9457
39015	9457
39016	9458
39017	9458
39018	9459
39019	9459
39020	9460
39021	9460
39022	9461
39023	9461
39024	9462
39025	9462
39026	9463
39027	9463
39028	9464
39029	9464
39030	9465
39031	9465
39032	9466
39033	9466
39034	9467
39035	9467
39036	9468
39037	9468
39038	9469
39039	9469
39040	9470
39041	9470
39042	9471
39043	9471
39044	9472
39045	9472
39046	9473
39047	9473
39048	9474
39049	9474
39050	9475
39051	9475
39052	9476
39053	9476
39054	9477
39055	9477
39056	9478
39057	9478
39058	9479
39059	9479
39060	9480
39061	9480
39062	9481
39063	9481
39064	9482
39065	9482
39066	9483
39067	9483
39068	9484
39069	9484
39070	9485
39071	9485
39072	9486
39073	9486
39074	9487
39075	9487
39076	9488
39077	9488
39078	9489
39079	9489
39080	9490
39081	9490
39082	9491
39083	9491
39084	9492
39085	9492
39086	9493
39087	9493
39088	9494
39089	9494
39090	9495
39091	9495
39092	9496
39093	9496
39094	9497
39095	9497
39096	9498
39097	9498
39098	9499
39099	9499
39100	9500
39101	9500
39102	9501
39103	9501
39104	9502
39105	9502
39106	9503
39107	9503
39108	9504
39109	9504
39110	9505
39111	9505
39112	9506
39113	9506
39114	9507
39115	9507
39116	9508
39117	9508
39118	9509
39119	9509
39120	9510
39121	9510
39122	9511
39123	9511
39124	9512
39125	9512
39126	9513
39127	9513
39128	9514
39129	9514
39130	9515
39131	9515
39132	9516
39133	9516
39134	9517
39135	9517
39136	9518
39137	9518
39138	9519
39139	9519
39140	9520
39141	9520
39142	9521
39143	9521
39144	9522
39145	9522
39146	9523
39147	9523
39148	9524
39149	9524
39150	9525
39151	9525
39152	9526
39153	9526
39154	9527
39155	9527
39156	9528
39157	9528
39158	9529
39159	9529
39160	9530
39161	9530
39162	9531
39163	9531
39164	9532
39165	9532
39166	9533
39167	9533
39168	9534
39169	9534
39170	9535
39171	9535
39172	9536
39173	9536
39174	9537
39175	9537
39176	9538
39177	9538
39178	9539
39179	9539
39180	9540
39181	9540
39182	9541
39183	9541
39184	9542
39185	9542
39186	9543
39187	9543
39188	9544
39189	9544
39190	9545
39191	9545
39192	9546
39193	9546
39194	9547
39195	9547
39196	9548
39197	9548
39198	9549
39199	9549
39200	9650
39201	9650
39202	9651
39203	9651
39204	9652
39205	9652
39206	9653
39207	9653
39208	9654
39209	9654
39210	9655
39211	9655
39212	9656
39213	9656
39214	9657
39215	9657
39216	9658
39217	9658
39218	9659
39219	9659
39220	9660
39221	9660
39222	9661
39223	9661
39224	9662
39225	9662
39226	9663
39227	9663
39228	9664
39229	9664
39230	9665
39231	9665
39232	9666
39233	9666
39234	9667
39235	9667
39236	9668
39237	9668
39238	9669
39239	9669
39240	9670
39241	9670
39242	9671
39243	9671
39244	9672
39245	9672
39246	9673
39247	9673
39248	9674
39249	9674
39250	9675
39251	9675
39252	9676
39253	9676
39254	9677
39255	9677
39256	9678
39257	9678
39258	9679
39259	9679
39260	9680
39261	9680
39262	9681
39263	9681
39264	9682
39265	9682
39266	9683
39267	9683
39268	9684
39269	9684
39270	9685
39271	9685
39272	9686
39273	9686
39274	9687
39275	9687
39276	9688
39277	9688
39278	9689
39279	9689
39280	9690
39281	9690
39282	9691
39283	9691
39284	9692
39285	9692
39286	9693
39287	9693
39288	9694
39289	9694
39290	9695
39291	9695
39292	9696
39293	9696
39294	9697
39295	9697
39296	9698
39297	9698
39298	9699
39299	9699
39300	9700
39301	9700
39302	9701
39303	9701
39304	9702
39305	9702
39306	9703
39307	9703
39308	9704
39309	9704
39310	9705
39311	9705
39312	9706
39313	9706
39314	9707
39315	9707
39316	9708
39317	9708
39318	9709
39319	9709
39320	9710
39321	9710
39322	9711
39323	9711
39324	9712
39325	9712
39326	9713
39327	9713
39328	9714
39329	9714
39330	9715
39331	9715
39332	9716
39333	9716
39334	9717
39335	9717
39336	9718
39337	9718
39338	9719
39339	9719
39340	9720
39341	9720
39342	9721
39343	9721
39344	9722
39345	9722
39346	9723
39347	9723
39348	9724
39349	9724
39350	9725
39351	9725
39352	9726
39353	9726
39354	9727
39355	9727
39356	9728
39357	9728
39358	9729
39359	9729
39360	9730
39361	9730
39362	9731
39363	9731
39364	9732
39365	9732
39366	9733
39367	9733
39368	9734
39369	9734
39370	9735
39371	9735
39372	9736
39373	9736
39374	9737
39375	9737
39376	9738
39377	9738
39378	9739
39379	9739
39380	9740
39381	9740
39382	9741
39383	9741
39384	9742
39385	9742
39386	9743
39387	9743
39388	9744
39389	9744
39390	9745
39391	9745
39392	9746
39393	9746
39394	9747
39395	9747
39396	9748
39397	9748
39398	9749
39399	9749
39400	9650
39401	9650
39402	9651
39403	9651
39404	9652
39405	9652
39406	9653
39407	9653
39408	9654
39409	9654
39410	9655
39411	9655
39412	9656
39413	9656
39414	9657
39415	9657
39416	9658
39417	9658
39418	9659
39419	9659
39420	9660
39421	9660
39422	9661
39423	9661
39424	9662
39425	9662
39426	9663
39427	9663
39428	9664
39429	9664
39430	9665
39431	9665
39432	9666
39433	9666
39434	9667
39435	9667
39436	9668
39437	9668
39438	9669
39439	9669
39440	9670
39441	9670
39442	9671
39443	9671
39444	9672
39445	9672
39446	9673
39447	9673
39448	9674
39449	9674
39450	9675
39451	9675
39452	9676
39453	9676
39454	9677
39455	9677
39456	9678
39457	9678
39458	9679
39459	9679
39460	9680
39461	9680
39462	9681
39463	9681
39464	9682
39465	9682
39466	9683
39467	9683
39468	9684
39469	9684
39470	9685
39471	9685
39472	9686
39473	9686
39474	9687
39475	9687
39476	9688
39477	9688
39478	9689
39479	9689
39480	9690
39481	9690
39482	9691
39483	9691
39484	9692
39485	9692
39486	9693
39487	9693
39488	9694
39489	9694
39490	9695
39491	9695
39492	9696
39493	9696
39494	9697
39495	9697
39496	9698
39497	9698
39498	9699
39499	9699
39500	9700
39501	9700
39502	9701
39503	9701
39504	9702
39505	9702
39506	9703
39507	9703
39508	9704
39509	9704
39510	9705
39511	9705
39512	9706
39513	9706
39514	9707
39515	9707
39516	9708
39517	9708
39518	9709
39519	9709
39520	9710
39521	9710
39522	9711
39523	9711
39524	9712
39525	9712
39526	9713
39527	9713
39528	9714
39529	9714
39530	9715
39531	9715
39532	9716
39533	9716
39534	9717
39535	9717
39536	9718
39537	9718
39538	9719
39539	9719
39540	9720
39541	9720
39542	9721
39543	9721
39544	9722
39545	9722
39546	9723
39547	9723
39548	9724
39549	9724
39550	9725
39551	9725
39552	9726
39553	9726
39554	9727
39555	9727
39556	9728
39557	9728
39558	9729
39559	9729
39560	9730
39561	9730
39562	9731
39563	9731
39564	9732
39565	9732
39566	9733
39567	9733
39568	9734
39569	9734
39570	9735
39571	9735
39572	9736
39573	9736
39574	9737
39575	9737
39576	9738
39577	9738
39578	9739
39579	9739
39580	9740
39581	9740
39582	9741
39583	9741
39584	9742
39585	9742
39586	9743
39587	9743
39588	9744
39589	9744
39590	9745
39591	9745
39592	9746
39593	9746
39594	9747
39595	9747
39596	9748
39597	9748
39598	9749
39599	9749
39600	9850
39601	9850
39602	9851
39603	9851
39604	9852
39605	9852
39606	9853
39607	9853
39608	9854
39609	9854
39610	9855
39611	9855
39612	9856
39613	9856
39614	9857
39615	9857
39616	9858
39617	9858
39618	9859
39619	9859
39620	9860
39621	9860
39622	9861
39623	9861
39624	9862
39625	9862
39626	9863
39627	9863
39628	9864
39629	9864
39630	9865
39631	9865
39632	9866
39633	9866
39634	9867
39635	9867
39636	9868
39637	9868
39638	9869
39639	9869
39640	9870
39641	9870
39642	9871
39643	9871
39644	9872
39645	9872
39646	9873
39647	9873
39648	9874
39649	9874
39650	9875
39651	9875
39652	9876
39653	9876
39654	9877
39655	9877
39656	9878
39657	9878
39658	9879
39659	9879
39660	9880
39661	9880
39662	9881
39663	9881
39664	9882
39665	9882
39666	9883
39667	9883
39668	9884
39669	9884
39670	9885
39671	9885
39672	9886
39673	9886
39674	9887
39675	9887
39676	9888
39677	9888
39678	9889
39679	9889
39680	9890
39681	9890
39682	9891
39683	9891
39684	9892
39685	9892
39686	9893
39687	9893
39688	9894
39689	9894
39690	9895
39691	9895
39692	9896
39693	9896
39694	9897
39695	9897
39696	9898
39697	9898
39698	9899
39699	9899
39700	9900
39701	9900
39702	9901
39703	9901
39704	9902
39705	9902
39706	9903
39707	9903
39708	9904
39709	9904
39710	9905
39711	9905
39712	9906
39713	9906
39714	9907
39715	9907
39716	9908
39717	9908
39718	9909
39719	9909
39720	9910
39721	9910
39722	9911
39723	9911
39724	9912
39725	9912
39726	9913
39727	9913
39728	9914
39729	9914
39730	9915
39731	9915
39732	9916
39733	9916
39734	9917
39735	9917
39736	9918
39737	9918
39738	9919
39739	9919
39740	9920
39741	9920
39742	9921
39743	9921
39744	9922
39745	9922
39746	9923
39747	9923
39748	9924
39749	9924
39750	9925
39751	9925
39752	9926
39753	9926
39754	9927
39755	9927
39756	9928
39757	9928
39758	9929
39759	9929
39760	9930
39761	9930
39762	9931
39763	9931
39764	9932
39765	9932
39766	9933
39767	9933
39768	9934
39769	9934
39770	9935
39771	9935
39772	9936
39773	9936
39774	9937
39775	9937
39776	9938
39777	9938
39778	9939
39779	9939
39780	9940
39781	9940
39782	9941
39783	9941
39784	9942
39785	9942
39786	9943
39787	9943
39788	9944
39789	9944
39790	9945
39791	9945
39792	9946
39793	9946
39794	9947
39795	9947
39796	9948
39797	9948
39798	9949
39799	9949
39800	9850
39801	9850
39802	9851
39803	9851
39804	9852
39805	9852
39806	9853
39807	9853
39808	9854
39809	9854
39810	9855
39811	9855
39812	9856
39813	9856
39814	9857
39815	9857
39816	9858
39817	9858
39818	9859
39819	9859
39820	9860
39821	9860
39822	9861
39823	9861
39824	9862
39825	9862
39826	9863
39827	9863
39828	9864
39829	9864
39830	9865
39831	9865
39832	9866
39833	9866
39834	9867
39835	9867
39836	9868
39837	9868
39838	9869
39839	9869
39840	9870
39841	9870
39842	9871
39843	9871
39844	9872
39845	9872
39846	9873
39847	9873
39848	9874
39849	9874
39850	9875
39851	9875
39852	9876
39853	9876
39854	9877
39855	9877
39856	9878
39857	9878
39858	9879
39859	9879
39860	9880
39861	9880
39862	9881
39863	9881
39864	9882
39865	9882
39866	9883
39867	9883
39868	9884
39869	9884
39870	9885
39871	9885
39872	9886
39873	9886
39874	9887
39875	9887
39876	9888
39877	9888
39878	9889
39879	9889
39880	9890
39881	9890
39882	9891
39883	9891
39884	9892
39885	9892
39886	9893
39887	9893
39888	9894
39889	9894
39890	9895
39891	9895
39892	9896
39893	9896
39894	9897
39895	9897
39896	9898
39897	9898
39898	9899
39899	9899
39900	9900
39901	9900
39902	9901
39903	9901
39904	9902
39905	9902
39906	9903
39907	9903
39908	9904
39909	9904
39910	9905
39911	9905
39912	9906
39913	9906
39914	9907
39915	9907
39916	9908
39917	9908
39918	9909
39919	9909
39920	9910
39921	9910
39922	9911
39923	9911
39924	9912
39925	9912
39926	9913
39927	9913
39928	9914
39929	9914
39930	9915
39931	9915
39932	9916
39933	9916
39934	9917
39935	9917
39936	9918
39937	9918
39938	9919
39939	9919
39940	9920
39941	9920
39942	9921
39943	9921
39944	9922
39945	9922
39946	9923
39947	9923
39948	9924
39949	9924
39950	9925
39951	9925
39952	9926
39953	9926
39954	9927
39955	9927
39956	9928
39957	9928
39958	9929
39959	9929
39960	9930
39961	9930
39962	9931
39963	9931
39964	9932
39965	9932
39966	9933
39967	9933
39968	9934
39969	9934
39970	9935
39971	9935
39972	9936
39973	9936
39974	9937
39975	9937
39976	9938
39977	9938
39978	9939
39979	9939
39980	9940
39981	9940
39982	9941
39983	9941
39984	9942
39985	9942
39986	9943
39987	9943
39988	9944
39989	9944
39990	9945
39991	9945
39992	9946
39993	9946
39994	9947
39995	9947
39996	9948
39997	9948
39998	9949
39999	9949
40000	150
40001	150
40002	151
40003	151
40004	152
40005	152
40006	153
40007	153
40008	154
40009	154
40010	155
40011	155
40012	156
40013	156
40014	157
40015	157
40016	158
40017	158
40018	159
40019	159
40020	160
40021	160
40022	161
40023	161
40024	162
40025	162
40026	163
40027	163
40028	164
40029	164
40030	165
40031	165
40032	166
40033	166
40034	167
40035	167
40036	168
40037	168
40038	169
40039	169
40040	170
40041	170
40042	171
40043	171
40044	172
40045	172
40046	173
40047	173
40048	174
40049	174
40050	175
40051	175
40052	176
40053	176
40054	177
40055	177
40056	178
40057	178
40058	179
40059	179
40060	180
40061	180
40062	181
40063	181
40064	182
40065	182
40066	183
40067	183
40068	184
40069	184
40070	185
40071	185
40072	186
40073	186
40074	187
40075	187
40076	188
40077	188
40078	189
40079	189
40080	190
40081	190
40082	191
40083	191
40084	192
40085	192
40086	193
40087	193
40088	194
40089	194
40090	195
40091	195
40092	196
40093	196
40094	197
40095	197
40096	198
40097	198
40098	199
40099	199
40100	150
40101	150
40102	151
40103	151
40104	152
40105	152
40106	153
40107	153
40108	154
40109	154
40110	155
40111	155
40112	156
40113	156
40114	157
40115	157
40116	158
40117	158
40118	159
40119	159
40120	160
40121	160
40122	161
40123	161
40124	162
40125	162
40126	163
40127	163
40128	164
40129	164
40130	165
40131	165
40132	166
40133	166
40134	167
40135	167
40136	168
40137	168
40138	169
40139	169
40140	170
40141	170
40142	171
40143	171
40144	172
40145	172
40146	173
40147	173
40148	174
40149	174
40150	175
40151	175
40152	176
40153	176
40154	177
40155	177
40156	178
40157	178
40158	179
40159	179
40160	180
40161	180
40162	181
40163	181
40164	182
40165	182
40166	183
40167	183
40168	184
40169	184
40170	185
40171	185
40172	186
40173	186
40174	187
40175	187
40176	188
40177	188
40178	189
40179	189
40180	190
40181	190
40182	191
40183	191
40184	192
40185	192
40186	193
40187	193
40188	194
40189	194
40190	195
40191	195
40192	196
40193	196
40194	197
40195	197
40196	198
40197	198
40198	199
40199	199
40200	350
40201	350
40202	351
40203	351
40204	352
40205	352
40206	353
40207	353
40208	354
40209	354
40210	355
40211	355
40212	356
40213	356
40214	357
40215	357
40216	358
40217	358
40218	359
40219	359
40220	360
40221	360
40222	361
40223	361
40224	362
40225	362
40226	363
40227	363
40228	364
40229	364
40230	365
40231	365
40232	366
40233	366
40234	367
40235	367
40236	368
40237	368
40238	369
40239	369
40240	370
40241	370
40242	371
40243	371
40244	372
40245	372
40246	373
40247	373
40248	374
40249	374
40250	375
40251	375
40252	376
40253	376
40254	377
40255	377
40256	378
40257	378
40258	379
40259	379
40260	380
40261	380
40262	381
40263	381
40264	382
40265	382
40266	383
40267	383
40268	384
40269	384
40270	385
40271	385
40272	386
40273	386
40274	387
40275	387
40276	388
40277	388
40278	389
40279	389
40280	390
40281	390
40282	391
40283	391
40284	392
40285	392
40286	393
40287	393
40288	394
40289	394
40290	395
40291	395
40292	396
40293	396
40294	397
40295	397
40296	398
40297	398
40298	399
40299	399
40300	350
40301	350
40302	351
40303	351
40304	352
40305	352
40306	353
40307	353
40308	354
40309	354
40310	355
40311	355
40312	356
40313	356
40314	357
40315	357
40316	358
40317	358
40318	359
40319	359
40320	360
40321	360
40322	361
40323	361
40324	362
40325	362
40326	363
40327	363
40328	364
40329	364
40330	365
40331	365
40332	366
40333	366
40334	367
40335	367
40336	368
40337	368
40338	369
40339	369
40340	370
40341	370
40342	371
40343	371
40344	372
40345	372
40346	373
40347	373
40348	374
40349	374
40350	375
40351	375
40352	376
40353	376
40354	377
40355	377
40356	378
40357	378
40358	379
40359	379
40360	380
40361	380
40362	381
40363	381
40364	382
40365	382
40366	383
40367	383
40368	384
40369	384
40370	385
40371	385
40372	386
40373	386
40374	387
40375	387
40376	388
40377	388
40378	389
40379	389
40380	390
40381	390
40382	391
40383	391
40384	392
40385	392
40386	393
40387	393
40388	394
40389	394
40390	395
40391	395
40392	396
40393	396
40394	397
40395	397
40396	398
40397	398
40398	399
40399	399
40400	550
40401	550
40402	551
40403	551
40404	552
40405	552
40406	553
40407	553
40408	554
40409	554
40410	555
40411	555
40412	556
40413	556
40414	557
40415	557
40416	558
40417	558
40418	559
40419	559
40420	560
40421	560
40422	561
40423	561
40424	562
40425	562
40426	563
40427	563
40428	564
40429	564
40430	565
40431	565
40432	566
40433	566
40434	567
40435	567
40436	568
40437	568
40438	569
40439	569
40440	570
40441	570
40442	571
40443	571
40444	572
40445	572
40446	573
40447	573
40448	574
40449	574
40450	575
40451	575
40452	576
40453	576
40454	577
40455	577
40456	578
40457	578
40458	579
40459	579
40460	580
40461	580
40462	581
40463	581
40464	582
40465	582
40466	583
40467	583
40468	584
40469	584
40470	585
40471	585
40472	586
40473	586
40474	587
40475	587
40476	588
40477	588
40478	589
40479	589
40480	590
40481	590
40482	591
40483	591
40484	592
40485	592
40486	593
40487	593
40488	594
40489	594
40490	595
40491	595
40492	596
40493	596
40494	597
40495	597
40496	598
40497	598
40498	599
40499	599
40500	550
40501	550
40502	551
40503	551
40504	552
40505	552
40506	553
40507	553
40508	554
40509	554
40510	555
40511	555
40512	556
40513	556
40514	557
40515	557
40516	558
40517	558
40518	559
40519	559
40520	560
40521	560
40522	561
40523	561
40524	562
40525	562
40526	563
40527	563
40528	564
40529	564
40530	565
40531	565
40532	566
40533	566
40534	567
40535	567
40536	568
40537	568
40538	569
40539	569
40540	570
40541	570
40542	571
40543	571
40544	572
40545	572
40546	573
40547	573
40548	574
40549	574
40550	575
40551	575
40552	576
40553	576
40554	577
40555	577
40556	578
40557	578
40558	579
40559	579
40560	580
40561	580
40562	581
40563	581
40564	582
40565	582
40566	583
40567	583
40568	584
40569	584
40570	585
40571	585
40572	586
40573	586
40574	587
40575	587
40576	588
40577	588
40578	589
40579	589
40580	590
40581	590
40582	591
40583	591
40584	592
40585	592
40586	593
40587	593
40588	594
40589	594
40590	595
40591	595
40592	596
40593	596
40594	597
40595	597
40596	598
40597	598
40598	599
40599	599
40600	750
40601	750
40602	751
40603	751
40604	752
40605	752
40606	753
40607	753
40608	754
40609	754
40610	755
40611	755
40612	756
40613	756
40614	757
40615	757
40616	758
40617	758
40618	759
40619	759
40620	760
40621	760
40622	761
40623	761
40624	762
40625	762
40626	763
40627	763
40628	764
40629	764
40630	765
40631	765
40632	766
40633	766
40634	767
40635	767
40636	768
40637	768
40638	769
40639	769
40640	770
40641	770
40642	771
40643	771
40644	772
40645	772
40646	773
40647	773
40648	774
40649	774
40650	775
40651	775
40652	776
40653	776
40654	777
40655	777
40656	778
40657	778
40658	779
40659	779
40660	780
40661	780
40662	781
40663	781
40664	782
40665	782
40666	783
40667	783
40668	784
40669	784
40670	785
40671	785
40672	786
40673	786
40674	787
40675	787
40676	788
40677	788
40678	789
40679	789
40680	790
40681	790
40682	791
40683	791
40684	792
40685	792
40686	793
40687	793
40688	794
40689	794
40690	795
40691	795
40692	796
40693	796
40694	797
40695	797
40696	798
40697	798
40698	799
40699	799
40700	750
40701	750
40702	751
40703	751
40704	752
40705	752
40706	753
40707	753
40708	754
40709	754
40710	755
40711	755
40712	756
40713	756
40714	757
40715	757
40716	758
40717	758
40718	759
40719	759
40720	760
40721	760
40722	761
40723	761
40724	762
40725	762
40726	763
40727	763
40728	764
40729	764
40730	765
40731	765
40732	766
40733	766
40734	767
40735	767
40736	768
40737	768
40738	769
40739	769
40740	770
40741	770
40742	771
40743	771
40744	772
40745	772
40746	773
40747	773
40748	774
40749	774
40750	775
40751	775
40752	776
40753	776
40754	777
40755	777
40756	778
40757	778
40758	779
40759	779
40760	780
40761	780
40762	781
40763	781
40764	782
40765	782
40766	783
40767	783
40768	784
40769	784
40770	785
40771	785
40772	786
40773	786
40774	787
40775	787
40776	788
40777	788
40778	789
40779	789
40780	790
40781	790
40782	791
40783	791
40784	792
40785	792
40786	793
40787	793
40788	794
40789	794
40790	795
40791	795
40792	796
40793	796
40794	797
40795	797
40796	798
40797	798
40798	799
40799	799
40800	950
40801	950
40802	951
40803	951
40804	952
40805	952
40806	953
40807	953
40808	954
40809	954
40810	955
40811	955
40812	956
40813	956
40814	957
40815	957
40816	958
40817	958
40818	959
40819	959
40820	960
40821	960
40822	961
40823	961
40824	962
40825	962
40826	963
40827	963
40828	964
40829	964
40830	965
40831	965
40832	966
40833	966
40834	967
40835	967
40836	968
40837	968
40838	969
40839	969
40840	970
40841	970
40842	971
40843	971
40844	972
40845	972
40846	973
40847	973
40848	974
40849	974
40850	975
40851	975
40852	976
40853	976
40854	977
40855	977
40856	978
40857	978
40858	979
40859	979
40860	980
40861	980
40862	981
40863	981
40864	982
40865	982
40866	983
40867	983
40868	984
40869	984
40870	985
40871	985
40872	986
40873	986
40874	987
40875	987
40876	988
40877	988
40878	989
40879	989
40880	990
40881	990
40882	991
40883	991
40884	992
40885	992
40886	993
40887	993
40888	994
40889	994
40890	995
40891	995
40892	996
40893	996
40894	997
40895	997
40896	998
40897	998
40898	999
40899	999
40900	950
40901	950
40902	951
40903	951
40904	952
40905	952
40906	953
40907	953
40908	954
40909	954
40910	955
40911	955
40912	956
40913	956
40914	957
40915	957
40916	958
40917	958
40918	959
40919	959
40920	960
40921	960
40922	961
40923	961
40924	962
40925	962
40926	963
40927	963
40928	964
40929	964
40930	965
40931	965
40932	966
40933	966
40934	967
40935	967
40936	968
40937	968
40938	969
40939	969
40940	970
40941	970
40942	971
40943	971
40944	972
40945	972
40946	973
40947	973
40948	974
40949	974
40950	975
40951	975
40952	976
40953	976
40954	977
40955	977
40956	978
40957	978
40958	979
40959	979
40960	980
40961	980
40962	981
40963	981
40964	982
40965	982
40966	983
40967	983
40968	984
40969	984
40970	985
40971	985
40972	986
40973	986
40974	987
40975	987
40976	988
40977	988
40978	989
40979	989
40980	990
40981	990
40982	991
40983	991
40984	992
40985	992
40986	993
40987	993
40988	994
40989	994
40990	995
40991	995
40992	996
40993	996
40994	997
40995	997
40996	998
40997	998
40998	999
40999	999
41000	1150
41001	1150
41002	1151
41003	1151
41004	1152
41005	1152
41006	1153
41007	1153
41008	1154
41009	1154
41010	1155
41011	1155
41012	1156
41013	1156
41014	1157
41015	1157
41016	1158
41017	1158
41018	1159
41019	1159
41020	1160
41021	1160
41022	1161
41023	1161
41024	1162
41025	1162
41026	1163
41027	1163
41028	1164
41029	1164
41030	1165
41031	1165
41032	1166
41033	1166
41034	1167
41035	1167
41036	1168
41037	1168
41038	1169
41039	1169
41040	1170
41041	1170
41042	1171
41043	1171
41044	1172
41045	1172
41046	1173
41047	1173
41048	1174
41049	1174
41050	1175
41051	1175
41052	1176
41053	1176
41054	1177
41055	1177
41056	1178
41057	1178
41058	1179
41059	1179
41060	1180
41061	1180
41062	1181
41063	1181
41064	1182
41065	1182
41066	1183
41067	1183
41068	1184
41069	1184
41070	1185
41071	1185
41072	1186
41073	1186
41074	1187
41075	1187
41076	1188
41077	1188
41078	1189
41079	1189
41080	1190
41081	1190
41082	1191
41083	1191
41084	1192
41085	1192
41086	1193
41087	1193
41088	1194
41089	1194
41090	1195
41091	1195
41092	1196
41093	1196
41094	1197
41095	1197
41096	1198
41097	1198
41098	1199
41099	1199
41100	1150
41101	1150
41102	1151
41103	1151
41104	1152
41105	1152
41106	1153
41107	1153
41108	1154
41109	1154
41110	1155
41111	1155
41112	1156
41113	1156
41114	1157
41115	1157
41116	1158
41117	1158
41118	1159
41119	1159
41120	1160
41121	1160
41122	1161
41123	1161
41124	1162
41125	1162
41126	1163
41127	1163
41128	1164
41129	1164
41130	1165
41131	1165
41132	1166
41133	1166
41134	1167
41135	1167
41136	1168
41137	1168
41138	1169
41139	1169
41140	1170
41141	1170
41142	1171
41143	1171
41144	1172
41145	1172
41146	1173
41147	1173
41148	1174
41149	1174
41150	1175
41151	1175
41152	1176
41153	1176
41154	1177
41155	1177
41156	1178
41157	1178
41158	1179
41159	1179
41160	1180
41161	1180
41162	1181
41163	1181
41164	1182
41165	1182
41166	1183
41167	1183
41168	1184
41169	1184
41170	1185
41171	1185
41172	1186
41173	1186
41174	1187
41175	1187
41176	1188
41177	1188
41178	1189
41179	1189
41180	1190
41181	1190
41182	1191
41183	1191
41184	1192
41185	1192
41186	1193
41187	1193
41188	1194
41189	1194
41190	1195
41191	1195
41192	1196
41193	1196
41194	1197
41195	1197
41196	1198
41197	1198
41198	1199
41199	1199
41200	1350
41201	1350
41202	1351
41203	1351
41204	1352
41205	1352
41206	1353
41207	1353
41208	1354
41209	1354
41210	1355
41211	1355
41212	1356
41213	1356
41214	1357
41215	1357
41216	1358
41217	1358
41218	1359
41219	1359
41220	1360
41221	1360
41222	1361
41223	1361
41224	1362
41225	1362
41226	1363
41227	1363
41228	1364
41229	1364
41230	1365
41231	1365
41232	1366
41233	1366
41234	1367
41235	1367
41236	1368
41237	1368
41238	1369
41239	1369
41240	1370
41241	1370
41242	1371
41243	1371
41244	1372
41245	1372
41246	1373
41247	1373
41248	1374
41249	1374
41250	1375
41251	1375
41252	1376
41253	1376
41254	1377
41255	1377
41256	1378
41257	1378
41258	1379
41259	1379
41260	1380
41261	1380
41262	1381
41263	1381
41264	1382
41265	1382
41266	1383
41267	1383
41268	1384
41269	1384
41270	1385
41271	1385
41272	1386
41273	1386
41274	1387
41275	1387
41276	1388
41277	1388
41278	1389
41279	1389
41280	1390
41281	1390
41282	1391
41283	1391
41284	1392
41285	1392
41286	1393
41287	1393
41288	1394
41289	1394
41290	1395
41291	1395
41292	1396
41293	1396
41294	1397
41295	1397
41296	1398
41297	1398
41298	1399
41299	1399
41300	1350
41301	1350
41302	1351
41303	1351
41304	1352
41305	1352
41306	1353
41307	1353
41308	1354
41309	1354
41310	1355
41311	1355
41312	1356
41313	1356
41314	1357
41315	1357
41316	1358
41317	1358
41318	1359
41319	1359
41320	1360
41321	1360
41322	1361
41323	1361
41324	1362
41325	1362
41326	1363
41327	1363
41328	1364
41329	1364
41330	1365
41331	1365
41332	1366
41333	1366
41334	1367
41335	1367
41336	1368
41337	1368
41338	1369
41339	1369
41340	1370
41341	1370
41342	1371
41343	1371
41344	1372
41345	1372
41346	1373
41347	1373
41348	1374
41349	1374
41350	1375
41351	1375
41352	1376
41353	1376
41354	1377
41355	1377
41356	1378
41357	1378
41358	1379
41359	1379
41360	1380
41361	1380
41362	1381
41363	1381
41364	1382
41365	1382
41366	1383
41367	1383
41368	1384
41369	1384
41370	1385
41371	1385
41372	1386
41373	1386
41374	1387
41375	1387
41376	1388
41377	1388
41378	1389
41379	1389
41380	1390
41381	1390
41382	1391
41383	1391
41384	1392
41385	1392
41386	1393
41387	1393
41388	1394
41389	1394
41390	1395
41391	1395
41392	1396
41393	1396
41394	1397
41395	1397
41396	1398
41397	1398
41398	1399
41399	1399
41400	1550
41401	1550
41402	1551
41403	1551
41404	1552
41405	1552
41406	1553
41407	1553
41408	1554
41409	1554
41410	1555
41411	1555
41412	1556
41413	1556
41414	1557
41415	1557
41416	1558
41417	1558
41418	1559
41419	1559
41420	1560
41421	1560
41422	1561
41423	1561
41424	1562
41425	1562
41426	1563
41427	1563
41428	1564
41429	1564
41430	1565
41431	1565
41432	1566
41433	1566
41434	1567
41435	1567
41436	1568
41437	1568
41438	1569
41439	1569
41440	1570
41441	1570
41442	1571
41443	1571
41444	1572
41445	1572
41446	1573
41447	1573
41448	1574
41449	1574
41450	1575
41451	1575
41452	1576
41453	1576
41454	1577
41455	1577
41456	1578
41457	1578
41458	1579
41459	1579
41460	1580
41461	1580
41462	1581
41463	1581
41464	1582
41465	1582
41466	1583
41467	1583
41468	1584
41469	1584
41470	1585
41471	1585
41472	1586
41473	1586
41474	1587
41475	1587
41476	1588
41477	1588
41478	1589
41479	1589
41480	1590
41481	1590
41482	1591
41483	1591
41484	1592
41485	1592
41486	1593
41487	1593
41488	1594
41489	1594
41490	1595
41491	1595
41492	1596
41493	1596
41494	1597
41495	1597
41496	1598
41497	1598
41498	1599
41499	1599
41500	1550
41501	1550
41502	1551
41503	1551
41504	1552
41505	1552
41506	1553
41507	1553
41508	1554
41509	1554
41510	1555
41511	1555
41512	1556
41513	1556
41514	1557
41515	1557
41516	1558
41517	1558
41518	1559
41519	1559
41520	1560
41521	1560
41522	1561
41523	1561
41524	1562
41525	1562
41526	1563
41527	1563
41528	1564
41529	1564
41530	1565
41531	1565
41532	1566
41533	1566
41534	1567
41535	1567
41536	1568
41537	1568
41538	1569
41539	1569
41540	1570
41541	1570
41542	1571
41543	1571
41544	1572
41545	1572
41546	1573
41547	1573
41548	1574
41549	1574
41550	1575
41551	1575
41552	1576
41553	1576
41554	1577
41555	1577
41556	1578
41557	1578
41558	1579
41559	1579
41560	1580
41561	1580
41562	1581
41563	1581
41564	1582
41565	1582
41566	1583
41567	1583
41568	1584
41569	1584
41570	1585
41571	1585
41572	1586
41573	1586
41574	1587
41575	1587
41576	1588
41577	1588
41578	1589
41579	1589
41580	1590
41581	1590
41582	1591
41583	1591
41584	1592
41585	1592
41586	1593
41587	1593
41588	1594
41589	1594
41590	1595
41591	1595
41592	1596
41593	1596
41594	1597
41595	1597
41596	1598
41597	1598
41598	1599
41599	1599
41600	1750
41601	1750
41602	1751
41603	1751
41604	1752
41605	1752
41606	1753
41607	1753
41608	1754
41609	1754
41610	1755
41611	1755
41612	1756
41613	1756
41614	1757
41615	1757
41616	1758
41617	1758
41618	1759
41619	1759
41620	1760
41621	1760
41622	1761
41623	1761
41624	1762
41625	1762
41626	1763
41627	1763
41628	1764
41629	1764
41630	1765
41631	1765
41632	1766
41633	1766
41634	1767
41635	1767
41636	1768
41637	1768
41638	1769
41639	1769
41640	1770
41641	1770
41642	1771
41643	1771
41644	1772
41645	1772
41646	1773
41647	1773
41648	1774
41649	1774
41650	1775
41651	1775
41652	1776
41653	1776
41654	1777
41655	1777
41656	1778
41657	1778
41658	1779
41659	1779
41660	1780
41661	1780
41662	1781
41663	1781
41664	1782
41665	1782
41666	1783
41667	1783
41668	1784
41669	1784
41670	1785
41671	1785
41672	1786
41673	1786
41674	1787
41675	1787
41676	1788
41677	1788
41678	1789
41679	1789
41680	1790
41681	1790
41682	1791
41683	1791
41684	1792
41685	1792
41686	1793
41687	1793
41688	1794
41689	1794
41690	1795
41691	1795
41692	1796
41693	1796
41694	1797
41695	1797
41696	1798
41697	1798
41698	1799
41699	1799
41700	1750
41701	1750
41702	1751
41703	1751
41704	1752
41705	1752
41706	1753
41707	1753
41708	1754
41709	1754
41710	1755
41711	1755
41712	1756
41713	1756
41714	1757
41715	1757
41716	1758
41717	1758
41718	1759
41719	1759
41720	1760
41721	1760
41722	1761
41723	1761
41724	1762
41725	1762
41726	1763
41727	1763
41728	1764
41729	1764
41730	1765
41731	1765
41732	1766
41733	1766
41734	1767
41735	1767
41736	1768
41737	1768
41738	1769
41739	1769
41740	1770
41741	1770
41742	1771
41743	1771
41744	1772
41745	1772
41746	1773
41747	1773
41748	1774
41749	1774
41750	1775
41751	1775
41752	1776
41753	1776
41754	1777
41755	1777
41756	1778
41757	1778
41758	1779
41759	1779
41760	1780
41761	1780
41762	1781
41763	1781
41764	1782
41765	1782
41766	1783
41767	1783
41768	1784
41769	1784
41770	1785
41771	1785
41772	1786
41773	1786
41774	1787
41775	1787
41776	1788
41777	1788
41778	1789
41779	1789
41780	1790
41781	1790
41782	1791
41783	1791
41784	1792
41785	1792
41786	1793
41787	1793
41788	1794
41789	1794
41790	1795
41791	1795
41792	1796
41793	1796
41794	1797
41795	1797
41796	1798
41797	1798
41798	1799
41799	1799
41800	1950
41801	1950
41802	1951
41803	1951
41804	1952
41805	1952
41806	1953
41807	1953
41808	1954
41809	1954
41810	1955
41811	1955
41812	1956
41813	1956
41814	1957
41815	1957
41816	1958
41817	1958
41818	1959
41819	1959
41820	1960
41821	1960
41822	1961
41823	1961
41824	1962
41825	1962
41826	1963
41827	1963
41828	1964
41829	1964
41830	1965
41831	1965
41832	1966
41833	1966
41834	1967
41835	1967
41836	1968
41837	1968
41838	1969
41839	1969
41840	1970
41841	1970
41842	1971
41843	1971
41844	1972
41845	1972
41846	1973
41847	1973
41848	1974
41849	1974
41850	1975
41851	1975
41852	1976
41853	1976
41854	1977
41855	1977
41856	1978
41857	1978
41858	1979
41859	1979
41860	1980
41861	1980
41862	1981
41863	1981
41864	1982
41865	1982
41866	1983
41867	1983
41868	1984
41869	1984
41870	1985
41871	1985
41872	1986
41873	1986
41874	1987
41875	1987
41876	1988
41877	1988
41878	1989
41879	1989
41880	1990
41881	1990
41882	1991
41883	1991
41884	1992
41885	1992
41886	1993
41887	1993
41888	1994
41889	1994
41890	1995
41891	1995
41892	1996
41893	1996
41894	1997
41895	1997
41896	1998
41897	1998
41898	1999
41899	1999
41900	1950
41901	1950
41902	1951
41903	1951
41904	1952
41905	1952
41906	1953
41907	1953
41908	1954
41909	1954
41910	1955
41911	1955
41912	1956
41913	1956
41914	1957
41915	1957
41916	1958
41917	1958
41918	1959
41919	1959
41920	1960
41921	1960
41922	1961
41923	1961
41924	1962
41925	1962
41926	1963
41927	1963
41928	1964
41929	1964
41930	1965
41931	1965
41932	1966
41933	1966
41934	1967
41935	1967
41936	1968
41937	1968
41938	1969
41939	1969
41940	1970
41941	1970
41942	1971
41943	1971
41944	1972
41945	1972
41946	1973
41947	1973
41948	1974
41949	1974
41950	1975
41951	1975
41952	1976
41953	1976
41954	1977
41955	1977
41956	1978
41957	1978
41958	1979
41959	1979
41960	1980
41961	1980
41962	1981
41963	1981
41964	1982
41965	1982
41966	1983
41967	1983
41968	1984
41969	1984
41970	1985
41971	1985
41972	1986
41973	1986
41974	1987
41975	1987
41976	1988
41977	1988
41978	1989
41979	1989
41980	1990
41981	1990
41982	1991
41983	1991
41984	1992
41985	1992
41986	1993
41987	1993
41988	1994
41989	1994
41990	1995
41991	1995
41992	1996
41993	1996
41994	1997
41995	1997
41996	1998
41997	1998
41998	1999
41999	1999
42000	2150
42001	2150
42002	2151
42003	2151
42004	2152
42005	2152
42006	2153
42007	2153
42008	2154
42009	2154
42010	2155
42011	2155
42012	2156
42013	2156
42014	2157
42015	2157
42016	2158
42017	2158
42018	2159
42019	2159
42020	2160
42021	2160
42022	2161
42023	2161
42024	2162
42025	2162
42026	2163
42027	2163
42028	2164
42029	2164
42030	2165
42031	2165
42032	2166
42033	2166
42034	2167
42035	2167
42036	2168
42037	2168
42038	2169
42039	2169
42040	2170
42041	2170
42042	2171
42043	2171
42044	2172
42045	2172
42046	2173
42047	2173
42048	2174
42049	2174
42050	2175
42051	2175
42052	2176
42053	2176
42054	2177
42055	2177
42056	2178
42057	2178
42058	2179
42059	2179
42060	2180
42061	2180
42062	2181
42063	2181
42064	2182
42065	2182
42066	2183
42067	2183
42068	2184
42069	2184
42070	2185
42071	2185
42072	2186
42073	2186
42074	2187
42075	2187
42076	2188
42077	2188
42078	2189
42079	2189
42080	2190
42081	2190
42082	2191
42083	2191
42084	2192
42085	2192
42086	2193
42087	2193
42088	2194
42089	2194
42090	2195
42091	2195
42092	2196
42093	2196
42094	2197
42095	2197
42096	2198
42097	2198
42098	2199
42099	2199
42100	2150
42101	2150
42102	2151
42103	2151
42104	2152
42105	2152
42106	2153
42107	2153
42108	2154
42109	2154
42110	2155
42111	2155
42112	2156
42113	2156
42114	2157
42115	2157
42116	2158
42117	2158
42118	2159
42119	2159
42120	2160
42121	2160
42122	2161
42123	2161
42124	2162
42125	2162
42126	2163
42127	2163
42128	2164
42129	2164
42130	2165
42131	2165
42132	2166
42133	2166
42134	2167
42135	2167
42136	2168
42137	2168
42138	2169
42139	2169
42140	2170
42141	2170
42142	2171
42143	2171
42144	2172
42145	2172
42146	2173
42147	2173
42148	2174
42149	2174
42150	2175
42151	2175
42152	2176
42153	2176
42154	2177
42155	2177
42156	2178
42157	2178
42158	2179
42159	2179
42160	2180
42161	2180
42162	2181
42163	2181
42164	2182
42165	2182
42166	2183
42167	2183
42168	2184
42169	2184
42170	2185
42171	2185
42172	2186
42173	2186
42174	2187
42175	2187
42176	2188
42177	2188
42178	2189
42179	2189
42180	2190
42181	2190
42182	2191
42183	2191
42184	2192
42185	2192
42186	2193
42187	2193
42188	2194
42189	2194
42190	2195
42191	2195
42192	2196
42193	2196
42194	2197
42195	2197
42196	2198
42197	2198
42198	2199
42199	2199
42200	2350
42201	2350
42202	2351
42203	2351
42204	2352
42205	2352
42206	2353
42207	2353
42208	2354
42209	2354
42210	2355
42211	2355
42212	2356
42213	2356
42214	2357
42215	2357
42216	2358
42217	2358
42218	2359
42219	2359
42220	2360
42221	2360
42222	2361
42223	2361
42224	2362
42225	2362
42226	2363
42227	2363
42228	2364
42229	2364
42230	2365
42231	2365
42232	2366
42233	2366
42234	2367
42235	2367
42236	2368
42237	2368
42238	2369
42239	2369
42240	2370
42241	2370
42242	2371
42243	2371
42244	2372
42245	2372
42246	2373
42247	2373
42248	2374
42249	2374
42250	2375
42251	2375
42252	2376
42253	2376
42254	2377
42255	2377
42256	2378
42257	2378
42258	2379
42259	2379
42260	2380
42261	2380
42262	2381
42263	2381
42264	2382
42265	2382
42266	2383
42267	2383
42268	2384
42269	2384
42270	2385
42271	2385
42272	2386
42273	2386
42274	2387
42275	2387
42276	2388
42277	2388
42278	2389
42279	2389
42280	2390
42281	2390
42282	2391
42283	2391
42284	2392
42285	2392
42286	2393
42287	2393
42288	2394
42289	2394
42290	2395
42291	2395
42292	2396
42293	2396
42294	2397
42295	2397
42296	2398
42297	2398
42298	2399
42299	2399
42300	2350
42301	2350
42302	2351
42303	2351
42304	2352
42305	2352
42306	2353
42307	2353
42308	2354
42309	2354
42310	2355
42311	2355
42312	2356
42313	2356
42314	2357
42315	2357
42316	2358
42317	2358
42318	2359
42319	2359
42320	2360
42321	2360
42322	2361
42323	2361
42324	2362
42325	2362
42326	2363
42327	2363
42328	2364
42329	2364
42330	2365
42331	2365
42332	2366
42333	2366
42334	2367
42335	2367
42336	2368
42337	2368
42338	2369
42339	2369
42340	2370
42341	2370
42342	2371
42343	2371
42344	2372
42345	2372
42346	2373
42347	2373
42348	2374
42349	2374
42350	2375
42351	2375
42352	2376
42353	2376
42354	2377
42355	2377
42356	2378
42357	2378
42358	2379
42359	2379
42360	2380
42361	2380
42362	2381
42363	2381
42364	2382
42365	2382
42366	2383
42367	2383
42368	2384
42369	2384
42370	2385
42371	2385
42372	2386
42373	2386
42374	2387
42375	2387
42376	2388
42377	2388
42378	2389
42379	2389
42380	2390
42381	2390
42382	2391
42383	2391
42384	2392
42385	2392
42386	2393
42387	2393
42388	2394
42389	2394
42390	2395
42391	2395
42392	2396
42393	2396
42394	2397
42395	2397
42396	2398
42397	2398
42398	2399
42399	2399
42400	2550
42401	2550
42402	2551
42403	2551
42404	2552
42405	2552
42406	2553
42407	2553
42408	2554
42409	2554
42410	2555
42411	2555
42412	2556
42413	2556
42414	2557
42415	2557
42416	2558
42417	2558
42418	2559
42419	2559
42420	2560
42421	2560
42422	2561
42423	2561
42424	2562
42425	2562
42426	2563
42427	2563
42428	2564
42429	2564
42430	2565
42431	2565
42432	2566
42433	2566
42434	2567
42435	2567
42436	2568
42437	2568
42438	2569
42439	2569
42440	2570
42441	2570
42442	2571
42443	2571
42444	2572
42445	2572
42446	2573
42447	2573
42448	2574
42449	2574
42450	2575
42451	2575
42452	2576
42453	2576
42454	2577
42455	2577
42456	2578
42457	2578
42458	2579
42459	2579
42460	2580
42461	2580
42462	2581
42463	2581
42464	2582
42465	2582
42466	2583
42467	2583
42468	2584
42469	2584
42470	2585
42471	2585
42472	2586
42473	2586
42474	2587
42475	2587
42476	2588
42477	2588
42478	2589
42479	2589
42480	2590
42481	2590
42482	2591
42483	2591
42484	2592
42485	2592
42486	2593
42487	2593
42488	2594
42489	2594
42490	2595
42491	2595
42492	2596
42493	2596
42494	2597
42495	2597
42496	2598
42497	2598
42498	2599
42499	2599
42500	2550
42501	2550
42502	2551
42503	2551
42504	2552
42505	2552
42506	2553
42507	2553
42508	2554
42509	2554
42510	2555
42511	2555
42512	2556
42513	2556
42514	2557
42515	2557
42516	2558
42517	2558
42518	2559
42519	2559
42520	2560
42521	2560
42522	2561
42523	2561
42524	2562
42525	2562
42526	2563
42527	2563
42528	2564
42529	2564
42530	2565
42531	2565
42532	2566
42533	2566
42534	2567
42535	2567
42536	2568
42537	2568
42538	2569
42539	2569
42540	2570
42541	2570
42542	2571
42543	2571
42544	2572
42545	2572
42546	2573
42547	2573
42548	2574
42549	2574
42550	2575
42551	2575
42552	2576
42553	2576
42554	2577
42555	2577
42556	2578
42557	2578
42558	2579
42559	2579
42560	2580
42561	2580
42562	2581
42563	2581
42564	2582
42565	2582
42566	2583
42567	2583
42568	2584
42569	2584
42570	2585
42571	2585
42572	2586
42573	2586
42574	2587
42575	2587
42576	2588
42577	2588
42578	2589
42579	2589
42580	2590
42581	2590
42582	2591
42583	2591
42584	2592
42585	2592
42586	2593
42587	2593
42588	2594
42589	2594
42590	2595
42591	2595
42592	2596
42593	2596
42594	2597
42595	2597
42596	2598
42597	2598
42598	2599
42599	2599
42600	2750
42601	2750
42602	2751
42603	2751
42604	2752
42605	2752
42606	2753
42607	2753
42608	2754
42609	2754
42610	2755
42611	2755
42612	2756
42613	2756
42614	2757
42615	2757
42616	2758
42617	2758
42618	2759
42619	2759
42620	2760
42621	2760
42622	2761
42623	2761
42624	2762
42625	2762
42626	2763
42627	2763
42628	2764
42629	2764
42630	2765
42631	2765
42632	2766
42633	2766
42634	2767
42635	2767
42636	2768
42637	2768
42638	2769
42639	2769
42640	2770
42641	2770
42642	2771
42643	2771
42644	2772
42645	2772
42646	2773
42647	2773
42648	2774
42649	2774
42650	2775
42651	2775
42652	2776
42653	2776
42654	2777
42655	2777
42656	2778
42657	2778
42658	2779
42659	2779
42660	2780
42661	2780
42662	2781
42663	2781
42664	2782
42665	2782
42666	2783
42667	2783
42668	2784
42669	2784
42670	2785
42671	2785
42672	2786
42673	2786
42674	2787
42675	2787
42676	2788
42677	2788
42678	2789
42679	2789
42680	2790
42681	2790
42682	2791
42683	2791
42684	2792
42685	2792
42686	2793
42687	2793
42688	2794
42689	2794
42690	2795
42691	2795
42692	2796
42693	2796
42694	2797
42695	2797
42696	2798
42697	2798
42698	2799
42699	2799
42700	2750
42701	2750
42702	2751
42703	2751
42704	2752
42705	2752
42706	2753
42707	2753
42708	2754
42709	2754
42710	2755
42711	2755
42712	2756
42713	2756
42714	2757
42715	2757
42716	2758
42717	2758
42718	2759
42719	2759
42720	2760
42721	2760
42722	2761
42723	2761
42724	2762
42725	2762
42726	2763
42727	2763
42728	2764
42729	2764
42730	2765
42731	2765
42732	2766
42733	2766
42734	2767
42735	2767
42736	2768
42737	2768
42738	2769
42739	2769
42740	2770
42741	2770
42742	2771
42743	2771
42744	2772
42745	2772
42746	2773
42747	2773
42748	2774
42749	2774
42750	2775
42751	2775
42752	2776
42753	2776
42754	2777
42755	2777
42756	2778
42757	2778
42758	2779
42759	2779
42760	2780
42761	2780
42762	2781
42763	2781
42764	2782
42765	2782
42766	2783
42767	2783
42768	2784
42769	2784
42770	2785
42771	2785
42772	2786
42773	2786
42774	2787
42775	2787
42776	2788
42777	2788
42778	2789
42779	2789
42780	2790
42781	2790
42782	2791
42783	2791
42784	2792
42785	2792
42786	2793
42787	2793
42788	2794
42789	2794
42790	2795
42791	2795
42792	2796
42793	2796
42794	2797
42795	2797
42796	2798
42797	2798
42798	2799
42799	2799
42800	2950
42801	2950
42802	2951
42803	2951
42804	2952
42805	2952
42806	2953
42807	2953
42808	2954
42809	2954
42810	2955
42811	2955
42812	2956
42813	2956
42814	2957
42815	2957
42816	2958
42817	2958
42818	2959
42819	2959
42820	2960
42821	2960
42822	2961
42823	2961
42824	2962
42825	2962
42826	2963
42827	2963
42828	2964
42829	2964
42830	2965
42831	2965
42832	2966
42833	2966
42834	2967
42835	2967
42836	2968
42837	2968
42838	2969
42839	2969
42840	2970
42841	2970
42842	2971
42843	2971
42844	2972
42845	2972
42846	2973
42847	2973
42848	2974
42849	2974
42850	2975
42851	2975
42852	2976
42853	2976
42854	2977
42855	2977
42856	2978
42857	2978
42858	2979
42859	2979
42860	2980
42861	2980
42862	2981
42863	2981
42864	2982
42865	2982
42866	2983
42867	2983
42868	2984
42869	2984
42870	2985
42871	2985
42872	2986
42873	2986
42874	2987
42875	2987
42876	2988
42877	2988
42878	2989
42879	2989
42880	2990
42881	2990
42882	2991
42883	2991
42884	2992
42885	2992
42886	2993
42887	2993
42888	2994
42889	2994
42890	2995
42891	2995
42892	2996
42893	2996
42894	2997
42895	2997
42896	2998
42897	2998
42898	2999
42899	2999
42900	2950
42901	2950
42902	2951
42903	2951
42904	2952
42905	2952
42906	2953
42907	2953
42908	2954
42909	2954
42910	2955
42911	2955
42912	2956
42913	2956
42914	2957
42915	2957
42916	2958
42917	2958
42918	2959
42919	2959
42920	2960
42921	2960
42922	2961
42923	2961
42924	2962
42925	2962
42926	2963
42927	2963
42928	2964
42929	2964
42930	2965
42931	2965
42932	2966
42933	2966
42934	2967
42935	2967
42936	2968
42937	2968
42938	2969
42939	2969
42940	2970
42941	2970
42942	2971
42943	2971
42944	2972
42945	2972
42946	2973
42947	2973
42948	2974
42949	2974
42950	2975
42951	2975
42952	2976
42953	2976
42954	2977
42955	2977
42956	2978
42957	2978
42958	2979
42959	2979
42960	2980
42961	2980
42962	2981
42963	2981
42964	2982
42965	2982
42966	2983
42967	2983
42968	2984
42969	2984
42970	2985
42971	2985
42972	2986
42973	2986
42974	2987
42975	2987
42976	2988
42977	2988
42978	2989
42979	2989
42980	2990
42981	2990
42982	2991
42983	2991
42984	2992
42985	2992
42986	2993
42987	2993
42988	2994
42989	2994
42990	2995
42991	2995
42992	2996
42993	2996
42994	2997
42995	2997
42996	2998
42997	2998
42998	2999
42999	2999
43000	3150
43001	3150
43002	3151
43003	3151
43004	3152
43005	3152
43006	3153
43007	3153
43008	3154
43009	3154
43010	3155
43011	3155
43012	3156
43013	3156
43014	3157
43015	3157
43016	3158
43017	3158
43018	3159
43019	3159
43020	3160
43021	3160
43022	3161
43023	3161
43024	3162
43025	3162
43026	3163
43027	3163
43028	3164
43029	3164
43030	3165
43031	3165
43032	3166
43033	3166
43034	3167
43035	3167
43036	3168
43037	3168
43038	3169
43039	3169
43040	3170
43041	3170
43042	3171
43043	3171
43044	3172
43045	3172
43046	3173
43047	3173
43048	3174
43049	3174
43050	3175
43051	3175
43052	3176
43053	3176
43054	3177
43055	3177
43056	3178
43057	3178
43058	3179
43059	3179
43060	3180
43061	3180
43062	3181
43063	3181
43064	3182
43065	3182
43066	3183
43067	3183
43068	3184
43069	3184
43070	3185
43071	3185
43072	3186
43073	3186
43074	3187
43075	3187
43076	3188
43077	3188
43078	3189
43079	3189
43080	3190
43081	3190
43082	3191
43083	3191
43084	3192
43085	3192
43086	3193
43087	3193
43088	3194
43089	3194
43090	3195
43091	3195
43092	3196
43093	3196
43094	3197
43095	3197
43096	3198
43097	3198
43098	3199
43099	3199
43100	3150
43101	3150
43102	3151
43103	3151
43104	3152
43105	3152
43106	3153
43107	3153
43108	3154
43109	3154
43110	3155
43111	3155
43112	3156
43113	3156
43114	3157
43115	3157
43116	3158
43117	3158
43118	3159
43119	3159
43120	3160
43121	3160
43122	3161
43123	3161
43124	3162
43125	3162
43126	3163
43127	3163
43128	3164
43129	3164
43130	3165
43131	3165
43132	3166
43133	3166
43134	3167
43135	3167
43136	3168
43137	3168
43138	3169
43139	3169
43140	3170
43141	3170
43142	3171
43143	3171
43144	3172
43145	3172
43146	3173
43147	3173
43148	3174
43149	3174
43150	3175
43151	3175
43152	3176
43153	3176
43154	3177
43155	3177
43156	3178
43157	3178
43158	3179
43159	3179
43160	3180
43161	3180
43162	3181
43163	3181
43164	3182
43165	3182
43166	3183
43167	3183
43168	3184
43169	3184
43170	3185
43171	3185
43172	3186
43173	3186
43174	3187
43175	3187
43176	3188
43177	3188
43178	3189
43179	3189
43180	3190
43181	3190
43182	3191
43183	3191
43184	3192
43185	3192
43186	3193
43187	3193
43188	3194
43189	3194
43190	3195
43191	3195
43192	3196
43193	3196
43194	3197
43195	3197
43196	3198
43197	3198
43198	3199
43199	3199
43200	3350
43201	3350
43202	3351
43203	3351
43204	3352
43205	3352
43206	3353
43207	3353
43208	3354
43209	3354
43210	3355
43211	3355
43212	3356
43213	3356
43214	3357
43215	3357
43216	3358
43217	3358
43218	3359
43219	3359
43220	3360
43221	3360
43222	3361
43223	3361
43224	3362
43225	3362
43226	3363
43227	3363
43228	3364
43229	3364
43230	3365
43231	3365
43232	3366
43233	3366
43234	3367
43235	3367
43236	3368
43237	3368
43238	3369
43239	3369
43240	3370
43241	3370
43242	3371
43243	3371
43244	3372
43245	3372
43246	3373
43247	3373
43248	3374
43249	3374
43250	3375
43251	3375
43252	3376
43253	3376
43254	3377
43255	3377
43256	3378
43257	3378
43258	3379
43259	3379
43260	3380
43261	3380
43262	3381
43263	3381
43264	3382
43265	3382
43266	3383
43267	3383
43268	3384
43269	3384
43270	3385
43271	3385
43272	3386
43273	3386
43274	3387
43275	3387
43276	3388
43277	3388
43278	3389
43279	3389
43280	3390
43281	3390
43282	3391
43283	3391
43284	3392
43285	3392
43286	3393
43287	3393
43288	3394
43289	3394
43290	3395
43291	3395
43292	3396
43293	3396
43294	3397
43295	3397
43296	3398
43297	3398
43298	3399
43299	3399
43300	3350
43301	3350
43302	3351
43303	3351
43304	3352
43305	3352
43306	3353
43307	3353
43308	3354
43309	3354
43310	3355
43311	3355
43312	3356
43313	3356
43314	3357
43315	3357
43316	3358
43317	3358
43318	3359
43319	3359
43320	3360
43321	3360
43322	3361
43323	3361
43324	3362
43325	3362
43326	3363
43327	3363
43328	3364
43329	3364
43330	3365
43331	3365
43332	3366
43333	3366
43334	3367
43335	3367
43336	3368
43337	3368
43338	3369
43339	3369
43340	3370
43341	3370
43342	3371
43343	3371
43344	3372
43345	3372
43346	3373
43347	3373
43348	3374
43349	3374
43350	3375
43351	3375
43352	3376
43353	3376
43354	3377
43355	3377
43356	3378
43357	3378
43358	3379
43359	3379
43360	3380
43361	3380
43362	3381
43363	3381
43364	3382
43365	3382
43366	3383
43367	3383
43368	3384
43369	3384
43370	3385
43371	3385
43372	3386
43373	3386
43374	3387
43375	3387
43376	3388
43377	3388
43378	3389
43379	3389
43380	3390
43381	3390
43382	3391
43383	3391
43384	3392
43385	3392
43386	3393
43387	3393
43388	3394
43389	3394
43390	3395
43391	3395
43392	3396
43393	3396
43394	3397
43395	3397
43396	3398
43397	3398
43398	3399
43399	3399
43400	3550
43401	3550
43402	3551
43403	3551
43404	3552
43405	3552
43406	3553
43407	3553
43408	3554
43409	3554
43410	3555
43411	3555
43412	3556
43413	3556
43414	3557
43415	3557
43416	3558
43417	3558
43418	3559
43419	3559
43420	3560
43421	3560
43422	3561
43423	3561
43424	3562
43425	3562
43426	3563
43427	3563
43428	3564
43429	3564
43430	3565
43431	3565
43432	3566
43433	3566
43434	3567
43435	3567
43436	3568
43437	3568
43438	3569
43439	3569
43440	3570
43441	3570
43442	3571
43443	3571
43444	3572
43445	3572
43446	3573
43447	3573
43448	3574
43449	3574
43450	3575
43451	3575
43452	3576
43453	3576
43454	3577
43455	3577
43456	3578
43457	3578
43458	3579
43459	3579
43460	3580
43461	3580
43462	3581
43463	3581
43464	3582
43465	3582
43466	3583
43467	3583
43468	3584
43469	3584
43470	3585
43471	3585
43472	3586
43473	3586
43474	3587
43475	3587
43476	3588
43477	3588
43478	3589
43479	3589
43480	3590
43481	3590
43482	3591
43483	3591
43484	3592
43485	3592
43486	3593
43487	3593
43488	3594
43489	3594
43490	3595
43491	3595
43492	3596
43493	3596
43494	3597
43495	3597
43496	3598
43497	3598
43498	3599
43499	3599
43500	3550
43501	3550
43502	3551
43503	3551
43504	3552
43505	3552
43506	3553
43507	3553
43508	3554
43509	3554
43510	3555
43511	3555
43512	3556
43513	3556
43514	3557
43515	3557
43516	3558
43517	3558
43518	3559
43519	3559
43520	3560
43521	3560
43522	3561
43523	3561
43524	3562
43525	3562
43526	3563
43527	3563
43528	3564
43529	3564
43530	3565
43531	3565
43532	3566
43533	3566
43534	3567
43535	3567
43536	3568
43537	3568
43538	3569
43539	3569
43540	3570
43541	3570
43542	3571
43543	3571
43544	3572
43545	3572
43546	3573
43547	3573
43548	3574
43549	3574
43550	3575
43551	3575
43552	3576
43553	3576
43554	3577
43555	3577
43556	3578
43557	3578
43558	3579
43559	3579
43560	3580
43561	3580
43562	3581
43563	3581
43564	3582
43565	3582
43566	3583
43567	3583
43568	3584
43569	3584
43570	3585
43571	3585
43572	3586
43573	3586
43574	3587
43575	3587
43576	3588
43577	3588
43578	3589
43579	3589
43580	3590
43581	3590
43582	3591
43583	3591
43584	3592
43585	3592
43586	3593
43587	3593
43588	3594
43589	3594
43590	3595
43591	3595
43592	3596
43593	3596
43594	3597
43595	3597
43596	3598
43597	3598
43598	3599
43599	3599
43600	3750
43601	3750
43602	3751
43603	3751
43604	3752
43605	3752
43606	3753
43607	3753
43608	3754
43609	3754
43610	3755
43611	3755
43612	3756
43613	3756
43614	3757
43615	3757
43616	3758
43617	3758
43618	3759
43619	3759
43620	3760
43621	3760
43622	3761
43623	3761
43624	3762
43625	3762
43626	3763
43627	3763
43628	3764
43629	3764
43630	3765
43631	3765
43632	3766
43633	3766
43634	3767
43635	3767
43636	3768
43637	3768
43638	3769
43639	3769
43640	3770
43641	3770
43642	3771
43643	3771
43644	3772
43645	3772
43646	3773
43647	3773
43648	3774
43649	3774
43650	3775
43651	3775
43652	3776
43653	3776
43654	3777
43655	3777
43656	3778
43657	3778
43658	3779
43659	3779
43660	3780
43661	3780
43662	3781
43663	3781
43664	3782
43665	3782
43666	3783
43667	3783
43668	3784
43669	3784
43670	3785
43671	3785
43672	3786
43673	3786
43674	3787
43675	3787
43676	3788
43677	3788
43678	3789
43679	3789
43680	3790
43681	3790
43682	3791
43683	3791
43684	3792
43685	3792
43686	3793
43687	3793
43688	3794
43689	3794
43690	3795
43691	3795
43692	3796
43693	3796
43694	3797
43695	3797
43696	3798
43697	3798
43698	3799
43699	3799
43700	3750
43701	3750
43702	3751
43703	3751
43704	3752
43705	3752
43706	3753
43707	3753
43708	3754
43709	3754
43710	3755
43711	3755
43712	3756
43713	3756
43714	3757
43715	3757
43716	3758
43717	3758
43718	3759
43719	3759
43720	3760
43721	3760
43722	3761
43723	3761
43724	3762
43725	3762
43726	3763
43727	3763
43728	3764
43729	3764
43730	3765
43731	3765
43732	3766
43733	3766
43734	3767
43735	3767
43736	3768
43737	3768
43738	3769
43739	3769
43740	3770
43741	3770
43742	3771
43743	3771
43744	3772
43745	3772
43746	3773
43747	3773
43748	3774
43749	3774
43750	3775
43751	3775
43752	3776
43753	3776
43754	3777
43755	3777
43756	3778
43757	3778
43758	3779
43759	3779
43760	3780
43761	3780
43762	3781
43763	3781
43764	3782
43765	3782
43766	3783
43767	3783
43768	3784
43769	3784
43770	3785
43771	3785
43772	3786
43773	3786
43774	3787
43775	3787
43776	3788
43777	3788
43778	3789
43779	3789
43780	3790
43781	3790
43782	3791
43783	3791
43784	3792
43785	3792
43786	3793
43787	3793
43788	3794
43789	3794
43790	3795
43791	3795
43792	3796
43793	3796
43794	3797
43795	3797
43796	3798
43797	3798
43798	3799
43799	3799
43800	3950
43801	3950
43802	3951
43803	3951
43804	3952
43805	3952
43806	3953
43807	3953
43808	3954
43809	3954
43810	3955
43811	3955
43812	3956
43813	3956
43814	3957
43815	3957
43816	3958
43817	3958
43818	3959
43819	3959
43820	3960
43821	3960
43822	3961
43823	3961
43824	3962
43825	3962
43826	3963
43827	3963
43828	3964
43829	3964
43830	3965
43831	3965
43832	3966
43833	3966
43834	3967
43835	3967
43836	3968
43837	3968
43838	3969
43839	3969
43840	3970
43841	3970
43842	3971
43843	3971
43844	3972
43845	3972
43846	3973
43847	3973
43848	3974
43849	3974
43850	3975
43851	3975
43852	3976
43853	3976
43854	3977
43855	3977
43856	3978
43857	3978
43858	3979
43859	3979
43860	3980
43861	3980
43862	3981
43863	3981
43864	3982
43865	3982
43866	3983
43867	3983
43868	3984
43869	3984
43870	3985
43871	3985
43872	3986
43873	3986
43874	3987
43875	3987
43876	3988
43877	3988
43878	3989
43879	3989
43880	3990
43881	3990
43882	3991
43883	3991
43884	3992
43885	3992
43886	3993
43887	3993
43888	3994
43889	3994
43890	3995
43891	3995
43892	3996
43893	3996
43894	3997
43895	3997
43896	3998
43897	3998
43898	3999
43899	3999
43900	3950
43901	3950
43902	3951
43903	3951
43904	3952
43905	3952
43906	3953
43907	3953
43908	3954
43909	3954
43910	3955
43911	3955
43912	3956
43913	3956
43914	3957
43915	3957
43916	3958
43917	3958
43918	3959
43919	3959
43920	3960
43921	3960
43922	3961
43923	3961
43924	3962
43925	3962
43926	3963
43927	3963
43928	3964
43929	3964
43930	3965
43931	3965
43932	3966
43933	3966
43934	3967
43935	3967
43936	3968
43937	3968
43938	3969
43939	3969
43940	3970
43941	3970
43942	3971
43943	3971
43944	3972
43945	3972
43946	3973
43947	3973
43948	3974
43949	3974
43950	3975
43951	3975
43952	3976
43953	3976
43954	3977
43955	3977
43956	3978
43957	3978
43958	3979
43959	3979
43960	3980
43961	3980
43962	3981
43963	3981
43964	3982
43965	3982
43966	3983
43967	3983
43968	3984
43969	3984
43970	3985
43971	3985
43972	3986
43973	3986
43974	3987
43975	3987
43976	3988
43977	3988
43978	3989
43979	3989
43980	3990
43981	3990
43982	3991
43983	3991
43984	3992
43985	3992
43986	3993
43987	3993
43988	3994
43989	3994
43990	3995
43991	3995
43992	3996
43993	3996
43994	3997
43995	3997
43996	3998
43997	3998
43998	3999
43999	3999
44000	4150
44001	4150
44002	4151
44003	4151
44004	4152
44005	4152
44006	4153
44007	4153
44008	4154
44009	4154
44010	4155
44011	4155
44012	4156
44013	4156
44014	4157
44015	4157
44016	4158
44017	4158
44018	4159
44019	4159
44020	4160
44021	4160
44022	4161
44023	4161
44024	4162
44025	4162
44026	4163
44027	4163
44028	4164
44029	4164
44030	4165
44031	4165
44032	4166
44033	4166
44034	4167
44035	4167
44036	4168
44037	4168
44038	4169
44039	4169
44040	4170
44041	4170
44042	4171
44043	4171
44044	4172
44045	4172
44046	4173
44047	4173
44048	4174
44049	4174
44050	4175
44051	4175
44052	4176
44053	4176
44054	4177
44055	4177
44056	4178
44057	4178
44058	4179
44059	4179
44060	4180
44061	4180
44062	4181
44063	4181
44064	4182
44065	4182
44066	4183
44067	4183
44068	4184
44069	4184
44070	4185
44071	4185
44072	4186
44073	4186
44074	4187
44075	4187
44076	4188
44077	4188
44078	4189
44079	4189
44080	4190
44081	4190
44082	4191
44083	4191
44084	4192
44085	4192
44086	4193
44087	4193
44088	4194
44089	4194
44090	4195
44091	4195
44092	4196
44093	4196
44094	4197
44095	4197
44096	4198
44097	4198
44098	4199
44099	4199
44100	4150
44101	4150
44102	4151
44103	4151
44104	4152
44105	4152
44106	4153
44107	4153
44108	4154
44109	4154
44110	4155
44111	4155
44112	4156
44113	4156
44114	4157
44115	4157
44116	4158
44117	4158
44118	4159
44119	4159
44120	4160
44121	4160
44122	4161
44123	4161
44124	4162
44125	4162
44126	4163
44127	4163
44128	4164
44129	4164
44130	4165
44131	4165
44132	4166
44133	4166
44134	4167
44135	4167
44136	4168
44137	4168
44138	4169
44139	4169
44140	4170
44141	4170
44142	4171
44143	4171
44144	4172
44145	4172
44146	4173
44147	4173
44148	4174
44149	4174
44150	4175
44151	4175
44152	4176
44153	4176
44154	4177
44155	4177
44156	4178
44157	4178
44158	4179
44159	4179
44160	4180
44161	4180
44162	4181
44163	4181
44164	4182
44165	4182
44166	4183
44167	4183
44168	4184
44169	4184
44170	4185
44171	4185
44172	4186
44173	4186
44174	4187
44175	4187
44176	4188
44177	4188
44178	4189
44179	4189
44180	4190
44181	4190
44182	4191
44183	4191
44184	4192
44185	4192
44186	4193
44187	4193
44188	4194
44189	4194
44190	4195
44191	4195
44192	4196
44193	4196
44194	4197
44195	4197
44196	4198
44197	4198
44198	4199
44199	4199
44200	4350
44201	4350
44202	4351
44203	4351
44204	4352
44205	4352
44206	4353
44207	4353
44208	4354
44209	4354
44210	4355
44211	4355
44212	4356
44213	4356
44214	4357
44215	4357
44216	4358
44217	4358
44218	4359
44219	4359
44220	4360
44221	4360
44222	4361
44223	4361
44224	4362
44225	4362
44226	4363
44227	4363
44228	4364
44229	4364
44230	4365
44231	4365
44232	4366
44233	4366
44234	4367
44235	4367
44236	4368
44237	4368
44238	4369
44239	4369
44240	4370
44241	4370
44242	4371
44243	4371
44244	4372
44245	4372
44246	4373
44247	4373
44248	4374
44249	4374
44250	4375
44251	4375
44252	4376
44253	4376
44254	4377
44255	4377
44256	4378
44257	4378
44258	4379
44259	4379
44260	4380
44261	4380
44262	4381
44263	4381
44264	4382
44265	4382
44266	4383
44267	4383
44268	4384
44269	4384
44270	4385
44271	4385
44272	4386
44273	4386
44274	4387
44275	4387
44276	4388
44277	4388
44278	4389
44279	4389
44280	4390
44281	4390
44282	4391
44283	4391
44284	4392
44285	4392
44286	4393
44287	4393
44288	4394
44289	4394
44290	4395
44291	4395
44292	4396
44293	4396
44294	4397
44295	4397
44296	4398
44297	4398
44298	4399
44299	4399
44300	4350
44301	4350
44302	4351
44303	4351
44304	4352
44305	4352
44306	4353
44307	4353
44308	4354
44309	4354
44310	4355
44311	4355
44312	4356
44313	4356
44314	4357
44315	4357
44316	4358
44317	4358
44318	4359
44319	4359
44320	4360
44321	4360
44322	4361
44323	4361
44324	4362
44325	4362
44326	4363
44327	4363
44328	4364
44329	4364
44330	4365
44331	4365
44332	4366
44333	4366
44334	4367
44335	4367
44336	4368
44337	4368
44338	4369
44339	4369
44340	4370
44341	4370
44342	4371
44343	4371
44344	4372
44345	4372
44346	4373
44347	4373
44348	4374
44349	4374
44350	4375
44351	4375
44352	4376
44353	4376
44354	4377
44355	4377
44356	4378
44357	4378
44358	4379
44359	4379
44360	4380
44361	4380
44362	4381
44363	4381
44364	4382
44365	4382
44366	4383
44367	4383
44368	4384
44369	4384
44370	4385
44371	4385
44372	4386
44373	4386
44374	4387
44375	4387
44376	4388
44377	4388
44378	4389
44379	4389
44380	4390
44381	4390
44382	4391
44383	4391
44384	4392
44385	4392
44386	4393
44387	4393
44388	4394
44389	4394
44390	4395
44391	4395
44392	4396
44393	4396
44394	4397
44395	4397
44396	4398
44397	4398
44398	4399
44399	4399
44400	4550
44401	4550
44402	4551
44403	4551
44404	4552
44405	4552
44406	4553
44407	4553
44408	4554
44409	4554
44410	4555
44411	4555
44412	4556
44413	4556
44414	4557
44415	4557
44416	4558
44417	4558
44418	4559
44419	4559
44420	4560
44421	4560
44422	4561
44423	4561
44424	4562
44425	4562
44426	4563
44427	4563
44428	4564
44429	4564
44430	4565
44431	4565
44432	4566
44433	4566
44434	4567
44435	4567
44436	4568
44437	4568
44438	4569
44439	4569
44440	4570
44441	4570
44442	4571
44443	4571
44444	4572
44445	4572
44446	4573
44447	4573
44448	4574
44449	4574
44450	4575
44451	4575
44452	4576
44453	4576
44454	4577
44455	4577
44456	4578
44457	4578
44458	4579
44459	4579
44460	4580
44461	4580
44462	4581
44463	4581
44464	4582
44465	4582
44466	4583
44467	4583
44468	4584
44469	4584
44470	4585
44471	4585
44472	4586
44473	4586
44474	4587
44475	4587
44476	4588
44477	4588
44478	4589
44479	4589
44480	4590
44481	4590
44482	4591
44483	4591
44484	4592
44485	4592
44486	4593
44487	4593
44488	4594
44489	4594
44490	4595
44491	4595
44492	4596
44493	4596
44494	4597
44495	4597
44496	4598
44497	4598
44498	4599
44499	4599
44500	4550
44501	4550
44502	4551
44503	4551
44504	4552
44505	4552
44506	4553
44507	4553
44508	4554
44509	4554
44510	4555
44511	4555
44512	4556
44513	4556
44514	4557
44515	4557
44516	4558
44517	4558
44518	4559
44519	4559
44520	4560
44521	4560
44522	4561
44523	4561
44524	4562
44525	4562
44526	4563
44527	4563
44528	4564
44529	4564
44530	4565
44531	4565
44532	4566
44533	4566
44534	4567
44535	4567
44536	4568
44537	4568
44538	4569
44539	4569
44540	4570
44541	4570
44542	4571
44543	4571
44544	4572
44545	4572
44546	4573
44547	4573
44548	4574
44549	4574
44550	4575
44551	4575
44552	4576
44553	4576
44554	4577
44555	4577
44556	4578
44557	4578
44558	4579
44559	4579
44560	4580
44561	4580
44562	4581
44563	4581
44564	4582
44565	4582
44566	4583
44567	4583
44568	4584
44569	4584
44570	4585
44571	4585
44572	4586
44573	4586
44574	4587
44575	4587
44576	4588
44577	4588
44578	4589
44579	4589
44580	4590
44581	4590
44582	4591
44583	4591
44584	4592
44585	4592
44586	4593
44587	4593
44588	4594
44589	4594
44590	4595
44591	4595
44592	4596
44593	4596
44594	4597
44595	4597
44596	4598
44597	4598
44598	4599
44599	4599
44600	4750
44601	4750
44602	4751
44603	4751
44604	4752
44605	4752
44606	4753
44607	4753
44608	4754
44609	4754
44610	4755
44611	4755
44612	4756
44613	4756
44614	4757
44615	4757
44616	4758
44617	4758
44618	4759
44619	4759
44620	4760
44621	4760
44622	4761
44623	4761
44624	4762
44625	4762
44626	4763
44627	4763
44628	4764
44629	4764
44630	4765
44631	4765
44632	4766
44633	4766
44634	4767
44635	4767
44636	4768
44637	4768
44638	4769
44639	4769
44640	4770
44641	4770
44642	4771
44643	4771
44644	4772
44645	4772
44646	4773
44647	4773
44648	4774
44649	4774
44650	4775
44651	4775
44652	4776
44653	4776
44654	4777
44655	4777
44656	4778
44657	4778
44658	4779
44659	4779
44660	4780
44661	4780
44662	4781
44663	4781
44664	4782
44665	4782
44666	4783
44667	4783
44668	4784
44669	4784
44670	4785
44671	4785
44672	4786
44673	4786
44674	4787
44675	4787
44676	4788
44677	4788
44678	4789
44679	4789
44680	4790
44681	4790
44682	4791
44683	4791
44684	4792
44685	4792
44686	4793
44687	4793
44688	4794
44689	4794
44690	4795
44691	4795
44692	4796
44693	4796
44694	4797
44695	4797
44696	4798
44697	4798
44698	4799
44699	4799
44700	4750
44701	4750
44702	4751
44703	4751
44704	4752
44705	4752
44706	4753
44707	4753
44708	4754
44709	4754
44710	4755
44711	4755
44712	4756
44713	4756
44714	4757
44715	4757
44716	4758
44717	4758
44718	4759
44719	4759
44720	4760
44721	4760
44722	4761
44723	4761
44724	4762
44725	4762
44726	4763
44727	4763
44728	4764
44729	4764
44730	4765
44731	4765
44732	4766
44733	4766
44734	4767
44735	4767
44736	4768
44737	4768
44738	4769
44739	4769
44740	4770
44741	4770
44742	4771
44743	4771
44744	4772
44745	4772
44746	4773
44747	4773
44748	4774
44749	4774
44750	4775
44751	4775
44752	4776
44753	4776
44754	4777
44755	4777
44756	4778
44757	4778
44758	4779
44759	4779
44760	4780
44761	4780
44762	4781
44763	4781
44764	4782
44765	4782
44766	4783
44767	4783
44768	4784
44769	4784
44770	4785
44771	4785
44772	4786
44773	4786
44774	4787
44775	4787
44776	4788
44777	4788
44778	4789
44779	4789
44780	4790
44781	4790
44782	4791
44783	4791
44784	4792
44785	4792
44786	4793
44787	4793
44788	4794
44789	4794
44790	4795
44791	4795
44792	4796
44793	4796
44794	4797
44795	4797
44796	4798
44797	4798
44798	4799
44799	4799
44800	4950
44801	4950
44802	4951
44803	4951
44804	4952
44805	4952
44806	4953
44807	4953
44808	4954
44809	4954
44810	4955
44811	4955
44812	4956
44813	4956
44814	4957
44815	4957
44816	4958
44817	4958
44818	4959
44819	4959
44820	4960
44821	4960
44822	4961
44823	4961
44824	4962
44825	4962
44826	4963
44827	4963
44828	4964
44829	4964
44830	4965
44831	4965
44832	4966
44833	4966
44834	4967
44835	4967
44836	4968
44837	4968
44838	4969
44839	4969
44840	4970
44841	4970
44842	4971
44843	4971
44844	4972
44845	4972
44846	4973
44847	4973
44848	4974
44849	4974
44850	4975
44851	4975
44852	4976
44853	4976
44854	4977
44855	4977
44856	4978
44857	4978
44858	4979
44859	4979
44860	4980
44861	4980
44862	4981
44863	4981
44864	4982
44865	4982
44866	4983
44867	4983
44868	4984
44869	4984
44870	4985
44871	4985
44872	4986
44873	4986
44874	4987
44875	4987
44876	4988
44877	4988
44878	4989
44879	4989
44880	4990
44881	4990
44882	4991
44883	4991
44884	4992
44885	4992
44886	4993
44887	4993
44888	4994
44889	4994
44890	4995
44891	4995
44892	4996
44893	4996
44894	4997
44895	4997
44896	4998
44897	4998
44898	4999
44899	4999
44900	4950
44901	4950
44902	4951
44903	4951
44904	4952
44905	4952
44906	4953
44907	4953
44908	4954
44909	4954
44910	4955
44911	4955
44912	4956
44913	4956
44914	4957
44915	4957
44916	4958
44917	4958
44918	4959
44919	4959
44920	4960
44921	4960
44922	4961
44923	4961
44924	4962
44925	4962
44926	4963
44927	4963
44928	4964
44929	4964
44930	4965
44931	4965
44932	4966
44933	4966
44934	4967
44935	4967
44936	4968
44937	4968
44938	4969
44939	4969
44940	4970
44941	4970
44942	4971
44943	4971
44944	4972
44945	4972
44946	4973
44947	4973
44948	4974
44949	4974
44950	4975
44951	4975
44952	4976
44953	4976
44954	4977
44955	4977
44956	4978
44957	4978
44958	4979
44959	4979
44960	4980
44961	4980
44962	4981
44963	4981
44964	4982
44965	4982
44966	4983
44967	4983
44968	4984
44969	4984
44970	4985
44971	4985
44972	4986
44973	4986
44974	4987
44975	4987
44976	4988
44977	4988
44978	4989
44979	4989
44980	4990
44981	4990
44982	4991
44983	4991
44984	4992
44985	4992
44986	4993
44987	4993
44988	4994
44989	4994
44990	4995
44991	4995
44992	4996
44993	4996
44994	4997
44995	4997
44996	4998
44997	4998
44998	4999
44999	4999
45000	5150
45001	5150
45002	5151
45003	5151
45004	5152
45005	5152
45006	5153
45007	5153
45008	5154
45009	5154
45010	5155
45011	5155
45012	5156
45013	5156
45014	5157
45015	5157
45016	5158
45017	5158
45018	5159
45019	5159
45020	5160
45021	5160
45022	5161
45023	5161
45024	5162
45025	5162
45026	5163
45027	5163
45028	5164
45029	5164
45030	5165
45031	5165
45032	5166
45033	5166
45034	5167
45035	5167
45036	5168
45037	5168
45038	5169
45039	5169
45040	5170
45041	5170
45042	5171
45043	5171
45044	5172
45045	5172
45046	5173
45047	5173
45048	5174
45049	5174
45050	5175
45051	5175
45052	5176
45053	5176
45054	5177
45055	5177
45056	5178
45057	5178
45058	5179
45059	5179
45060	5180
45061	5180
45062	5181
45063	5181
45064	5182
45065	5182
45066	5183
45067	5183
45068	5184
45069	5184
45070	5185
45071	5185
45072	5186
45073	5186
45074	5187
45075	5187
45076	5188
45077	5188
45078	5189
45079	5189
45080	5190
45081	5190
45082	5191
45083	5191
45084	5192
45085	5192
45086	5193
45087	5193
45088	5194
45089	5194
45090	5195
45091	5195
45092	5196
45093	5196
45094	5197
45095	5197
45096	5198
45097	5198
45098	5199
45099	5199
45100	5150
45101	5150
45102	5151
45103	5151
45104	5152
45105	5152
45106	5153
45107	5153
45108	5154
45109	5154
45110	5155
45111	5155
45112	5156
45113	5156
45114	5157
45115	5157
45116	5158
45117	5158
45118	5159
45119	5159
45120	5160
45121	5160
45122	5161
45123	5161
45124	5162
45125	5162
45126	5163
45127	5163
45128	5164
45129	5164
45130	5165
45131	5165
45132	5166
45133	5166
45134	5167
45135	5167
45136	5168
45137	5168
45138	5169
45139	5169
45140	5170
45141	5170
45142	5171
45143	5171
45144	5172
45145	5172
45146	5173
45147	5173
45148	5174
45149	5174
45150	5175
45151	5175
45152	5176
45153	5176
45154	5177
45155	5177
45156	5178
45157	5178
45158	5179
45159	5179
45160	5180
45161	5180
45162	5181
45163	5181
45164	5182
45165	5182
45166	5183
45167	5183
45168	5184
45169	5184
45170	5185
45171	5185
45172	5186
45173	5186
45174	5187
45175	5187
45176	5188
45177	5188
45178	5189
45179	5189
45180	5190
45181	5190
45182	5191
45183	5191
45184	5192
45185	5192
45186	5193
45187	5193
45188	5194
45189	5194
45190	5195
45191	5195
45192	5196
45193	5196
45194	5197
45195	5197
45196	5198
45197	5198
45198	5199
45199	5199
45200	5350
45201	5350
45202	5351
45203	5351
45204	5352
45205	5352
45206	5353
45207	5353
45208	5354
45209	5354
45210	5355
45211	5355
45212	5356
45213	5356
45214	5357
45215	5357
45216	5358
45217	5358
45218	5359
45219	5359
45220	5360
45221	5360
45222	5361
45223	5361
45224	5362
45225	5362
45226	5363
45227	5363
45228	5364
45229	5364
45230	5365
45231	5365
45232	5366
45233	5366
45234	5367
45235	5367
45236	5368
45237	5368
45238	5369
45239	5369
45240	5370
45241	5370
45242	5371
45243	5371
45244	5372
45245	5372
45246	5373
45247	5373
45248	5374
45249	5374
45250	5375
45251	5375
45252	5376
45253	5376
45254	5377
45255	5377
45256	5378
45257	5378
45258	5379
45259	5379
45260	5380
45261	5380
45262	5381
45263	5381
45264	5382
45265	5382
45266	5383
45267	5383
45268	5384
45269	5384
45270	5385
45271	5385
45272	5386
45273	5386
45274	5387
45275	5387
45276	5388
45277	5388
45278	5389
45279	5389
45280	5390
45281	5390
45282	5391
45283	5391
45284	5392
45285	5392
45286	5393
45287	5393
45288	5394
45289	5394
45290	5395
45291	5395
45292	5396
45293	5396
45294	5397
45295	5397
45296	5398
45297	5398
45298	5399
45299	5399
45300	5350
45301	5350
45302	5351
45303	5351
45304	5352
45305	5352
45306	5353
45307	5353
45308	5354
45309	5354
45310	5355
45311	5355
45312	5356
45313	5356
45314	5357
45315	5357
45316	5358
45317	5358
45318	5359
45319	5359
45320	5360
45321	5360
45322	5361
45323	5361
45324	5362
45325	5362
45326	5363
45327	5363
45328	5364
45329	5364
45330	5365
45331	5365
45332	5366
45333	5366
45334	5367
45335	5367
45336	5368
45337	5368
45338	5369
45339	5369
45340	5370
45341	5370
45342	5371
45343	5371
45344	5372
45345	5372
45346	5373
45347	5373
45348	5374
45349	5374
45350	5375
45351	5375
45352	5376
45353	5376
45354	5377
45355	5377
45356	5378
45357	5378
45358	5379
45359	5379
45360	5380
45361	5380
45362	5381
45363	5381
45364	5382
45365	5382
45366	5383
45367	5383
45368	5384
45369	5384
45370	5385
45371	5385
45372	5386
45373	5386
45374	5387
45375	5387
45376	5388
45377	5388
45378	5389
45379	5389
45380	5390
45381	5390
45382	5391
45383	5391
45384	5392
45385	5392
45386	5393
45387	5393
45388	5394
45389	5394
45390	5395
45391	5395
45392	5396
45393	5396
45394	5397
45395	5397
45396	5398
45397	5398
45398	5399
45399	5399
45400	5550
45401	5550
45402	5551
45403	5551
45404	5552
45405	5552
45406	5553
45407	5553
45408	5554
45409	5554
45410	5555
45411	5555
45412	5556
45413	5556
45414	5557
45415	5557
45416	5558
45417	5558
45418	5559
45419	5559
45420	5560
45421	5560
45422	5561
45423	5561
45424	5562
45425	5562
45426	5563
45427	5563
45428	5564
45429	5564
45430	5565
45431	5565
45432	5566
45433	5566
45434	5567
45435	5567
45436	5568
45437	5568
45438	5569
45439	5569
45440	5570
45441	5570
45442	5571
45443	5571
45444	5572
45445	5572
45446	5573
45447	5573
45448	5574
45449	5574
45450	5575
45451	5575
45452	5576
45453	5576
45454	5577
45455	5577
45456	5578
45457	5578
45458	5579
45459	5579
45460	5580
45461	5580
45462	5581
45463	5581
45464	5582
45465	5582
45466	5583
45467	5583
45468	5584
45469	5584
45470	5585
45471	5585
45472	5586
45473	5586
45474	5587
45475	5587
45476	5588
45477	5588
45478	5589
45479	5589
45480	5590
45481	5590
45482	5591
45483	5591
45484	5592
45485	5592
45486	5593
45487	5593
45488	5594
45489	5594
45490	5595
45491	5595
45492	5596
45493	5596
45494	5597
45495	5597
45496	5598
45497	5598
45498	5599
45499	5599
45500	5550
45501	5550
45502	5551
45503	5551
45504	5552
45505	5552
45506	5553
45507	5553
45508	5554
45509	5554
45510	5555
45511	5555
45512	5556
45513	5556
45514	5557
45515	5557
45516	5558
45517	5558
45518	5559
45519	5559
45520	5560
45521	5560
45522	5561
45523	5561
45524	5562
45525	5562
45526	5563
45527	5563
45528	5564
45529	5564
45530	5565
45531	5565
45532	5566
45533	5566
45534	5567
45535	5567
45536	5568
45537	5568
45538	5569
45539	5569
45540	5570
45541	5570
45542	5571
45543	5571
45544	5572
45545	5572
45546	5573
45547	5573
45548	5574
45549	5574
45550	5575
45551	5575
45552	5576
45553	5576
45554	5577
45555	5577
45556	5578
45557	5578
45558	5579
45559	5579
45560	5580
45561	5580
45562	5581
45563	5581
45564	5582
45565	5582
45566	5583
45567	5583
45568	5584
45569	5584
45570	5585
45571	5585
45572	5586
45573	5586
45574	5587
45575	5587
45576	5588
45577	5588
45578	5589
45579	5589
45580	5590
45581	5590
45582	5591
45583	5591
45584	5592
45585	5592
45586	5593
45587	5593
45588	5594
45589	5594
45590	5595
45591	5595
45592	5596
45593	5596
45594	5597
45595	5597
45596	5598
45597	5598
45598	5599
45599	5599
45600	5750
45601	5750
45602	5751
45603	5751
45604	5752
45605	5752
45606	5753
45607	5753
45608	5754
45609	5754
45610	5755
45611	5755
45612	5756
45613	5756
45614	5757
45615	5757
45616	5758
45617	5758
45618	5759
45619	5759
45620	5760
45621	5760
45622	5761
45623	5761
45624	5762
45625	5762
45626	5763
45627	5763
45628	5764
45629	5764
45630	5765
45631	5765
45632	5766
45633	5766
45634	5767
45635	5767
45636	5768
45637	5768
45638	5769
45639	5769
45640	5770
45641	5770
45642	5771
45643	5771
45644	5772
45645	5772
45646	5773
45647	5773
45648	5774
45649	5774
45650	5775
45651	5775
45652	5776
45653	5776
45654	5777
45655	5777
45656	5778
45657	5778
45658	5779
45659	5779
45660	5780
45661	5780
45662	5781
45663	5781
45664	5782
45665	5782
45666	5783
45667	5783
45668	5784
45669	5784
45670	5785
45671	5785
45672	5786
45673	5786
45674	5787
45675	5787
45676	5788
45677	5788
45678	5789
45679	5789
45680	5790
45681	5790
45682	5791
45683	5791
45684	5792
45685	5792
45686	5793
45687	5793
45688	5794
45689	5794
45690	5795
45691	5795
45692	5796
45693	5796
45694	5797
45695	5797
45696	5798
45697	5798
45698	5799
45699	5799
45700	5750
45701	5750
45702	5751
45703	5751
45704	5752
45705	5752
45706	5753
45707	5753
45708	5754
45709	5754
45710	5755
45711	5755
45712	5756
45713	5756
45714	5757
45715	5757
45716	5758
45717	5758
45718	5759
45719	5759
45720	5760
45721	5760
45722	5761
45723	5761
45724	5762
45725	5762
45726	5763
45727	5763
45728	5764
45729	5764
45730	5765
45731	5765
45732	5766
45733	5766
45734	5767
45735	5767
45736	5768
45737	5768
45738	5769
45739	5769
45740	5770
45741	5770
45742	5771
45743	5771
45744	5772
45745	5772
45746	5773
45747	5773
45748	5774
45749	5774
45750	5775
45751	5775
45752	5776
45753	5776
45754	5777
45755	5777
45756	5778
45757	5778
45758	5779
45759	5779
45760	5780
45761	5780
45762	5781
45763	5781
45764	5782
45765	5782
45766	5783
45767	5783
45768	5784
45769	5784
45770	5785
45771	5785
45772	5786
45773	5786
45774	5787
45775	5787
45776	5788
45777	5788
45778	5789
45779	5789
45780	5790
45781	5790
45782	5791
45783	5791
45784	5792
45785	5792
45786	5793
45787	5793
45788	5794
45789	5794
45790	5795
45791	5795
45792	5796
45793	5796
45794	5797
45795	5797
45796	5798
45797	5798
45798	5799
45799	5799
45800	5950
45801	5950
45802	5951
45803	5951
45804	5952
45805	5952
45806	5953
45807	5953
45808	5954
45809	5954
45810	5955
45811	5955
45812	5956
45813	5956
45814	5957
45815	5957
45816	5958
45817	5958
45818	5959
45819	5959
45820	5960
45821	5960
45822	5961
45823	5961
45824	5962
45825	5962
45826	5963
45827	5963
45828	5964
45829	5964
45830	5965
45831	5965
45832	5966
45833	5966
45834	5967
45835	5967
45836	5968
45837	5968
45838	5969
45839	5969
45840	5970
45841	5970
45842	5971
45843	5971
45844	5972
45845	5972
45846	5973
45847	5973
45848	5974
45849	5974
45850	5975
45851	5975
45852	5976
45853	5976
45854	5977
45855	5977
45856	5978
45857	5978
45858	5979
45859	5979
45860	5980
45861	5980
45862	5981
45863	5981
45864	5982
45865	5982
45866	5983
45867	5983
45868	5984
45869	5984
45870	5985
45871	5985
45872	5986
45873	5986
45874	5987
45875	5987
45876	5988
45877	5988
45878	5989
45879	5989
45880	5990
45881	5990
45882	5991
45883	5991
45884	5992
45885	5992
45886	5993
45887	5993
45888	5994
45889	5994
45890	5995
45891	5995
45892	5996
45893	5996
45894	5997
45895	5997
45896	5998
45897	5998
45898	5999
45899	5999
45900	5950
45901	5950
45902	5951
45903	5951
45904	5952
45905	5952
45906	5953
45907	5953
45908	5954
45909	5954
45910	5955
45911	5955
45912	5956
45913	5956
45914	5957
45915	5957
45916	5958
45917	5958
45918	5959
45919	5959
45920	5960
45921	5960
45922	5961
45923	5961
45924	5962
45925	5962
45926	5963
45927	5963
45928	5964
45929	5964
45930	5965
45931	5965
45932	5966
45933	5966
45934	5967
45935	5967
45936	5968
45937	5968
45938	5969
45939	5969
45940	5970
45941	5970
45942	5971
45943	5971
45944	5972
45945	5972
45946	5973
45947	5973
45948	5974
45949	5974
45950	5975
45951	5975
45952	5976
45953	5976
45954	5977
45955	5977
45956	5978
45957	5978
45958	5979
45959	5979
45960	5980
45961	5980
45962	5981
45963	5981
45964	5982
45965	5982
45966	5983
45967	5983
45968	5984
45969	5984
45970	5985
45971	5985
45972	5986
45973	5986
45974	5987
45975	5987
45976	5988
45977	5988
45978	5989
45979	5989
45980	5990
45981	5990
45982	5991
45983	5991
45984	5992
45985	5992
45986	5993
45987	5993
45988	5994
45989	5994
45990	5995
45991	5995
45992	5996
45993	5996
45994	5997
45995	5997
45996	5998
45997	5998
45998	5999
45999	5999
46000	6150
46001	6150
46002	6151
46003	6151
46004	6152
46005	6152
46006	6153
46007	6153
46008	6154
46009	6154
46010	6155
46011	6155
46012	6156
46013	6156
46014	6157
46015	6157
46016	6158
46017	6158
46018	6159
46019	6159
46020	6160
46021	6160
46022	6161
46023	6161
46024	6162
46025	6162
46026	6163
46027	6163
46028	6164
46029	6164
46030	6165
46031	6165
46032	6166
46033	6166
46034	6167
46035	6167
46036	6168
46037	6168
46038	6169
46039	6169
46040	6170
46041	6170
46042	6171
46043	6171
46044	6172
46045	6172
46046	6173
46047	6173
46048	6174
46049	6174
46050	6175
46051	6175
46052	6176
46053	6176
46054	6177
46055	6177
46056	6178
46057	6178
46058	6179
46059	6179
46060	6180
46061	6180
46062	6181
46063	6181
46064	6182
46065	6182
46066	6183
46067	6183
46068	6184
46069	6184
46070	6185
46071	6185
46072	6186
46073	6186
46074	6187
46075	6187
46076	6188
46077	6188
46078	6189
46079	6189
46080	6190
46081	6190
46082	6191
46083	6191
46084	6192
46085	6192
46086	6193
46087	6193
46088	6194
46089	6194
46090	6195
46091	6195
46092	6196
46093	6196
46094	6197
46095	6197
46096	6198
46097	6198
46098	6199
46099	6199
46100	6150
46101	6150
46102	6151
46103	6151
46104	6152
46105	6152
46106	6153
46107	6153
46108	6154
46109	6154
46110	6155
46111	6155
46112	6156
46113	6156
46114	6157
46115	6157
46116	6158
46117	6158
46118	6159
46119	6159
46120	6160
46121	6160
46122	6161
46123	6161
46124	6162
46125	6162
46126	6163
46127	6163
46128	6164
46129	6164
46130	6165
46131	6165
46132	6166
46133	6166
46134	6167
46135	6167
46136	6168
46137	6168
46138	6169
46139	6169
46140	6170
46141	6170
46142	6171
46143	6171
46144	6172
46145	6172
46146	6173
46147	6173
46148	6174
46149	6174
46150	6175
46151	6175
46152	6176
46153	6176
46154	6177
46155	6177
46156	6178
46157	6178
46158	6179
46159	6179
46160	6180
46161	6180
46162	6181
46163	6181
46164	6182
46165	6182
46166	6183
46167	6183
46168	6184
46169	6184
46170	6185
46171	6185
46172	6186
46173	6186
46174	6187
46175	6187
46176	6188
46177	6188
46178	6189
46179	6189
46180	6190
46181	6190
46182	6191
46183	6191
46184	6192
46185	6192
46186	6193
46187	6193
46188	6194
46189	6194
46190	6195
46191	6195
46192	6196
46193	6196
46194	6197
46195	6197
46196	6198
46197	6198
46198	6199
46199	6199
46200	6350
46201	6350
46202	6351
46203	6351
46204	6352
46205	6352
46206	6353
46207	6353
46208	6354
46209	6354
46210	6355
46211	6355
46212	6356
46213	6356
46214	6357
46215	6357
46216	6358
46217	6358
46218	6359
46219	6359
46220	6360
46221	6360
46222	6361
46223	6361
46224	6362
46225	6362
46226	6363
46227	6363
46228	6364
46229	6364
46230	6365
46231	6365
46232	6366
46233	6366
46234	6367
46235	6367
46236	6368
46237	6368
46238	6369
46239	6369
46240	6370
46241	6370
46242	6371
46243	6371
46244	6372
46245	6372
46246	6373
46247	6373
46248	6374
46249	6374
46250	6375
46251	6375
46252	6376
46253	6376
46254	6377
46255	6377
46256	6378
46257	6378
46258	6379
46259	6379
46260	6380
46261	6380
46262	6381
46263	6381
46264	6382
46265	6382
46266	6383
46267	6383
46268	6384
46269	6384
46270	6385
46271	6385
46272	6386
46273	6386
46274	6387
46275	6387
46276	6388
46277	6388
46278	6389
46279	6389
46280	6390
46281	6390
46282	6391
46283	6391
46284	6392
46285	6392
46286	6393
46287	6393
46288	6394
46289	6394
46290	6395
46291	6395
46292	6396
46293	6396
46294	6397
46295	6397
46296	6398
46297	6398
46298	6399
46299	6399
46300	6350
46301	6350
46302	6351
46303	6351
46304	6352
46305	6352
46306	6353
46307	6353
46308	6354
46309	6354
46310	6355
46311	6355
46312	6356
46313	6356
46314	6357
46315	6357
46316	6358
46317	6358
46318	6359
46319	6359
46320	6360
46321	6360
46322	6361
46323	6361
46324	6362
46325	6362
46326	6363
46327	6363
46328	6364
46329	6364
46330	6365
46331	6365
46332	6366
46333	6366
46334	6367
46335	6367
46336	6368
46337	6368
46338	6369
46339	6369
46340	6370
46341	6370
46342	6371
46343	6371
46344	6372
46345	6372
46346	6373
46347	6373
46348	6374
46349	6374
46350	6375
46351	6375
46352	6376
46353	6376
46354	6377
46355	6377
46356	6378
46357	6378
46358	6379
46359	6379
46360	6380
46361	6380
46362	6381
46363	6381
46364	6382
46365	6382
46366	6383
46367	6383
46368	6384
46369	6384
46370	6385
46371	6385
46372	6386
46373	6386
46374	6387
46375	6387
46376	6388
46377	6388
46378	6389
46379	6389
46380	6390
46381	6390
46382	6391
46383	6391
46384	6392
46385	6392
46386	6393
46387	6393
46388	6394
46389	6394
46390	6395
46391	6395
46392	6396
46393	6396
46394	6397
46395	6397
46396	6398
46397	6398
46398	6399
46399	6399
46400	6550
46401	6550
46402	6551
46403	6551
46404	6552
46405	6552
46406	6553
46407	6553
46408	6554
46409	6554
46410	6555
46411	6555
46412	6556
46413	6556
46414	6557
46415	6557
46416	6558
46417	6558
46418	6559
46419	6559
46420	6560
46421	6560
46422	6561
46423	6561
46424	6562
46425	6562
46426	6563
46427	6563
46428	6564
46429	6564
46430	6565
46431	6565
46432	6566
46433	6566
46434	6567
46435	6567
46436	6568
46437	6568
46438	6569
46439	6569
46440	6570
46441	6570
46442	6571
46443	6571
46444	6572
46445	6572
46446	6573
46447	6573
46448	6574
46449	6574
46450	6575
46451	6575
46452	6576
46453	6576
46454	6577
46455	6577
46456	6578
46457	6578
46458	6579
46459	6579
46460	6580
46461	6580
46462	6581
46463	6581
46464	6582
46465	6582
46466	6583
46467	6583
46468	6584
46469	6584
46470	6585
46471	6585
46472	6586
46473	6586
46474	6587
46475	6587
46476	6588
46477	6588
46478	6589
46479	6589
46480	6590
46481	6590
46482	6591
46483	6591
46484	6592
46485	6592
46486	6593
46487	6593
46488	6594
46489	6594
46490	6595
46491	6595
46492	6596
46493	6596
46494	6597
46495	6597
46496	6598
46497	6598
46498	6599
46499	6599
46500	6550
46501	6550
46502	6551
46503	6551
46504	6552
46505	6552
46506	6553
46507	6553
46508	6554
46509	6554
46510	6555
46511	6555
46512	6556
46513	6556
46514	6557
46515	6557
46516	6558
46517	6558
46518	6559
46519	6559
46520	6560
46521	6560
46522	6561
46523	6561
46524	6562
46525	6562
46526	6563
46527	6563
46528	6564
46529	6564
46530	6565
46531	6565
46532	6566
46533	6566
46534	6567
46535	6567
46536	6568
46537	6568
46538	6569
46539	6569
46540	6570
46541	6570
46542	6571
46543	6571
46544	6572
46545	6572
46546	6573
46547	6573
46548	6574
46549	6574
46550	6575
46551	6575
46552	6576
46553	6576
46554	6577
46555	6577
46556	6578
46557	6578
46558	6579
46559	6579
46560	6580
46561	6580
46562	6581
46563	6581
46564	6582
46565	6582
46566	6583
46567	6583
46568	6584
46569	6584
46570	6585
46571	6585
46572	6586
46573	6586
46574	6587
46575	6587
46576	6588
46577	6588
46578	6589
46579	6589
46580	6590
46581	6590
46582	6591
46583	6591
46584	6592
46585	6592
46586	6593
46587	6593
46588	6594
46589	6594
46590	6595
46591	6595
46592	6596
46593	6596
46594	6597
46595	6597
46596	6598
46597	6598
46598	6599
46599	6599
46600	6750
46601	6750
46602	6751
46603	6751
46604	6752
46605	6752
46606	6753
46607	6753
46608	6754
46609	6754
46610	6755
46611	6755
46612	6756
46613	6756
46614	6757
46615	6757
46616	6758
46617	6758
46618	6759
46619	6759
46620	6760
46621	6760
46622	6761
46623	6761
46624	6762
46625	6762
46626	6763
46627	6763
46628	6764
46629	6764
46630	6765
46631	6765
46632	6766
46633	6766
46634	6767
46635	6767
46636	6768
46637	6768
46638	6769
46639	6769
46640	6770
46641	6770
46642	6771
46643	6771
46644	6772
46645	6772
46646	6773
46647	6773
46648	6774
46649	6774
46650	6775
46651	6775
46652	6776
46653	6776
46654	6777
46655	6777
46656	6778
46657	6778
46658	6779
46659	6779
46660	6780
46661	6780
46662	6781
46663	6781
46664	6782
46665	6782
46666	6783
46667	6783
46668	6784
46669	6784
46670	6785
46671	6785
46672	6786
46673	6786
46674	6787
46675	6787
46676	6788
46677	6788
46678	6789
46679	6789
46680	6790
46681	6790
46682	6791
46683	6791
46684	6792
46685	6792
46686	6793
46687	6793
46688	6794
46689	6794
46690	6795
46691	6795
46692	6796
46693	6796
46694	6797
46695	6797
46696	6798
46697	6798
46698	6799
46699	6799
46700	6750
46701	6750
46702	6751
46703	6751
46704	6752
46705	6752
46706	6753
46707	6753
46708	6754
46709	6754
46710	6755
46711	6755
46712	6756
46713	6756
46714	6757
46715	6757
46716	6758
46717	6758
46718	6759
46719	6759
46720	6760
46721	6760
46722	6761
46723	6761
46724	6762
46725	6762
46726	6763
46727	6763
46728	6764
46729	6764
46730	6765
46731	6765
46732	6766
46733	6766
46734	6767
46735	6767
46736	6768
46737	6768
46738	6769
46739	6769
46740	6770
46741	6770
46742	6771
46743	6771
46744	6772
46745	6772
46746	6773
46747	6773
46748	6774
46749	6774
46750	6775
46751	6775
46752	6776
46753	6776
46754	6777
46755	6777
46756	6778
46757	6778
46758	6779
46759	6779
46760	6780
46761	6780
46762	6781
46763	6781
46764	6782
46765	6782
46766	6783
46767	6783
46768	6784
46769	6784
46770	6785
46771	6785
46772	6786
46773	6786
46774	6787
46775	6787
46776	6788
46777	6788
46778	6789
46779	6789
46780	6790
46781	6790
46782	6791
46783	6791
46784	6792
46785	6792
46786	6793
46787	6793
46788	6794
46789	6794
46790	6795
46791	6795
46792	6796
46793	6796
46794	6797
46795	6797
46796	6798
46797	6798
46798	6799
46799	6799
46800	6950
46801	6950
46802	6951
46803	6951
46804	6952
46805	6952
46806	6953
46807	6953
46808	6954
46809	6954
46810	6955
46811	6955
46812	6956
46813	6956
46814	6957
46815	6957
46816	6958
46817	6958
46818	6959
46819	6959
46820	6960
46821	6960
46822	6961
46823	6961
46824	6962
46825	6962
46826	6963
46827	6963
46828	6964
46829	6964
46830	6965
46831	6965
46832	6966
46833	6966
46834	6967
46835	6967
46836	6968
46837	6968
46838	6969
46839	6969
46840	6970
46841	6970
46842	6971
46843	6971
46844	6972
46845	6972
46846	6973
46847	6973
46848	6974
46849	6974
46850	6975
46851	6975
46852	6976
46853	6976
46854	6977
46855	6977
46856	6978
46857	6978
46858	6979
46859	6979
46860	6980
46861	6980
46862	6981
46863	6981
46864	6982
46865	6982
46866	6983
46867	6983
46868	6984
46869	6984
46870	6985
46871	6985
46872	6986
46873	6986
46874	6987
46875	6987
46876	6988
46877	6988
46878	6989
46879	6989
46880	6990
46881	6990
46882	6991
46883	6991
46884	6992
46885	6992
46886	6993
46887	6993
46888	6994
46889	6994
46890	6995
46891	6995
46892	6996
46893	6996
46894	6997
46895	6997
46896	6998
46897	6998
46898	6999
46899	6999
46900	6950
46901	6950
46902	6951
46903	6951
46904	6952
46905	6952
46906	6953
46907	6953
46908	6954
46909	6954
46910	6955
46911	6955
46912	6956
46913	6956
46914	6957
46915	6957
46916	6958
46917	6958
46918	6959
46919	6959
46920	6960
46921	6960
46922	6961
46923	6961
46924	6962
46925	6962
46926	6963
46927	6963
46928	6964
46929	6964
46930	6965
46931	6965
46932	6966
46933	6966
46934	6967
46935	6967
46936	6968
46937	6968
46938	6969
46939	6969
46940	6970
46941	6970
46942	6971
46943	6971
46944	6972
46945	6972
46946	6973
46947	6973
46948	6974
46949	6974
46950	6975
46951	6975
46952	6976
46953	6976
46954	6977
46955	6977
46956	6978
46957	6978
46958	6979
46959	6979
46960	6980
46961	6980
46962	6981
46963	6981
46964	6982
46965	6982
46966	6983
46967	6983
46968	6984
46969	6984
46970	6985
46971	6985
46972	6986
46973	6986
46974	6987
46975	6987
46976	6988
46977	6988
46978	6989
46979	6989
46980	6990
46981	6990
46982	6991
46983	6991
46984	6992
46985	6992
46986	6993
46987	6993
46988	6994
46989	6994
46990	6995
46991	6995
46992	6996
46993	6996
46994	6997
46995	6997
46996	6998
46997	6998
46998	6999
46999	6999
47000	7150
47001	7150
47002	7151
47003	7151
47004	7152
47005	7152
47006	7153
47007	7153
47008	7154
47009	7154
47010	7155
47011	7155
47012	7156
47013	7156
47014	7157
47015	7157
47016	7158
47017	7158
47018	7159
47019	7159
47020	7160
47021	7160
47022	7161
47023	7161
47024	7162
47025	7162
47026	7163
47027	7163
47028	7164
47029	7164
47030	7165
47031	7165
47032	7166
47033	7166
47034	7167
47035	7167
47036	7168
47037	7168
47038	7169
47039	7169
47040	7170
47041	7170
47042	7171
47043	7171
47044	7172
47045	7172
47046	7173
47047	7173
47048	7174
47049	7174
47050	7175
47051	7175
47052	7176
47053	7176
47054	7177
47055	7177
47056	7178
47057	7178
47058	7179
47059	7179
47060	7180
47061	7180
47062	7181
47063	7181
47064	7182
47065	7182
47066	7183
47067	7183
47068	7184
47069	7184
47070	7185
47071	7185
47072	7186
47073	7186
47074	7187
47075	7187
47076	7188
47077	7188
47078	7189
47079	7189
47080	7190
47081	7190
47082	7191
47083	7191
47084	7192
47085	7192
47086	7193
47087	7193
47088	7194
47089	7194
47090	7195
47091	7195
47092	7196
47093	7196
47094	7197
47095	7197
47096	7198
47097	7198
47098	7199
47099	7199
47100	7150
47101	7150
47102	7151
47103	7151
47104	7152
47105	7152
47106	7153
47107	7153
47108	7154
47109	7154
47110	7155
47111	7155
47112	7156
47113	7156
47114	7157
47115	7157
47116	7158
47117	7158
47118	7159
47119	7159
47120	7160
47121	7160
47122	7161
47123	7161
47124	7162
47125	7162
47126	7163
47127	7163
47128	7164
47129	7164
47130	7165
47131	7165
47132	7166
47133	7166
47134	7167
47135	7167
47136	7168
47137	7168
47138	7169
47139	7169
47140	7170
47141	7170
47142	7171
47143	7171
47144	7172
47145	7172
47146	7173
47147	7173
47148	7174
47149	7174
47150	7175
47151	7175
47152	7176
47153	7176
47154	7177
47155	7177
47156	7178
47157	7178
47158	7179
47159	7179
47160	7180
47161	7180
47162	7181
47163	7181
47164	7182
47165	7182
47166	7183
47167	7183
47168	7184
47169	7184
47170	7185
47171	7185
47172	7186
47173	7186
47174	7187
47175	7187
47176	7188
47177	7188
47178	7189
47179	7189
47180	7190
47181	7190
47182	7191
47183	7191
47184	7192
47185	7192
47186	7193
47187	7193
47188	7194
47189	7194
47190	7195
47191	7195
47192	7196
47193	7196
47194	7197
47195	7197
47196	7198
47197	7198
47198	7199
47199	7199
47200	7350
47201	7350
47202	7351
47203	7351
47204	7352
47205	7352
47206	7353
47207	7353
47208	7354
47209	7354
47210	7355
47211	7355
47212	7356
47213	7356
47214	7357
47215	7357
47216	7358
47217	7358
47218	7359
47219	7359
47220	7360
47221	7360
47222	7361
47223	7361
47224	7362
47225	7362
47226	7363
47227	7363
47228	7364
47229	7364
47230	7365
47231	7365
47232	7366
47233	7366
47234	7367
47235	7367
47236	7368
47237	7368
47238	7369
47239	7369
47240	7370
47241	7370
47242	7371
47243	7371
47244	7372
47245	7372
47246	7373
47247	7373
47248	7374
47249	7374
47250	7375
47251	7375
47252	7376
47253	7376
47254	7377
47255	7377
47256	7378
47257	7378
47258	7379
47259	7379
47260	7380
47261	7380
47262	7381
47263	7381
47264	7382
47265	7382
47266	7383
47267	7383
47268	7384
47269	7384
47270	7385
47271	7385
47272	7386
47273	7386
47274	7387
47275	7387
47276	7388
47277	7388
47278	7389
47279	7389
47280	7390
47281	7390
47282	7391
47283	7391
47284	7392
47285	7392
47286	7393
47287	7393
47288	7394
47289	7394
47290	7395
47291	7395
47292	7396
47293	7396
47294	7397
47295	7397
47296	7398
47297	7398
47298	7399
47299	7399
47300	7350
47301	7350
47302	7351
47303	7351
47304	7352
47305	7352
47306	7353
47307	7353
47308	7354
47309	7354
47310	7355
47311	7355
47312	7356
47313	7356
47314	7357
47315	7357
47316	7358
47317	7358
47318	7359
47319	7359
47320	7360
47321	7360
47322	7361
47323	7361
47324	7362
47325	7362
47326	7363
47327	7363
47328	7364
47329	7364
47330	7365
47331	7365
47332	7366
47333	7366
47334	7367
47335	7367
47336	7368
47337	7368
47338	7369
47339	7369
47340	7370
47341	7370
47342	7371
47343	7371
47344	7372
47345	7372
47346	7373
47347	7373
47348	7374
47349	7374
47350	7375
47351	7375
47352	7376
47353	7376
47354	7377
47355	7377
47356	7378
47357	7378
47358	7379
47359	7379
47360	7380
47361	7380
47362	7381
47363	7381
47364	7382
47365	7382
47366	7383
47367	7383
47368	7384
47369	7384
47370	7385
47371	7385
47372	7386
47373	7386
47374	7387
47375	7387
47376	7388
47377	7388
47378	7389
47379	7389
47380	7390
47381	7390
47382	7391
47383	7391
47384	7392
47385	7392
47386	7393
47387	7393
47388	7394
47389	7394
47390	7395
47391	7395
47392	7396
47393	7396
47394	7397
47395	7397
47396	7398
47397	7398
47398	7399
47399	7399
47400	7550
47401	7550
47402	7551
47403	7551
47404	7552
47405	7552
47406	7553
47407	7553
47408	7554
47409	7554
47410	7555
47411	7555
47412	7556
47413	7556
47414	7557
47415	7557
47416	7558
47417	7558
47418	7559
47419	7559
47420	7560
47421	7560
47422	7561
47423	7561
47424	7562
47425	7562
47426	7563
47427	7563
47428	7564
47429	7564
47430	7565
47431	7565
47432	7566
47433	7566
47434	7567
47435	7567
47436	7568
47437	7568
47438	7569
47439	7569
47440	7570
47441	7570
47442	7571
47443	7571
47444	7572
47445	7572
47446	7573
47447	7573
47448	7574
47449	7574
47450	7575
47451	7575
47452	7576
47453	7576
47454	7577
47455	7577
47456	7578
47457	7578
47458	7579
47459	7579
47460	7580
47461	7580
47462	7581
47463	7581
47464	7582
47465	7582
47466	7583
47467	7583
47468	7584
47469	7584
47470	7585
47471	7585
47472	7586
47473	7586
47474	7587
47475	7587
47476	7588
47477	7588
47478	7589
47479	7589
47480	7590
47481	7590
47482	7591
47483	7591
47484	7592
47485	7592
47486	7593
47487	7593
47488	7594
47489	7594
47490	7595
47491	7595
47492	7596
47493	7596
47494	7597
47495	7597
47496	7598
47497	7598
47498	7599
47499	7599
47500	7550
47501	7550
47502	7551
47503	7551
47504	7552
47505	7552
47506	7553
47507	7553
47508	7554
47509	7554
47510	7555
47511	7555
47512	7556
47513	7556
47514	7557
47515	7557
47516	7558
47517	7558
47518	7559
47519	7559
47520	7560
47521	7560
47522	7561
47523	7561
47524	7562
47525	7562
47526	7563
47527	7563
47528	7564
47529	7564
47530	7565
47531	7565
47532	7566
47533	7566
47534	7567
47535	7567
47536	7568
47537	7568
47538	7569
47539	7569
47540	7570
47541	7570
47542	7571
47543	7571
47544	7572
47545	7572
47546	7573
47547	7573
47548	7574
47549	7574
47550	7575
47551	7575
47552	7576
47553	7576
47554	7577
47555	7577
47556	7578
47557	7578
47558	7579
47559	7579
47560	7580
47561	7580
47562	7581
47563	7581
47564	7582
47565	7582
47566	7583
47567	7583
47568	7584
47569	7584
47570	7585
47571	7585
47572	7586
47573	7586
47574	7587
47575	7587
47576	7588
47577	7588
47578	7589
47579	7589
47580	7590
47581	7590
47582	7591
47583	7591
47584	7592
47585	7592
47586	7593
47587	7593
47588	7594
47589	7594
47590	7595
47591	7595
47592	7596
47593	7596
47594	7597
47595	7597
47596	7598
47597	7598
47598	7599
47599	7599
47600	7750
47601	7750
47602	7751
47603	7751
47604	7752
47605	7752
47606	7753
47607	7753
47608	7754
47609	7754
47610	7755
47611	7755
47612	7756
47613	7756
47614	7757
47615	7757
47616	7758
47617	7758
47618	7759
47619	7759
47620	7760
47621	7760
47622	7761
47623	7761
47624	7762
47625	7762
47626	7763
47627	7763
47628	7764
47629	7764
47630	7765
47631	7765
47632	7766
47633	7766
47634	7767
47635	7767
47636	7768
47637	7768
47638	7769
47639	7769
47640	7770
47641	7770
47642	7771
47643	7771
47644	7772
47645	7772
47646	7773
47647	7773
47648	7774
47649	7774
47650	7775
47651	7775
47652	7776
47653	7776
47654	7777
47655	7777
47656	7778
47657	7778
47658	7779
47659	7779
47660	7780
47661	7780
47662	7781
47663	7781
47664	7782
47665	7782
47666	7783
47667	7783
47668	7784
47669	7784
47670	7785
47671	7785
47672	7786
47673	7786
47674	7787
47675	7787
47676	7788
47677	7788
47678	7789
47679	7789
47680	7790
47681	7790
47682	7791
47683	7791
47684	7792
47685	7792
47686	7793
47687	7793
47688	7794
47689	7794
47690	7795
47691	7795
47692	7796
47693	7796
47694	7797
47695	7797
47696	7798
47697	7798
47698	7799
47699	7799
47700	7750
47701	7750
47702	7751
47703	7751
47704	7752
47705	7752
47706	7753
47707	7753
47708	7754
47709	7754
47710	7755
47711	7755
47712	7756
47713	7756
47714	7757
47715	7757
47716	7758
47717	7758
47718	7759
47719	7759
47720	7760
47721	7760
47722	7761
47723	7761
47724	7762
47725	7762
47726	7763
47727	7763
47728	7764
47729	7764
47730	7765
47731	7765
47732	7766
47733	7766
47734	7767
47735	7767
47736	7768
47737	7768
47738	7769
47739	7769
47740	7770
47741	7770
47742	7771
47743	7771
47744	7772
47745	7772
47746	7773
47747	7773
47748	7774
47749	7774
47750	7775
47751	7775
47752	7776
47753	7776
47754	7777
47755	7777
47756	7778
47757	7778
47758	7779
47759	7779
47760	7780
47761	7780
47762	7781
47763	7781
47764	7782
47765	7782
47766	7783
47767	7783
47768	7784
47769	7784
47770	7785
47771	7785
47772	7786
47773	7786
47774	7787
47775	7787
47776	7788
47777	7788
47778	7789
47779	7789
47780	7790
47781	7790
47782	7791
47783	7791
47784	7792
47785	7792
47786	7793
47787	7793
47788	7794
47789	7794
47790	7795
47791	7795
47792	7796
47793	7796
47794	7797
47795	7797
47796	7798
47797	7798
47798	7799
47799	7799
47800	7950
47801	7950
47802	7951
47803	7951
47804	7952
47805	7952
47806	7953
47807	7953
47808	7954
47809	7954
47810	7955
47811	7955
47812	7956
47813	7956
47814	7957
47815	7957
47816	7958
47817	7958
47818	7959
47819	7959
47820	7960
47821	7960
47822	7961
47823	7961
47824	7962
47825	7962
47826	7963
47827	7963
47828	7964
47829	7964
47830	7965
47831	7965
47832	7966
47833	7966
47834	7967
47835	7967
47836	7968
47837	7968
47838	7969
47839	7969
47840	7970
47841	7970
47842	7971
47843	7971
47844	7972
47845	7972
47846	7973
47847	7973
47848	7974
47849	7974
47850	7975
47851	7975
47852	7976
47853	7976
47854	7977
47855	7977
47856	7978
47857	7978
47858	7979
47859	7979
47860	7980
47861	7980
47862	7981
47863	7981
47864	7982
47865	7982
47866	7983
47867	7983
47868	7984
47869	7984
47870	7985
47871	7985
47872	7986
47873	7986
47874	7987
47875	7987
47876	7988
47877	7988
47878	7989
47879	7989
47880	7990
47881	7990
47882	7991
47883	7991
47884	7992
47885	7992
47886	7993
47887	7993
47888	7994
47889	7994
47890	7995
47891	7995
47892	7996
47893	7996
47894	7997
47895	7997
47896	7998
47897	7998
47898	7999
47899	7999
47900	7950
47901	7950
47902	7951
47903	7951
47904	7952
47905	7952
47906	7953
47907	7953
47908	7954
47909	7954
47910	7955
47911	7955
47912	7956
47913	7956
47914	7957
47915	7957
47916	7958
47917	7958
47918	7959
47919	7959
47920	7960
47921	7960
47922	7961
47923	7961
47924	7962
47925	7962
47926	7963
47927	7963
47928	7964
47929	7964
47930	7965
47931	7965
47932	7966
47933	7966
47934	7967
47935	7967
47936	7968
47937	7968
47938	7969
47939	7969
47940	7970
47941	7970
47942	7971
47943	7971
47944	7972
47945	7972
47946	7973
47947	7973
47948	7974
47949	7974
47950	7975
47951	7975
47952	7976
47953	7976
47954	7977
47955	7977
47956	7978
47957	7978
47958	7979
47959	7979
47960	7980
47961	7980
47962	7981
47963	7981
47964	7982
47965	7982
47966	7983
47967	7983
47968	7984
47969	7984
47970	7985
47971	7985
47972	7986
47973	7986
47974	7987
47975	7987
47976	7988
47977	7988
47978	7989
47979	7989
47980	7990
47981	7990
47982	7991
47983	7991
47984	7992
47985	7992
47986	7993
47987	7993
47988	7994
47989	7994
47990	7995
47991	7995
47992	7996
47993	7996
47994	7997
47995	7997
47996	7998
47997	7998
47998	7999
47999	7999
48000	8150
48001	8150
48002	8151
48003	8151
48004	8152
48005	8152
48006	8153
48007	8153
48008	8154
48009	8154
48010	8155
48011	8155
48012	8156
48013	8156
48014	8157
48015	8157
48016	8158
48017	8158
48018	8159
48019	8159
48020	8160
48021	8160
48022	8161
48023	8161
48024	8162
48025	8162
48026	8163
48027	8163
48028	8164
48029	8164
48030	8165
48031	8165
48032	8166
48033	8166
48034	8167
48035	8167
48036	8168
48037	8168
48038	8169
48039	8169
48040	8170
48041	8170
48042	8171
48043	8171
48044	8172
48045	8172
48046	8173
48047	8173
48048	8174
48049	8174
48050	8175
48051	8175
48052	8176
48053	8176
48054	8177
48055	8177
48056	8178
48057	8178
48058	8179
48059	8179
48060	8180
48061	8180
48062	8181
48063	8181
48064	8182
48065	8182
48066	8183
48067	8183
48068	8184
48069	8184
48070	8185
48071	8185
48072	8186
48073	8186
48074	8187
48075	8187
48076	8188
48077	8188
48078	8189
48079	8189
48080	8190
48081	8190
48082	8191
48083	8191
48084	8192
48085	8192
48086	8193
48087	8193
48088	8194
48089	8194
48090	8195
48091	8195
48092	8196
48093	8196
48094	8197
48095	8197
48096	8198
48097	8198
48098	8199
48099	8199
48100	8150
48101	8150
48102	8151
48103	8151
48104	8152
48105	8152
48106	8153
48107	8153
48108	8154
48109	8154
48110	8155
48111	8155
48112	8156
48113	8156
48114	8157
48115	8157
48116	8158
48117	8158
48118	8159
48119	8159
48120	8160
48121	8160
48122	8161
48123	8161
48124	8162
48125	8162
48126	8163
48127	8163
48128	8164
48129	8164
48130	8165
48131	8165
48132	8166
48133	8166
48134	8167
48135	8167
48136	8168
48137	8168
48138	8169
48139	8169
48140	8170
48141	8170
48142	8171
48143	8171
48144	8172
48145	8172
48146	8173
48147	8173
48148	8174
48149	8174
48150	8175
48151	8175
48152	8176
48153	8176
48154	8177
48155	8177
48156	8178
48157	8178
48158	8179
48159	8179
48160	8180
48161	8180
48162	8181
48163	8181
48164	8182
48165	8182
48166	8183
48167	8183
48168	8184
48169	8184
48170	8185
48171	8185
48172	8186
48173	8186
48174	8187
48175	8187
48176	8188
48177	8188
48178	8189
48179	8189
48180	8190
48181	8190
48182	8191
48183	8191
48184	8192
48185	8192
48186	8193
48187	8193
48188	8194
48189	8194
48190	8195
48191	8195
48192	8196
48193	8196
48194	8197
48195	8197
48196	8198
48197	8198
48198	8199
48199	8199
48200	8350
48201	8350
48202	8351
48203	8351
48204	8352
48205	8352
48206	8353
48207	8353
48208	8354
48209	8354
48210	8355
48211	8355
48212	8356
48213	8356
48214	8357
48215	8357
48216	8358
48217	8358
48218	8359
48219	8359
48220	8360
48221	8360
48222	8361
48223	8361
48224	8362
48225	8362
48226	8363
48227	8363
48228	8364
48229	8364
48230	8365
48231	8365
48232	8366
48233	8366
48234	8367
48235	8367
48236	8368
48237	8368
48238	8369
48239	8369
48240	8370
48241	8370
48242	8371
48243	8371
48244	8372
48245	8372
48246	8373
48247	8373
48248	8374
48249	8374
48250	8375
48251	8375
48252	8376
48253	8376
48254	8377
48255	8377
48256	8378
48257	8378
48258	8379
48259	8379
48260	8380
48261	8380
48262	8381
48263	8381
48264	8382
48265	8382
48266	8383
48267	8383
48268	8384
48269	8384
48270	8385
48271	8385
48272	8386
48273	8386
48274	8387
48275	8387
48276	8388
48277	8388
48278	8389
48279	8389
48280	8390
48281	8390
48282	8391
48283	8391
48284	8392
48285	8392
48286	8393
48287	8393
48288	8394
48289	8394
48290	8395
48291	8395
48292	8396
48293	8396
48294	8397
48295	8397
48296	8398
48297	8398
48298	8399
48299	8399
48300	8350
48301	8350
48302	8351
48303	8351
48304	8352
48305	8352
48306	8353
48307	8353
48308	8354
48309	8354
48310	8355
48311	8355
48312	8356
48313	8356
48314	8357
48315	8357
48316	8358
48317	8358
48318	8359
48319	8359
48320	8360
48321	8360
48322	8361
48323	8361
48324	8362
48325	8362
48326	8363
48327	8363
48328	8364
48329	8364
48330	8365
48331	8365
48332	8366
48333	8366
48334	8367
48335	8367
48336	8368
48337	8368
48338	8369
48339	8369
48340	8370
48341	8370
48342	8371
48343	8371
48344	8372
48345	8372
48346	8373
48347	8373
48348	8374
48349	8374
48350	8375
48351	8375
48352	8376
48353	8376
48354	8377
48355	8377
48356	8378
48357	8378
48358	8379
48359	8379
48360	8380
48361	8380
48362	8381
48363	8381
48364	8382
48365	8382
48366	8383
48367	8383
48368	8384
48369	8384
48370	8385
48371	8385
48372	8386
48373	8386
48374	8387
48375	8387
48376	8388
48377	8388
48378	8389
48379	8389
48380	8390
48381	8390
48382	8391
48383	8391
48384	8392
48385	8392
48386	8393
48387	8393
48388	8394
48389	8394
48390	8395
48391	8395
48392	8396
48393	8396
48394	8397
48395	8397
48396	8398
48397	8398
48398	8399
48399	8399
48400	8550
48401	8550
48402	8551
48403	8551
48404	8552
48405	8552
48406	8553
48407	8553
48408	8554
48409	8554
48410	8555
48411	8555
48412	8556
48413	8556
48414	8557
48415	8557
48416	8558
48417	8558
48418	8559
48419	8559
48420	8560
48421	8560
48422	8561
48423	8561
48424	8562
48425	8562
48426	8563
48427	8563
48428	8564
48429	8564
48430	8565
48431	8565
48432	8566
48433	8566
48434	8567
48435	8567
48436	8568
48437	8568
48438	8569
48439	8569
48440	8570
48441	8570
48442	8571
48443	8571
48444	8572
48445	8572
48446	8573
48447	8573
48448	8574
48449	8574
48450	8575
48451	8575
48452	8576
48453	8576
48454	8577
48455	8577
48456	8578
48457	8578
48458	8579
48459	8579
48460	8580
48461	8580
48462	8581
48463	8581
48464	8582
48465	8582
48466	8583
48467	8583
48468	8584
48469	8584
48470	8585
48471	8585
48472	8586
48473	8586
48474	8587
48475	8587
48476	8588
48477	8588
48478	8589
48479	8589
48480	8590
48481	8590
48482	8591
48483	8591
48484	8592
48485	8592
48486	8593
48487	8593
48488	8594
48489	8594
48490	8595
48491	8595
48492	8596
48493	8596
48494	8597
48495	8597
48496	8598
48497	8598
48498	8599
48499	8599
48500	8550
48501	8550
48502	8551
48503	8551
48504	8552
48505	8552
48506	8553
48507	8553
48508	8554
48509	8554
48510	8555
48511	8555
48512	8556
48513	8556
48514	8557
48515	8557
48516	8558
48517	8558
48518	8559
48519	8559
48520	8560
48521	8560
48522	8561
48523	8561
48524	8562
48525	8562
48526	8563
48527	8563
48528	8564
48529	8564
48530	8565
48531	8565
48532	8566
48533	8566
48534	8567
48535	8567
48536	8568
48537	8568
48538	8569
48539	8569
48540	8570
48541	8570
48542	8571
48543	8571
48544	8572
48545	8572
48546	8573
48547	8573
48548	8574
48549	8574
48550	8575
48551	8575
48552	8576
48553	8576
48554	8577
48555	8577
48556	8578
48557	8578
48558	8579
48559	8579
48560	8580
48561	8580
48562	8581
48563	8581
48564	8582
48565	8582
48566	8583
48567	8583
48568	8584
48569	8584
48570	8585
48571	8585
48572	8586
48573	8586
48574	8587
48575	8587
48576	8588
48577	8588
48578	8589
48579	8589
48580	8590
48581	8590
48582	8591
48583	8591
48584	8592
48585	8592
48586	8593
48587	8593
48588	8594
48589	8594
48590	8595
48591	8595
48592	8596
48593	8596
48594	8597
48595	8597
48596	8598
48597	8598
48598	8599
48599	8599
48600	8750
48601	8750
48602	8751
48603	8751
48604	8752
48605	8752
48606	8753
48607	8753
48608	8754
48609	8754
48610	8755
48611	8755
48612	8756
48613	8756
48614	8757
48615	8757
48616	8758
48617	8758
48618	8759
48619	8759
48620	8760
48621	8760
48622	8761
48623	8761
48624	8762
48625	8762
48626	8763
48627	8763
48628	8764
48629	8764
48630	8765
48631	8765
48632	8766
48633	8766
48634	8767
48635	8767
48636	8768
48637	8768
48638	8769
48639	8769
48640	8770
48641	8770
48642	8771
48643	8771
48644	8772
48645	8772
48646	8773
48647	8773
48648	8774
48649	8774
48650	8775
48651	8775
48652	8776
48653	8776
48654	8777
48655	8777
48656	8778
48657	8778
48658	8779
48659	8779
48660	8780
48661	8780
48662	8781
48663	8781
48664	8782
48665	8782
48666	8783
48667	8783
48668	8784
48669	8784
48670	8785
48671	8785
48672	8786
48673	8786
48674	8787
48675	8787
48676	8788
48677	8788
48678	8789
48679	8789
48680	8790
48681	8790
48682	8791
48683	8791
48684	8792
48685	8792
48686	8793
48687	8793
48688	8794
48689	8794
48690	8795
48691	8795
48692	8796
48693	8796
48694	8797
48695	8797
48696	8798
48697	8798
48698	8799
48699	8799
48700	8750
48701	8750
48702	8751
48703	8751
48704	8752
48705	8752
48706	8753
48707	8753
48708	8754
48709	8754
48710	8755
48711	8755
48712	8756
48713	8756
48714	8757
48715	8757
48716	8758
48717	8758
48718	8759
48719	8759
48720	8760
48721	8760
48722	8761
48723	8761
48724	8762
48725	8762
48726	8763
48727	8763
48728	8764
48729	8764
48730	8765
48731	8765
48732	8766
48733	8766
48734	8767
48735	8767
48736	8768
48737	8768
48738	8769
48739	8769
48740	8770
48741	8770
48742	8771
48743	8771
48744	8772
48745	8772
48746	8773
48747	8773
48748	8774
48749	8774
48750	8775
48751	8775
48752	8776
48753	8776
48754	8777
48755	8777
48756	8778
48757	8778
48758	8779
48759	8779
48760	8780
48761	8780
48762	8781
48763	8781
48764	8782
48765	8782
48766	8783
48767	8783
48768	8784
48769	8784
48770	8785
48771	8785
48772	8786
48773	8786
48774	8787
48775	8787
48776	8788
48777	8788
48778	8789
48779	8789
48780	8790
48781	8790
48782	8791
48783	8791
48784	8792
48785	8792
48786	8793
48787	8793
48788	8794
48789	8794
48790	8795
48791	8795
48792	8796
48793	8796
48794	8797
48795	8797
48796	8798
48797	8798
48798	8799
48799	8799
48800	8950
48801	8950
48802	8951
48803	8951
48804	8952
48805	8952
48806	8953
48807	8953
48808	8954
48809	8954
48810	8955
48811	8955
48812	8956
48813	8956
48814	8957
48815	8957
48816	8958
48817	8958
48818	8959
48819	8959
48820	8960
48821	8960
48822	8961
48823	8961
48824	8962
48825	8962
48826	8963
48827	8963
48828	8964
48829	8964
48830	8965
48831	8965
48832	8966
48833	8966
48834	8967
48835	8967
48836	8968
48837	8968
48838	8969
48839	8969
48840	8970
48841	8970
48842	8971
48843	8971
48844	8972
48845	8972
48846	8973
48847	8973
48848	8974
48849	8974
48850	8975
48851	8975
48852	8976
48853	8976
48854	8977
48855	8977
48856	8978
48857	8978
48858	8979
48859	8979
48860	8980
48861	8980
48862	8981
48863	8981
48864	8982
48865	8982
48866	8983
48867	8983
48868	8984
48869	8984
48870	8985
48871	8985
48872	8986
48873	8986
48874	8987
48875	8987
48876	8988
48877	8988
48878	8989
48879	8989
48880	8990
48881	8990
48882	8991
48883	8991
48884	8992
48885	8992
48886	8993
48887	8993
48888	8994
48889	8994
48890	8995
48891	8995
48892	8996
48893	8996
48894	8997
48895	8997
48896	8998
48897	8998
48898	8999
48899	8999
48900	8950
48901	8950
48902	8951
48903	8951
48904	8952
48905	8952
48906	8953
48907	8953
48908	8954
48909	8954
48910	8955
48911	8955
48912	8956
48913	8956
48914	8957
48915	8957
48916	8958
48917	8958
48918	8959
48919	8959
48920	8960
48921	8960
48922	8961
48923	8961
48924	8962
48925	8962
48926	8963
48927	8963
48928	8964
48929	8964
48930	8965
48931	8965
48932	8966
48933	8966
48934	8967
48935	8967
48936	8968
48937	8968
48938	8969
48939	8969
48940	8970
48941	8970
48942	8971
48943	8971
48944	8972
48945	8972
48946	8973
48947	8973
48948	8974
48949	8974
48950	8975
48951	8975
48952	8976
48953	8976
48954	8977
48955	8977
48956	8978
48957	8978
48958	8979
48959	8979
48960	8980
48961	8980
48962	8981
48963	8981
48964	8982
48965	8982
48966	8983
48967	8983
48968	8984
48969	8984
48970	8985
48971	8985
48972	8986
48973	8986
48974	8987
48975	8987
48976	8988
48977	8988
48978	8989
48979	8989
48980	8990
48981	8990
48982	8991
48983	8991
48984	8992
48985	8992
48986	8993
48987	8993
48988	8994
48989	8994
48990	8995
48991	8995
48992	8996
48993	8996
48994	8997
48995	8997
48996	8998
48997	8998
48998	8999
48999	8999
49000	9150
49001	9150
49002	9151
49003	9151
49004	9152
49005	9152
49006	9153
49007	9153
49008	9154
49009	9154
49010	9155
49011	9155
49012	9156
49013	9156
49014	9157
49015	9157
49016	9158
49017	9158
49018	9159
49019	9159
49020	9160
49021	9160
49022	9161
49023	9161
49024	9162
49025	9162
49026	9163
49027	9163
49028	9164
49029	9164
49030	9165
49031	9165
49032	9166
49033	9166
49034	9167
49035	9167
49036	9168
49037	9168
49038	9169
49039	9169
49040	9170
49041	9170
49042	9171
49043	9171
49044	9172
49045	9172
49046	9173
49047	9173
49048	9174
49049	9174
49050	9175
49051	9175
49052	9176
49053	9176
49054	9177
49055	9177
49056	9178
49057	9178
49058	9179
49059	9179
49060	9180
49061	9180
49062	9181
49063	9181
49064	9182
49065	9182
49066	9183
49067	9183
49068	9184
49069	9184
49070	9185
49071	9185
49072	9186
49073	9186
49074	9187
49075	9187
49076	9188
49077	9188
49078	9189
49079	9189
49080	9190
49081	9190
49082	9191
49083	9191
49084	9192
49085	9192
49086	9193
49087	9193
49088	9194
49089	9194
49090	9195
49091	9195
49092	9196
49093	9196
49094	9197
49095	9197
49096	9198
49097	9198
49098	9199
49099	9199
49100	9150
49101	9150
49102	9151
49103	9151
49104	9152
49105	9152
49106	9153
49107	9153
49108	9154
49109	9154
49110	9155
49111	9155
49112	9156
49113	9156
49114	9157
49115	9157
49116	9158
49117	9158
49118	9159
49119	9159
49120	9160
49121	9160
49122	9161
49123	9161
49124	9162
49125	9162
49126	9163
49127	9163
49128	9164
49129	9164
49130	9165
49131	9165
49132	9166
49133	9166
49134	9167
49135	9167
49136	9168
49137	9168
49138	9169
49139	9169
49140	9170
49141	9170
49142	9171
49143	9171
49144	9172
49145	9172
49146	9173
49147	9173
49148	9174
49149	9174
49150	9175
49151	9175
49152	9176
49153	9176
49154	9177
49155	9177
49156	9178
49157	9178
49158	9179
49159	9179
49160	9180
49161	9180
49162	9181
49163	9181
49164	9182
49165	9182
49166	9183
49167	9183
49168	9184
49169	9184
49170	9185
49171	9185
49172	9186
49173	9186
49174	9187
49175	9187
49176	9188
49177	9188
49178	9189
49179	9189
49180	9190
49181	9190
49182	9191
49183	9191
49184	9192
49185	9192
49186	9193
49187	9193
49188	9194
49189	9194
49190	9195
49191	9195
49192	9196
49193	9196
49194	9197
49195	9197
49196	9198
49197	9198
49198	9199
49199	9199
49200	9350
49201	9350
49202	9351
49203	9351
49204	9352
49205	9352
49206	9353
49207	9353
49208	9354
49209	9354
49210	9355
49211	9355
49212	9356
49213	9356
49214	9357
49215	9357
49216	9358
49217	9358
49218	9359
49219	9359
49220	9360
49221	9360
49222	9361
49223	9361
49224	9362
49225	9362
49226	9363
49227	9363
49228	9364
49229	9364
49230	9365
49231	9365
49232	9366
49233	9366
49234	9367
49235	9367
49236	9368
49237	9368
49238	9369
49239	9369
49240	9370
49241	9370
49242	9371
49243	9371
49244	9372
49245	9372
49246	9373
49247	9373
49248	9374
49249	9374
49250	9375
49251	9375
49252	9376
49253	9376
49254	9377
49255	9377
49256	9378
49257	9378
49258	9379
49259	9379
49260	9380
49261	9380
49262	9381
49263	9381
49264	9382
49265	9382
49266	9383
49267	9383
49268	9384
49269	9384
49270	9385
49271	9385
49272	9386
49273	9386
49274	9387
49275	9387
49276	9388
49277	9388
49278	9389
49279	9389
49280	9390
49281	9390
49282	9391
49283	9391
49284	9392
49285	9392
49286	9393
49287	9393
49288	9394
49289	9394
49290	9395
49291	9395
49292	9396
49293	9396
49294	9397
49295	9397
49296	9398
49297	9398
49298	9399
49299	9399
49300	9350
49301	9350
49302	9351
49303	9351
49304	9352
49305	9352
49306	9353
49307	9353
49308	9354
49309	9354
49310	9355
49311	9355
49312	9356
49313	9356
49314	9357
49315	9357
49316	9358
49317	9358
49318	9359
49319	9359
49320	9360
49321	9360
49322	9361
49323	9361
49324	9362
49325	9362
49326	9363
49327	9363
49328	9364
49329	9364
49330	9365
49331	9365
49332	9366
49333	9366
49334	9367
49335	9367
49336	9368
49337	9368
49338	9369
49339	9369
49340	9370
49341	9370
49342	9371
49343	9371
49344	9372
49345	9372
49346	9373
49347	9373
49348	9374
49349	9374
49350	9375
49351	9375
49352	9376
49353	9376
49354	9377
49355	9377
49356	9378
49357	9378
49358	9379
49359	9379
49360	9380
49361	9380
49362	9381
49363	9381
49364	9382
49365	9382
49366	9383
49367	9383
49368	9384
49369	9384
49370	9385
49371	9385
49372	9386
49373	9386
49374	9387
49375	9387
49376	9388
49377	9388
49378	9389
49379	9389
49380	9390
49381	9390
49382	9391
49383	9391
49384	9392
49385	9392
49386	9393
49387	9393
49388	9394
49389	9394
49390	9395
49391	9395
49392	9396
49393	9396
49394	9397
49395	9397
49396	9398
49397	9398
49398	9399
49399	9399
49400	9550
49401	9550
49402	9551
49403	9551
49404	9552
49405	9552
49406	9553
49407	9553
49408	9554
49409	9554
49410	9555
49411	9555
49412	9556
49413	9556
49414	9557
49415	9557
49416	9558
49417	9558
49418	9559
49419	9559
49420	9560
49421	9560
49422	9561
49423	9561
49424	9562
49425	9562
49426	9563
49427	9563
49428	9564
49429	9564
49430	9565
49431	9565
49432	9566
49433	9566
49434	9567
49435	9567
49436	9568
49437	9568
49438	9569
49439	9569
49440	9570
49441	9570
49442	9571
49443	9571
49444	9572
49445	9572
49446	9573
49447	9573
49448	9574
49449	9574
49450	9575
49451	9575
49452	9576
49453	9576
49454	9577
49455	9577
49456	9578
49457	9578
49458	9579
49459	9579
49460	9580
49461	9580
49462	9581
49463	9581
49464	9582
49465	9582
49466	9583
49467	9583
49468	9584
49469	9584
49470	9585
49471	9585
49472	9586
49473	9586
49474	9587
49475	9587
49476	9588
49477	9588
49478	9589
49479	9589
49480	9590
49481	9590
49482	9591
49483	9591
49484	9592
49485	9592
49486	9593
49487	9593
49488	9594
49489	9594
49490	9595
49491	9595
49492	9596
49493	9596
49494	9597
49495	9597
49496	9598
49497	9598
49498	9599
49499	9599
49500	9550
49501	9550
49502	9551
49503	9551
49504	9552
49505	9552
49506	9553
49507	9553
49508	9554
49509	9554
49510	9555
49511	9555
49512	9556
49513	9556
49514	9557
49515	9557
49516	9558
49517	9558
49518	9559
49519	9559
49520	9560
49521	9560
49522	9561
49523	9561
49524	9562
49525	9562
49526	9563
49527	9563
49528	9564
49529	9564
49530	9565
49531	9565
49532	9566
49533	9566
49534	9567
49535	9567
49536	9568
49537	9568
49538	9569
49539	9569
49540	9570
49541	9570
49542	9571
49543	9571
49544	9572
49545	9572
49546	9573
49547	9573
49548	9574
49549	9574
49550	9575
49551	9575
49552	9576
49553	9576
49554	9577
49555	9577
49556	9578
49557	9578
49558	9579
49559	9579
49560	9580
49561	9580
49562	9581
49563	9581
49564	9582
49565	9582
49566	9583
49567	9583
49568	9584
49569	9584
49570	9585
49571	9585
49572	9586
49573	9586
49574	9587
49575	9587
49576	9588
49577	9588
49578	9589
49579	9589
49580	9590
49581	9590
49582	9591
49583	9591
49584	9592
49585	9592
49586	9593
49587	9593
49588	9594
49589	9594
49590	9595
49591	9595
49592	9596
49593	9596
49594	9597
49595	9597
49596	9598
49597	9598
49598	9599
49599	9599
49600	9750
49601	9750
49602	9751
49603	9751
49604	9752
49605	9752
49606	9753
49607	9753
49608	9754
49609	9754
49610	9755
49611	9755
49612	9756
49613	9756
49614	9757
49615	9757
49616	9758
49617	9758
49618	9759
49619	9759
49620	9760
49621	9760
49622	9761
49623	9761
49624	9762
49625	9762
49626	9763
49627	9763
49628	9764
49629	9764
49630	9765
49631	9765
49632	9766
49633	9766
49634	9767
49635	9767
49636	9768
49637	9768
49638	9769
49639	9769
49640	9770
49641	9770
49642	9771
49643	9771
49644	9772
49645	9772
49646	9773
49647	9773
49648	9774
49649	9774
49650	9775
49651	9775
49652	9776
49653	9776
49654	9777
49655	9777
49656	9778
49657	9778
49658	9779
49659	9779
49660	9780
49661	9780
49662	9781
49663	9781
49664	9782
49665	9782
49666	9783
49667	9783
49668	9784
49669	9784
49670	9785
49671	9785
49672	9786
49673	9786
49674	9787
49675	9787
49676	9788
49677	9788
49678	9789
49679	9789
49680	9790
49681	9790
49682	9791
49683	9791
49684	9792
49685	9792
49686	9793
49687	9793
49688	9794
49689	9794
49690	9795
49691	9795
49692	9796
49693	9796
49694	9797
49695	9797
49696	9798
49697	9798
49698	9799
49699	9799
49700	9750
49701	9750
49702	9751
49703	9751
49704	9752
49705	9752
49706	9753
49707	9753
49708	9754
49709	9754
49710	9755
49711	9755
49712	9756
49713	9756
49714	9757
49715	9757
49716	9758
49717	9758
49718	9759
49719	9759
49720	9760
49721	9760
49722	9761
49723	9761
49724	9762
49725	9762
49726	9763
49727	9763
49728	9764
49729	9764
49730	9765
49731	9765
49732	9766
49733	9766
49734	9767
49735	9767
49736	9768
49737	9768
49738	9769
49739	9769
49740	9770
49741	9770
49742	9771
49743	9771
49744	9772
49745	9772
49746	9773
49747	9773
49748	9774
49749	9774
49750	9775
49751	9775
49752	9776
49753	9776
49754	9777
49755	9777
49756	9778
49757	9778
49758	9779
49759	9779
49760	9780
49761	9780
49762	9781
49763	9781
49764	9782
49765	9782
49766	9783
49767	9783
49768	9784
49769	9784
49770	9785
49771	9785
49772	9786
49773	9786
49774	9787
49775	9787
49776	9788
49777	9788
49778	9789
49779	9789
49780	9790
49781	9790
49782	9791
49783	9791
49784	9792
49785	9792
49786	9793
49787	9793
49788	9794
49789	9794
49790	9795
49791	9795
49792	9796
49793	9796
49794	9797
49795	9797
49796	9798
49797	9798
49798	9799
49799	9799
49800	9950
49801	9950
49802	9951
49803	9951
49804	9952
49805	9952
49806	9953
49807	9953
49808	9954
49809	9954
49810	9955
49811	9955
49812	9956
49813	9956
49814	9957
49815	9957
49816	9958
49817	9958
49818	9959
49819	9959
49820	9960
49821	9960
49822	9961
49823	9961
49824	9962
49825	9962
49826	9963
49827	9963
49828	9964
49829	9964
49830	9965
49831	9965
49832	9966
49833	9966
49834	9967
49835	9967
49836	9968
49837	9968
49838	9969
49839	9969
49840	9970
49841	9970
49842	9971
49843	9971
49844	9972
49845	9972
49846	9973
49847	9973
49848	9974
49849	9974
49850	9975
49851	9975
49852	9976
49853	9976
49854	9977
49855	9977
49856	9978
49857	9978
49858	9979
49859	9979
49860	9980
49861	9980
49862	9981
49863	9981
49864	9982
49865	9982
49866	9983
49867	9983
49868	9984
49869	9984
49870	9985
49871	9985
49872	9986
49873	9986
49874	9987
49875	9987
49876	9988
49877	9988
49878	9989
49879	9989
49880	9990
49881	9990
49882	9991
49883	9991
49884	9992
49885	9992
49886	9993
49887	9993
49888	9994
49889	9994
49890	9995
49891	9995
49892	9996
49893	9996
49894	9997
49895	9997
49896	9998
49897	9998
49898	9999
49899	9999
49900	9950
49901	9950
49902	9951
49903	9951
49904	9952
49905	9952
49906	9953
49907	9953
49908	9954
49909	9954
49910	9955
49911	9955
49912	9956
49913	9956
49914	9957
49915	9957
49916	9958
49917	9958
49918	9959
49919	9959
49920	9960
49921	9960
49922	9961
49923	9961
49924	9962
49925	9962
49926	9963
49927	9963
49928	9964
49929	9964
49930	9965
49931	9965
49932	9966
49933	9966
49934	9967
49935	9967
49936	9968
49937	9968
49938	9969
49939	9969
49940	9970
49941	9970
49942	9971
49943	9971
49944	9972
49945	9972
49946	9973
49947	9973
49948	9974
49949	9974
49950	9975
49951	9975
49952	9976
49953	9976
49954	9977
49955	9977
49956	9978
49957	9978
49958	9979
49959	9979
49960	9980
49961	9980
49962	9981
49963	9981
49964	9982
49965	9982
49966	9983
49967	9983
49968	9984
49969	9984
49970	9985
49971	9985
49972	9986
49973	9986
49974	9987
49975	9987
49976	9988
49977	9988
49978	9989
49979	9989
49980	9990
49981	9990
49982	9991
49983	9991
49984	9992
49985	9992
49986	9993
49987	9993
49988	9994
49989	9994
49990	9995
49991	9995
49992	9996
49993	9996
49994	9997
49995	9997
49996	9998
49997	9998
49998	9999
49999	9999
50000	10150
50001	10150
50002	10151
50003	10151
50004	10152
50005	10152
50006	10153
50007	10153
50008	10154
50009	10154
50010	10155
50011	10155
50012	10156
50013	10156
50014	10157
50015	10157
50016	10158
50017	10158
50018	10159
50019	10159
50020	10160
50021	10160
50022	10161
50023	10161
50024	10162
50025	10162
50026	10163
50027	10163
50028	10164
50029	10164
50030	10165
50031	10165
50032	10166
50033	10166
50034	10167
50035	10167
50036	10168
50037	10168
50038	10169
50039	10169
50040	10170
50041	10170
50042	10171
50043	10171
50044	10172
50045	10172
50046	10173
50047	10173
50048	10174
50049	10174
50050	10175
50051	10175
50052	10176
50053	10176
50054	10177
50055	10177
50056	10178
50057	10178
50058	10179
50059	10179
50060	10180
50061	10180
50062	10181
50063	10181
50064	10182
50065	10182
50066	10183
50067	10183
50068	10184
50069	10184
50070	10185
50071	10185
50072	10186
50073	10186
50074	10187
50075	10187
50076	10188
50077	10188
50078	10189
50079	10189
50080	10190
50081	10190
50082	10191
50083	10191
50084	10192
50085	10192
50086	10193
50087	10193
50088	10194
50089	10194
50090	10195
50091	10195
50092	10196
50093	10196
50094	10197
50095	10197
50096	10198
50097	10198
50098	10199
50099	10199
50100	10150
50101	10150
50102	10151
50103	10151
50104	10152
50105	10152
50106	10153
50107	10153
50108	10154
50109	10154
50110	10155
50111	10155
50112	10156
50113	10156
50114	10157
50115	10157
50116	10158
50117	10158
50118	10159
50119	10159
50120	10160
50121	10160
50122	10161
50123	10161
50124	10162
50125	10162
50126	10163
50127	10163
50128	10164
50129	10164
50130	10165
50131	10165
50132	10166
50133	10166
50134	10167
50135	10167
50136	10168
50137	10168
50138	10169
50139	10169
50140	10170
50141	10170
50142	10171
50143	10171
50144	10172
50145	10172
50146	10173
50147	10173
50148	10174
50149	10174
50150	10175
50151	10175
50152	10176
50153	10176
50154	10177
50155	10177
50156	10178
50157	10178
50158	10179
50159	10179
50160	10180
50161	10180
50162	10181
50163	10181
50164	10182
50165	10182
50166	10183
50167	10183
50168	10184
50169	10184
50170	10185
50171	10185
50172	10186
50173	10186
50174	10187
50175	10187
50176	10188
50177	10188
50178	10189
50179	10189
50180	10190
50181	10190
50182	10191
50183	10191
50184	10192
50185	10192
50186	10193
50187	10193
50188	10194
50189	10194
50190	10195
50191	10195
50192	10196
50193	10196
50194	10197
50195	10197
50196	10198
50197	10198
50198	10199
50199	10199
50200	10350
50201	10350
50202	10351
50203	10351
50204	10352
50205	10352
50206	10353
50207	10353
50208	10354
50209	10354
50210	10355
50211	10355
50212	10356
50213	10356
50214	10357
50215	10357
50216	10358
50217	10358
50218	10359
50219	10359
50220	10360
50221	10360
50222	10361
50223	10361
50224	10362
50225	10362
50226	10363
50227	10363
50228	10364
50229	10364
50230	10365
50231	10365
50232	10366
50233	10366
50234	10367
50235	10367
50236	10368
50237	10368
50238	10369
50239	10369
50240	10370
50241	10370
50242	10371
50243	10371
50244	10372
50245	10372
50246	10373
50247	10373
50248	10374
50249	10374
50250	10375
50251	10375
50252	10376
50253	10376
50254	10377
50255	10377
50256	10378
50257	10378
50258	10379
50259	10379
50260	10380
50261	10380
50262	10381
50263	10381
50264	10382
50265	10382
50266	10383
50267	10383
50268	10384
50269	10384
50270	10385
50271	10385
50272	10386
50273	10386
50274	10387
50275	10387
50276	10388
50277	10388
50278	10389
50279	10389
50280	10390
50281	10390
50282	10391
50283	10391
50284	10392
50285	10392
50286	10393
50287	10393
50288	10394
50289	10394
50290	10395
50291	10395
50292	10396
50293	10396
50294	10397
50295	10397
50296	10398
50297	10398
50298	10399
50299	10399
50300	10350
50301	10350
50302	10351
50303	10351
50304	10352
50305	10352
50306	10353
50307	10353
50308	10354
50309	10354
50310	10355
50311	10355
50312	10356
50313	10356
50314	10357
50315	10357
50316	10358
50317	10358
50318	10359
50319	10359
50320	10360
50321	10360
50322	10361
50323	10361
50324	10362
50325	10362
50326	10363
50327	10363
50328	10364
50329	10364
50330	10365
50331	10365
50332	10366
50333	10366
50334	10367
50335	10367
50336	10368
50337	10368
50338	10369
50339	10369
50340	10370
50341	10370
50342	10371
50343	10371
50344	10372
50345	10372
50346	10373
50347	10373
50348	10374
50349	10374
50350	10375
50351	10375
50352	10376
50353	10376
50354	10377
50355	10377
50356	10378
50357	10378
50358	10379
50359	10379
50360	10380
50361	10380
50362	10381
50363	10381
50364	10382
50365	10382
50366	10383
50367	10383
50368	10384
50369	10384
50370	10385
50371	10385
50372	10386
50373	10386
50374	10387
50375	10387
50376	10388
50377	10388
50378	10389
50379	10389
50380	10390
50381	10390
50382	10391
50383	10391
50384	10392
50385	10392
50386	10393
50387	10393
50388	10394
50389	10394
50390	10395
50391	10395
50392	10396
50393	10396
50394	10397
50395	10397
50396	10398
50397	10398
50398	10399
50399	10399
50400	10550
50401	10550
50402	10551
50403	10551
50404	10552
50405	10552
50406	10553
50407	10553
50408	10554
50409	10554
50410	10555
50411	10555
50412	10556
50413	10556
50414	10557
50415	10557
50416	10558
50417	10558
50418	10559
50419	10559
50420	10560
50421	10560
50422	10561
50423	10561
50424	10562
50425	10562
50426	10563
50427	10563
50428	10564
50429	10564
50430	10565
50431	10565
50432	10566
50433	10566
50434	10567
50435	10567
50436	10568
50437	10568
50438	10569
50439	10569
50440	10570
50441	10570
50442	10571
50443	10571
50444	10572
50445	10572
50446	10573
50447	10573
50448	10574
50449	10574
50450	10575
50451	10575
50452	10576
50453	10576
50454	10577
50455	10577
50456	10578
50457	10578
50458	10579
50459	10579
50460	10580
50461	10580
50462	10581
50463	10581
50464	10582
50465	10582
50466	10583
50467	10583
50468	10584
50469	10584
50470	10585
50471	10585
50472	10586
50473	10586
50474	10587
50475	10587
50476	10588
50477	10588
50478	10589
50479	10589
50480	10590
50481	10590
50482	10591
50483	10591
50484	10592
50485	10592
50486	10593
50487	10593
50488	10594
50489	10594
50490	10595
50491	10595
50492	10596
50493	10596
50494	10597
50495	10597
50496	10598
50497	10598
50498	10599
50499	10599
50500	10550
50501	10550
50502	10551
50503	10551
50504	10552
50505	10552
50506	10553
50507	10553
50508	10554
50509	10554
50510	10555
50511	10555
50512	10556
50513	10556
50514	10557
50515	10557
50516	10558
50517	10558
50518	10559
50519	10559
50520	10560
50521	10560
50522	10561
50523	10561
50524	10562
50525	10562
50526	10563
50527	10563
50528	10564
50529	10564
50530	10565
50531	10565
50532	10566
50533	10566
50534	10567
50535	10567
50536	10568
50537	10568
50538	10569
50539	10569
50540	10570
50541	10570
50542	10571
50543	10571
50544	10572
50545	10572
50546	10573
50547	10573
50548	10574
50549	10574
50550	10575
50551	10575
50552	10576
50553	10576
50554	10577
50555	10577
50556	10578
50557	10578
50558	10579
50559	10579
50560	10580
50561	10580
50562	10581
50563	10581
50564	10582
50565	10582
50566	10583
50567	10583
50568	10584
50569	10584
50570	10585
50571	10585
50572	10586
50573	10586
50574	10587
50575	10587
50576	10588
50577	10588
50578	10589
50579	10589
50580	10590
50581	10590
50582	10591
50583	10591
50584	10592
50585	10592
50586	10593
50587	10593
50588	10594
50589	10594
50590	10595
50591	10595
50592	10596
50593	10596
50594	10597
50595	10597
50596	10598
50597	10598
50598	10599
50599	10599
50600	10750
50601	10750
50602	10751
50603	10751
50604	10752
50605	10752
50606	10753
50607	10753
50608	10754
50609	10754
50610	10755
50611	10755
50612	10756
50613	10756
50614	10757
50615	10757
50616	10758
50617	10758
50618	10759
50619	10759
50620	10760
50621	10760
50622	10761
50623	10761
50624	10762
50625	10762
50626	10763
50627	10763
50628	10764
50629	10764
50630	10765
50631	10765
50632	10766
50633	10766
50634	10767
50635	10767
50636	10768
50637	10768
50638	10769
50639	10769
50640	10770
50641	10770
50642	10771
50643	10771
50644	10772
50645	10772
50646	10773
50647	10773
50648	10774
50649	10774
50650	10775
50651	10775
50652	10776
50653	10776
50654	10777
50655	10777
50656	10778
50657	10778
50658	10779
50659	10779
50660	10780
50661	10780
50662	10781
50663	10781
50664	10782
50665	10782
50666	10783
50667	10783
50668	10784
50669	10784
50670	10785
50671	10785
50672	10786
50673	10786
50674	10787
50675	10787
50676	10788
50677	10788
50678	10789
50679	10789
50680	10790
50681	10790
50682	10791
50683	10791
50684	10792
50685	10792
50686	10793
50687	10793
50688	10794
50689	10794
50690	10795
50691	10795
50692	10796
50693	10796
50694	10797
50695	10797
50696	10798
50697	10798
50698	10799
50699	10799
50700	10750
50701	10750
50702	10751
50703	10751
50704	10752
50705	10752
50706	10753
50707	10753
50708	10754
50709	10754
50710	10755
50711	10755
50712	10756
50713	10756
50714	10757
50715	10757
50716	10758
50717	10758
50718	10759
50719	10759
50720	10760
50721	10760
50722	10761
50723	10761
50724	10762
50725	10762
50726	10763
50727	10763
50728	10764
50729	10764
50730	10765
50731	10765
50732	10766
50733	10766
50734	10767
50735	10767
50736	10768
50737	10768
50738	10769
50739	10769
50740	10770
50741	10770
50742	10771
50743	10771
50744	10772
50745	10772
50746	10773
50747	10773
50748	10774
50749	10774
50750	10775
50751	10775
50752	10776
50753	10776
50754	10777
50755	10777
50756	10778
50757	10778
50758	10779
50759	10779
50760	10780
50761	10780
50762	10781
50763	10781
50764	10782
50765	10782
50766	10783
50767	10783
50768	10784
50769	10784
50770	10785
50771	10785
50772	10786
50773	10786
50774	10787
50775	10787
50776	10788
50777	10788
50778	10789
50779	10789
50780	10790
50781	10790
50782	10791
50783	10791
50784	10792
50785	10792
50786	10793
50787	10793
50788	10794
50789	10794
50790	10795
50791	10795
50792	10796
50793	10796
50794	10797
50795	10797
50796	10798
50797	10798
50798	10799
50799	10799
50800	10950
50801	10950
50802	10951
50803	10951
50804	10952
50805	10952
50806	10953
50807	10953
50808	10954
50809	10954
50810	10955
50811	10955
50812	10956
50813	10956
50814	10957
50815	10957
50816	10958
50817	10958
50818	10959
50819	10959
50820	10960
50821	10960
50822	10961
50823	10961
50824	10962
50825	10962
50826	10963
50827	10963
50828	10964
50829	10964
50830	10965
50831	10965
50832	10966
50833	10966
50834	10967
50835	10967
50836	10968
50837	10968
50838	10969
50839	10969
50840	10970
50841	10970
50842	10971
50843	10971
50844	10972
50845	10972
50846	10973
50847	10973
50848	10974
50849	10974
50850	10975
50851	10975
50852	10976
50853	10976
50854	10977
50855	10977
50856	10978
50857	10978
50858	10979
50859	10979
50860	10980
50861	10980
50862	10981
50863	10981
50864	10982
50865	10982
50866	10983
50867	10983
50868	10984
50869	10984
50870	10985
50871	10985
50872	10986
50873	10986
50874	10987
50875	10987
50876	10988
50877	10988
50878	10989
50879	10989
50880	10990
50881	10990
50882	10991
50883	10991
50884	10992
50885	10992
50886	10993
50887	10993
50888	10994
50889	10994
50890	10995
50891	10995
50892	10996
50893	10996
50894	10997
50895	10997
50896	10998
50897	10998
50898	10999
50899	10999
50900	10950
50901	10950
50902	10951
50903	10951
50904	10952
50905	10952
50906	10953
50907	10953
50908	10954
50909	10954
50910	10955
50911	10955
50912	10956
50913	10956
50914	10957
50915	10957
50916	10958
50917	10958
50918	10959
50919	10959
50920	10960
50921	10960
50922	10961
50923	10961
50924	10962
50925	10962
50926	10963
50927	10963
50928	10964
50929	10964
50930	10965
50931	10965
50932	10966
50933	10966
50934	10967
50935	10967
50936	10968
50937	10968
50938	10969
50939	10969
50940	10970
50941	10970
50942	10971
50943	10971
50944	10972
50945	10972
50946	10973
50947	10973
50948	10974
50949	10974
50950	10975
50951	10975
50952	10976
50953	10976
50954	10977
50955	10977
50956	10978
50957	10978
50958	10979
50959	10979
50960	10980
50961	10980
50962	10981
50963	10981
50964	10982
50965	10982
50966	10983
50967	10983
50968	10984
50969	10984
50970	10985
50971	10985
50972	10986
50973	10986
50974	10987
50975	10987
50976	10988
50977	10988
50978	10989
50979	10989
50980	10990
50981	10990
50982	10991
50983	10991
50984	10992
50985	10992
50986	10993
50987	10993
50988	10994
50989	10994
50990	10995
50991	10995
50992	10996
50993	10996
50994	10997
50995	10997
50996	10998
50997	10998
50998	10999
50999	10999
51000	11150
51001	11150
51002	11151
51003	11151
51004	11152
51005	11152
51006	11153
51007	11153
51008	11154
51009	11154
51010	11155
51011	11155
51012	11156
51013	11156
51014	11157
51015	11157
51016	11158
51017	11158
51018	11159
51019	11159
51020	11160
51021	11160
51022	11161
51023	11161
51024	11162
51025	11162
51026	11163
51027	11163
51028	11164
51029	11164
51030	11165
51031	11165
51032	11166
51033	11166
51034	11167
51035	11167
51036	11168
51037	11168
51038	11169
51039	11169
51040	11170
51041	11170
51042	11171
51043	11171
51044	11172
51045	11172
51046	11173
51047	11173
51048	11174
51049	11174
51050	11175
51051	11175
51052	11176
51053	11176
51054	11177
51055	11177
51056	11178
51057	11178
51058	11179
51059	11179
51060	11180
51061	11180
51062	11181
51063	11181
51064	11182
51065	11182
51066	11183
51067	11183
51068	11184
51069	11184
51070	11185
51071	11185
51072	11186
51073	11186
51074	11187
51075	11187
51076	11188
51077	11188
51078	11189
51079	11189
51080	11190
51081	11190
51082	11191
51083	11191
51084	11192
51085	11192
51086	11193
51087	11193
51088	11194
51089	11194
51090	11195
51091	11195
51092	11196
51093	11196
51094	11197
51095	11197
51096	11198
51097	11198
51098	11199
51099	11199
51100	11150
51101	11150
51102	11151
51103	11151
51104	11152
51105	11152
51106	11153
51107	11153
51108	11154
51109	11154
51110	11155
51111	11155
51112	11156
51113	11156
51114	11157
51115	11157
51116	11158
51117	11158
51118	11159
51119	11159
51120	11160
51121	11160
51122	11161
51123	11161
51124	11162
51125	11162
51126	11163
51127	11163
51128	11164
51129	11164
51130	11165
51131	11165
51132	11166
51133	11166
51134	11167
51135	11167
51136	11168
51137	11168
51138	11169
51139	11169
51140	11170
51141	11170
51142	11171
51143	11171
51144	11172
51145	11172
51146	11173
51147	11173
51148	11174
51149	11174
51150	11175
51151	11175
51152	11176
51153	11176
51154	11177
51155	11177
51156	11178
51157	11178
51158	11179
51159	11179
51160	11180
51161	11180
51162	11181
51163	11181
51164	11182
51165	11182
51166	11183
51167	11183
51168	11184
51169	11184
51170	11185
51171	11185
51172	11186
51173	11186
51174	11187
51175	11187
51176	11188
51177	11188
51178	11189
51179	11189
51180	11190
51181	11190
51182	11191
51183	11191
51184	11192
51185	11192
51186	11193
51187	11193
51188	11194
51189	11194
51190	11195
51191	11195
51192	11196
51193	11196
51194	11197
51195	11197
51196	11198
51197	11198
51198	11199
51199	11199
51200	11350
51201	11350
51202	11351
51203	11351
51204	11352
51205	11352
51206	11353
51207	11353
51208	11354
51209	11354
51210	11355
51211	11355
51212	11356
51213	11356
51214	11357
51215	11357
51216	11358
51217	11358
51218	11359
51219	11359
51220	11360
51221	11360
51222	11361
51223	11361
51224	11362
51225	11362
51226	11363
51227	11363
51228	11364
51229	11364
51230	11365
51231	11365
51232	11366
51233	11366
51234	11367
51235	11367
51236	11368
51237	11368
51238	11369
51239	11369
51240	11370
51241	11370
51242	11371
51243	11371
51244	11372
51245	11372
51246	11373
51247	11373
51248	11374
51249	11374
51250	11375
51251	11375
51252	11376
51253	11376
51254	11377
51255	11377
51256	11378
51257	11378
51258	11379
51259	11379
51260	11380
51261	11380
51262	11381
51263	11381
51264	11382
51265	11382
51266	11383
51267	11383
51268	11384
51269	11384
51270	11385
51271	11385
51272	11386
51273	11386
51274	11387
51275	11387
51276	11388
51277	11388
51278	11389
51279	11389
51280	11390
51281	11390
51282	11391
51283	11391
51284	11392
51285	11392
51286	11393
51287	11393
51288	11394
51289	11394
51290	11395
51291	11395
51292	11396
51293	11396
51294	11397
51295	11397
51296	11398
51297	11398
51298	11399
51299	11399
51300	11350
51301	11350
51302	11351
51303	11351
51304	11352
51305	11352
51306	11353
51307	11353
51308	11354
51309	11354
51310	11355
51311	11355
51312	11356
51313	11356
51314	11357
51315	11357
51316	11358
51317	11358
51318	11359
51319	11359
51320	11360
51321	11360
51322	11361
51323	11361
51324	11362
51325	11362
51326	11363
51327	11363
51328	11364
51329	11364
51330	11365
51331	11365
51332	11366
51333	11366
51334	11367
51335	11367
51336	11368
51337	11368
51338	11369
51339	11369
51340	11370
51341	11370
51342	11371
51343	11371
51344	11372
51345	11372
51346	11373
51347	11373
51348	11374
51349	11374
51350	11375
51351	11375
51352	11376
51353	11376
51354	11377
51355	11377
51356	11378
51357	11378
51358	11379
51359	11379
51360	11380
51361	11380
51362	11381
51363	11381
51364	11382
51365	11382
51366	11383
51367	11383
51368	11384
51369	11384
51370	11385
51371	11385
51372	11386
51373	11386
51374	11387
51375	11387
51376	11388
51377	11388
51378	11389
51379	11389
51380	11390
51381	11390
51382	11391
51383	11391
51384	11392
51385	11392
51386	11393
51387	11393
51388	11394
51389	11394
51390	11395
51391	11395
51392	11396
51393	11396
51394	11397
51395	11397
51396	11398
51397	11398
51398	11399
51399	11399
51400	11550
51401	11550
51402	11551
51403	11551
51404	11552
51405	11552
51406	11553
51407	11553
51408	11554
51409	11554
51410	11555
51411	11555
51412	11556
51413	11556
51414	11557
51415	11557
51416	11558
51417	11558
51418	11559
51419	11559
51420	11560
51421	11560
51422	11561
51423	11561
51424	11562
51425	11562
51426	11563
51427	11563
51428	11564
51429	11564
51430	11565
51431	11565
51432	11566
51433	11566
51434	11567
51435	11567
51436	11568
51437	11568
51438	11569
51439	11569
51440	11570
51441	11570
51442	11571
51443	11571
51444	11572
51445	11572
51446	11573
51447	11573
51448	11574
51449	11574
51450	11575
51451	11575
51452	11576
51453	11576
51454	11577
51455	11577
51456	11578
51457	11578
51458	11579
51459	11579
51460	11580
51461	11580
51462	11581
51463	11581
51464	11582
51465	11582
51466	11583
51467	11583
51468	11584
51469	11584
51470	11585
51471	11585
51472	11586
51473	11586
51474	11587
51475	11587
51476	11588
51477	11588
51478	11589
51479	11589
51480	11590
51481	11590
51482	11591
51483	11591
51484	11592
51485	11592
51486	11593
51487	11593
51488	11594
51489	11594
51490	11595
51491	11595
51492	11596
51493	11596
51494	11597
51495	11597
51496	11598
51497	11598
51498	11599
51499	11599
51500	11550
51501	11550
51502	11551
51503	11551
51504	11552
51505	11552
51506	11553
51507	11553
51508	11554
51509	11554
51510	11555
51511	11555
51512	11556
51513	11556
51514	11557
51515	11557
51516	11558
51517	11558
51518	11559
51519	11559
51520	11560
51521	11560
51522	11561
51523	11561
51524	11562
51525	11562
51526	11563
51527	11563
51528	11564
51529	11564
51530	11565
51531	11565
51532	11566
51533	11566
51534	11567
51535	11567
51536	11568
51537	11568
51538	11569
51539	11569
51540	11570
51541	11570
51542	11571
51543	11571
51544	11572
51545	11572
51546	11573
51547	11573
51548	11574
51549	11574
51550	11575
51551	11575
51552	11576
51553	11576
51554	11577
51555	11577
51556	11578
51557	11578
51558	11579
51559	11579
51560	11580
51561	11580
51562	11581
51563	11581
51564	11582
51565	11582
51566	11583
51567	11583
51568	11584
51569	11584
51570	11585
51571	11585
51572	11586
51573	11586
51574	11587
51575	11587
51576	11588
51577	11588
51578	11589
51579	11589
51580	11590
51581	11590
51582	11591
51583	11591
51584	11592
51585	11592
51586	11593
51587	11593
51588	11594
51589	11594
51590	11595
51591	11595
51592	11596
51593	11596
51594	11597
51595	11597
51596	11598
51597	11598
51598	11599
51599	11599
51600	11750
51601	11750
51602	11751
51603	11751
51604	11752
51605	11752
51606	11753
51607	11753
51608	11754
51609	11754
51610	11755
51611	11755
51612	11756
51613	11756
51614	11757
51615	11757
51616	11758
51617	11758
51618	11759
51619	11759
51620	11760
51621	11760
51622	11761
51623	11761
51624	11762
51625	11762
51626	11763
51627	11763
51628	11764
51629	11764
51630	11765
51631	11765
51632	11766
51633	11766
51634	11767
51635	11767
51636	11768
51637	11768
51638	11769
51639	11769
51640	11770
51641	11770
51642	11771
51643	11771
51644	11772
51645	11772
51646	11773
51647	11773
51648	11774
51649	11774
51650	11775
51651	11775
51652	11776
51653	11776
51654	11777
51655	11777
51656	11778
51657	11778
51658	11779
51659	11779
51660	11780
51661	11780
51662	11781
51663	11781
51664	11782
51665	11782
51666	11783
51667	11783
51668	11784
51669	11784
51670	11785
51671	11785
51672	11786
51673	11786
51674	11787
51675	11787
51676	11788
51677	11788
51678	11789
51679	11789
51680	11790
51681	11790
51682	11791
51683	11791
51684	11792
51685	11792
51686	11793
51687	11793
51688	11794
51689	11794
51690	11795
51691	11795
51692	11796
51693	11796
51694	11797
51695	11797
51696	11798
51697	11798
51698	11799
51699	11799
51700	11750
51701	11750
51702	11751
51703	11751
51704	11752
51705	11752
51706	11753
51707	11753
51708	11754
51709	11754
51710	11755
51711	11755
51712	11756
51713	11756
51714	11757
51715	11757
51716	11758
51717	11758
51718	11759
51719	11759
51720	11760
51721	11760
51722	11761
51723	11761
51724	11762
51725	11762
51726	11763
51727	11763
51728	11764
51729	11764
51730	11765
51731	11765
51732	11766
51733	11766
51734	11767
51735	11767
51736	11768
51737	11768
51738	11769
51739	11769
51740	11770
51741	11770
51742	11771
51743	11771
51744	11772
51745	11772
51746	11773
51747	11773
51748	11774
51749	11774
51750	11775
51751	11775
51752	11776
51753	11776
51754	11777
51755	11777
51756	11778
51757	11778
51758	11779
51759	11779
51760	11780
51761	11780
51762	11781
51763	11781
51764	11782
51765	11782
51766	11783
51767	11783
51768	11784
51769	11784
51770	11785
51771	11785
51772	11786
51773	11786
51774	11787
51775	11787
51776	11788
51777	11788
51778	11789
51779	11789
51780	11790
51781	11790
51782	11791
51783	11791
51784	11792
51785	11792
51786	11793
51787	11793
51788	11794
51789	11794
51790	11795
51791	11795
51792	11796
51793	11796
51794	11797
51795	11797
51796	11798
51797	11798
51798	11799
51799	11799
51800	11950
51801	11950
51802	11951
51803	11951
51804	11952
51805	11952
51806	11953
51807	11953
51808	11954
51809	11954
51810	11955
51811	11955
51812	11956
51813	11956
51814	11957
51815	11957
51816	11958
51817	11958
51818	11959
51819	11959
51820	11960
51821	11960
51822	11961
51823	11961
51824	11962
51825	11962
51826	11963
51827	11963
51828	11964
51829	11964
51830	11965
51831	11965
51832	11966
51833	11966
51834	11967
51835	11967
51836	11968
51837	11968
51838	11969
51839	11969
51840	11970
51841	11970
51842	11971
51843	11971
51844	11972
51845	11972
51846	11973
51847	11973
51848	11974
51849	11974
51850	11975
51851	11975
51852	11976
51853	11976
51854	11977
51855	11977
51856	11978
51857	11978
51858	11979
51859	11979
51860	11980
51861	11980
51862	11981
51863	11981
51864	11982
51865	11982
51866	11983
51867	11983
51868	11984
51869	11984
51870	11985
51871	11985
51872	11986
51873	11986
51874	11987
51875	11987
51876	11988
51877	11988
51878	11989
51879	11989
51880	11990
51881	11990
51882	11991
51883	11991
51884	11992
51885	11992
51886	11993
51887	11993
51888	11994
51889	11994
51890	11995
51891	11995
51892	11996
51893	11996
51894	11997
51895	11997
51896	11998
51897	11998
51898	11999
51899	11999
51900	11950
51901	11950
51902	11951
51903	11951
51904	11952
51905	11952
51906	11953
51907	11953
51908	11954
51909	11954
51910	11955
51911	11955
51912	11956
51913	11956
51914	11957
51915	11957
51916	11958
51917	11958
51918	11959
51919	11959
51920	11960
51921	11960
51922	11961
51923	11961
51924	11962
51925	11962
51926	11963
51927	11963
51928	11964
51929	11964
51930	11965
51931	11965
51932	11966
51933	11966
51934	11967
51935	11967
51936	11968
51937	11968
51938	11969
51939	11969
51940	11970
51941	11970
51942	11971
51943	11971
51944	11972
51945	11972
51946	11973
51947	11973
51948	11974
51949	11974
51950	11975
51951	11975
51952	11976
51953	11976
51954	11977
51955	11977
51956	11978
51957	11978
51958	11979
51959	11979
51960	11980
51961	11980
51962	11981
51963	11981
51964	11982
51965	11982
51966	11983
51967	11983
51968	11984
51969	11984
51970	11985
51971	11985
51972	11986
51973	11986
51974	11987
51975	11987
51976	11988
51977	11988
51978	11989
51979	11989
51980	11990
51981	11990
51982	11991
51983	11991
51984	11992
51985	11992
51986	11993
51987	11993
51988	11994
51989	11994
51990	11995
51991	11995
51992	11996
51993	11996
51994	11997
51995	11997
51996	11998
51997	11998
51998	11999
51999	11999
52000	12150
52001	12150
52002	12151
52003	12151
52004	12152
52005	12152
52006	12153
52007	12153
52008	12154
52009	12154
52010	12155
52011	12155
52012	12156
52013	12156
52014	12157
52015	12157
52016	12158
52017	12158
52018	12159
52019	12159
52020	12160
52021	12160
52022	12161
52023	12161
52024	12162
52025	12162
52026	12163
52027	12163
52028	12164
52029	12164
52030	12165
52031	12165
52032	12166
52033	12166
52034	12167
52035	12167
52036	12168
52037	12168
52038	12169
52039	12169
52040	12170
52041	12170
52042	12171
52043	12171
52044	12172
52045	12172
52046	12173
52047	12173
52048	12174
52049	12174
52050	12175
52051	12175
52052	12176
52053	12176
52054	12177
52055	12177
52056	12178
52057	12178
52058	12179
52059	12179
52060	12180
52061	12180
52062	12181
52063	12181
52064	12182
52065	12182
52066	12183
52067	12183
52068	12184
52069	12184
52070	12185
52071	12185
52072	12186
52073	12186
52074	12187
52075	12187
52076	12188
52077	12188
52078	12189
52079	12189
52080	12190
52081	12190
52082	12191
52083	12191
52084	12192
52085	12192
52086	12193
52087	12193
52088	12194
52089	12194
52090	12195
52091	12195
52092	12196
52093	12196
52094	12197
52095	12197
52096	12198
52097	12198
52098	12199
52099	12199
52100	12150
52101	12150
52102	12151
52103	12151
52104	12152
52105	12152
52106	12153
52107	12153
52108	12154
52109	12154
52110	12155
52111	12155
52112	12156
52113	12156
52114	12157
52115	12157
52116	12158
52117	12158
52118	12159
52119	12159
52120	12160
52121	12160
52122	12161
52123	12161
52124	12162
52125	12162
52126	12163
52127	12163
52128	12164
52129	12164
52130	12165
52131	12165
52132	12166
52133	12166
52134	12167
52135	12167
52136	12168
52137	12168
52138	12169
52139	12169
52140	12170
52141	12170
52142	12171
52143	12171
52144	12172
52145	12172
52146	12173
52147	12173
52148	12174
52149	12174
52150	12175
52151	12175
52152	12176
52153	12176
52154	12177
52155	12177
52156	12178
52157	12178
52158	12179
52159	12179
52160	12180
52161	12180
52162	12181
52163	12181
52164	12182
52165	12182
52166	12183
52167	12183
52168	12184
52169	12184
52170	12185
52171	12185
52172	12186
52173	12186
52174	12187
52175	12187
52176	12188
52177	12188
52178	12189
52179	12189
52180	12190
52181	12190
52182	12191
52183	12191
52184	12192
52185	12192
52186	12193
52187	12193
52188	12194
52189	12194
52190	12195
52191	12195
52192	12196
52193	12196
52194	12197
52195	12197
52196	12198
52197	12198
52198	12199
52199	12199
52200	12350
52201	12350
52202	12351
52203	12351
52204	12352
52205	12352
52206	12353
52207	12353
52208	12354
52209	12354
52210	12355
52211	12355
52212	12356
52213	12356
52214	12357
52215	12357
52216	12358
52217	12358
52218	12359
52219	12359
52220	12360
52221	12360
52222	12361
52223	12361
52224	12362
52225	12362
52226	12363
52227	12363
52228	12364
52229	12364
52230	12365
52231	12365
52232	12366
52233	12366
52234	12367
52235	12367
52236	12368
52237	12368
52238	12369
52239	12369
52240	12370
52241	12370
52242	12371
52243	12371
52244	12372
52245	12372
52246	12373
52247	12373
52248	12374
52249	12374
52250	12375
52251	12375
52252	12376
52253	12376
52254	12377
52255	12377
52256	12378
52257	12378
52258	12379
52259	12379
52260	12380
52261	12380
52262	12381
52263	12381
52264	12382
52265	12382
52266	12383
52267	12383
52268	12384
52269	12384
52270	12385
52271	12385
52272	12386
52273	12386
52274	12387
52275	12387
52276	12388
52277	12388
52278	12389
52279	12389
52280	12390
52281	12390
52282	12391
52283	12391
52284	12392
52285	12392
52286	12393
52287	12393
52288	12394
52289	12394
52290	12395
52291	12395
52292	12396
52293	12396
52294	12397
52295	12397
52296	12398
52297	12398
52298	12399
52299	12399
52300	12350
52301	12350
52302	12351
52303	12351
52304	12352
52305	12352
52306	12353
52307	12353
52308	12354
52309	12354
52310	12355
52311	12355
52312	12356
52313	12356
52314	12357
52315	12357
52316	12358
52317	12358
52318	12359
52319	12359
52320	12360
52321	12360
52322	12361
52323	12361
52324	12362
52325	12362
52326	12363
52327	12363
52328	12364
52329	12364
52330	12365
52331	12365
52332	12366
52333	12366
52334	12367
52335	12367
52336	12368
52337	12368
52338	12369
52339	12369
52340	12370
52341	12370
52342	12371
52343	12371
52344	12372
52345	12372
52346	12373
52347	12373
52348	12374
52349	12374
52350	12375
52351	12375
52352	12376
52353	12376
52354	12377
52355	12377
52356	12378
52357	12378
52358	12379
52359	12379
52360	12380
52361	12380
52362	12381
52363	12381
52364	12382
52365	12382
52366	12383
52367	12383
52368	12384
52369	12384
52370	12385
52371	12385
52372	12386
52373	12386
52374	12387
52375	12387
52376	12388
52377	12388
52378	12389
52379	12389
52380	12390
52381	12390
52382	12391
52383	12391
52384	12392
52385	12392
52386	12393
52387	12393
52388	12394
52389	12394
52390	12395
52391	12395
52392	12396
52393	12396
52394	12397
52395	12397
52396	12398
52397	12398
52398	12399
52399	12399
52400	12550
52401	12550
52402	12551
52403	12551
52404	12552
52405	12552
52406	12553
52407	12553
52408	12554
52409	12554
52410	12555
52411	12555
52412	12556
52413	12556
52414	12557
52415	12557
52416	12558
52417	12558
52418	12559
52419	12559
52420	12560
52421	12560
52422	12561
52423	12561
52424	12562
52425	12562
52426	12563
52427	12563
52428	12564
52429	12564
52430	12565
52431	12565
52432	12566
52433	12566
52434	12567
52435	12567
52436	12568
52437	12568
52438	12569
52439	12569
52440	12570
52441	12570
52442	12571
52443	12571
52444	12572
52445	12572
52446	12573
52447	12573
52448	12574
52449	12574
52450	12575
52451	12575
52452	12576
52453	12576
52454	12577
52455	12577
52456	12578
52457	12578
52458	12579
52459	12579
52460	12580
52461	12580
52462	12581
52463	12581
52464	12582
52465	12582
52466	12583
52467	12583
52468	12584
52469	12584
52470	12585
52471	12585
52472	12586
52473	12586
52474	12587
52475	12587
52476	12588
52477	12588
52478	12589
52479	12589
52480	12590
52481	12590
52482	12591
52483	12591
52484	12592
52485	12592
52486	12593
52487	12593
52488	12594
52489	12594
52490	12595
52491	12595
52492	12596
52493	12596
52494	12597
52495	12597
52496	12598
52497	12598
52498	12599
52499	12599
52500	12550
52501	12550
52502	12551
52503	12551
52504	12552
52505	12552
52506	12553
52507	12553
52508	12554
52509	12554
52510	12555
52511	12555
52512	12556
52513	12556
52514	12557
52515	12557
52516	12558
52517	12558
52518	12559
52519	12559
52520	12560
52521	12560
52522	12561
52523	12561
52524	12562
52525	12562
52526	12563
52527	12563
52528	12564
52529	12564
52530	12565
52531	12565
52532	12566
52533	12566
52534	12567
52535	12567
52536	12568
52537	12568
52538	12569
52539	12569
52540	12570
52541	12570
52542	12571
52543	12571
52544	12572
52545	12572
52546	12573
52547	12573
52548	12574
52549	12574
52550	12575
52551	12575
52552	12576
52553	12576
52554	12577
52555	12577
52556	12578
52557	12578
52558	12579
52559	12579
52560	12580
52561	12580
52562	12581
52563	12581
52564	12582
52565	12582
52566	12583
52567	12583
52568	12584
52569	12584
52570	12585
52571	12585
52572	12586
52573	12586
52574	12587
52575	12587
52576	12588
52577	12588
52578	12589
52579	12589
52580	12590
52581	12590
52582	12591
52583	12591
52584	12592
52585	12592
52586	12593
52587	12593
52588	12594
52589	12594
52590	12595
52591	12595
52592	12596
52593	12596
52594	12597
52595	12597
52596	12598
52597	12598
52598	12599
52599	12599
52600	12750
52601	12750
52602	12751
52603	12751
52604	12752
52605	12752
52606	12753
52607	12753
52608	12754
52609	12754
52610	12755
52611	12755
52612	12756
52613	12756
52614	12757
52615	12757
52616	12758
52617	12758
52618	12759
52619	12759
52620	12760
52621	12760
52622	12761
52623	12761
52624	12762
52625	12762
52626	12763
52627	12763
52628	12764
52629	12764
52630	12765
52631	12765
52632	12766
52633	12766
52634	12767
52635	12767
52636	12768
52637	12768
52638	12769
52639	12769
52640	12770
52641	12770
52642	12771
52643	12771
52644	12772
52645	12772
52646	12773
52647	12773
52648	12774
52649	12774
52650	12775
52651	12775
52652	12776
52653	12776
52654	12777
52655	12777
52656	12778
52657	12778
52658	12779
52659	12779
52660	12780
52661	12780
52662	12781
52663	12781
52664	12782
52665	12782
52666	12783
52667	12783
52668	12784
52669	12784
52670	12785
52671	12785
52672	12786
52673	12786
52674	12787
52675	12787
52676	12788
52677	12788
52678	12789
52679	12789
52680	12790
52681	12790
52682	12791
52683	12791
52684	12792
52685	12792
52686	12793
52687	12793
52688	12794
52689	12794
52690	12795
52691	12795
52692	12796
52693	12796
52694	12797
52695	12797
52696	12798
52697	12798
52698	12799
52699	12799
52700	12750
52701	12750
52702	12751
52703	12751
52704	12752
52705	12752
52706	12753
52707	12753
52708	12754
52709	12754
52710	12755
52711	12755
52712	12756
52713	12756
52714	12757
52715	12757
52716	12758
52717	12758
52718	12759
52719	12759
52720	12760
52721	12760
52722	12761
52723	12761
52724	12762
52725	12762
52726	12763
52727	12763
52728	12764
52729	12764
52730	12765
52731	12765
52732	12766
52733	12766
52734	12767
52735	12767
52736	12768
52737	12768
52738	12769
52739	12769
52740	12770
52741	12770
52742	12771
52743	12771
52744	12772
52745	12772
52746	12773
52747	12773
52748	12774
52749	12774
52750	12775
52751	12775
52752	12776
52753	12776
52754	12777
52755	12777
52756	12778
52757	12778
52758	12779
52759	12779
52760	12780
52761	12780
52762	12781
52763	12781
52764	12782
52765	12782
52766	12783
52767	12783
52768	12784
52769	12784
52770	12785
52771	12785
52772	12786
52773	12786
52774	12787
52775	12787
52776	12788
52777	12788
52778	12789
52779	12789
52780	12790
52781	12790
52782	12791
52783	12791
52784	12792
52785	12792
52786	12793
52787	12793
52788	12794
52789	12794
52790	12795
52791	12795
52792	12796
52793	12796
52794	12797
52795	12797
52796	12798
52797	12798
52798	12799
52799	12799
52800	12950
52801	12950
52802	12951
52803	12951
52804	12952
52805	12952
52806	12953
52807	12953
52808	12954
52809	12954
52810	12955
52811	12955
52812	12956
52813	12956
52814	12957
52815	12957
52816	12958
52817	12958
52818	12959
52819	12959
52820	12960
52821	12960
52822	12961
52823	12961
52824	12962
52825	12962
52826	12963
52827	12963
52828	12964
52829	12964
52830	12965
52831	12965
52832	12966
52833	12966
52834	12967
52835	12967
52836	12968
52837	12968
52838	12969
52839	12969
52840	12970
52841	12970
52842	12971
52843	12971
52844	12972
52845	12972
52846	12973
52847	12973
52848	12974
52849	12974
52850	12975
52851	12975
52852	12976
52853	12976
52854	12977
52855	12977
52856	12978
52857	12978
52858	12979
52859	12979
52860	12980
52861	12980
52862	12981
52863	12981
52864	12982
52865	12982
52866	12983
52867	12983
52868	12984
52869	12984
52870	12985
52871	12985
52872	12986
52873	12986
52874	12987
52875	12987
52876	12988
52877	12988
52878	12989
52879	12989
52880	12990
52881	12990
52882	12991
52883	12991
52884	12992
52885	12992
52886	12993
52887	12993
52888	12994
52889	12994
52890	12995
52891	12995
52892	12996
52893	12996
52894	12997
52895	12997
52896	12998
52897	12998
52898	12999
52899	12999
52900	12950
52901	12950
52902	12951
52903	12951
52904	12952
52905	12952
52906	12953
52907	12953
52908	12954
52909	12954
52910	12955
52911	12955
52912	12956
52913	12956
52914	12957
52915	12957
52916	12958
52917	12958
52918	12959
52919	12959
52920	12960
52921	12960
52922	12961
52923	12961
52924	12962
52925	12962
52926	12963
52927	12963
52928	12964
52929	12964
52930	12965
52931	12965
52932	12966
52933	12966
52934	12967
52935	12967
52936	12968
52937	12968
52938	12969
52939	12969
52940	12970
52941	12970
52942	12971
52943	12971
52944	12972
52945	12972
52946	12973
52947	12973
52948	12974
52949	12974
52950	12975
52951	12975
52952	12976
52953	12976
52954	12977
52955	12977
52956	12978
52957	12978
52958	12979
52959	12979
52960	12980
52961	12980
52962	12981
52963	12981
52964	12982
52965	12982
52966	12983
52967	12983
52968	12984
52969	12984
52970	12985
52971	12985
52972	12986
52973	12986
52974	12987
52975	12987
52976	12988
52977	12988
52978	12989
52979	12989
52980	12990
52981	12990
52982	12991
52983	12991
52984	12992
52985	12992
52986	12993
52987	12993
52988	12994
52989	12994
52990	12995
52991	12995
52992	12996
52993	12996
52994	12997
52995	12997
52996	12998
52997	12998
52998	12999
52999	12999
53000	13150
53001	13150
53002	13151
53003	13151
53004	13152
53005	13152
53006	13153
53007	13153
53008	13154
53009	13154
53010	13155
53011	13155
53012	13156
53013	13156
53014	13157
53015	13157
53016	13158
53017	13158
53018	13159
53019	13159
53020	13160
53021	13160
53022	13161
53023	13161
53024	13162
53025	13162
53026	13163
53027	13163
53028	13164
53029	13164
53030	13165
53031	13165
53032	13166
53033	13166
53034	13167
53035	13167
53036	13168
53037	13168
53038	13169
53039	13169
53040	13170
53041	13170
53042	13171
53043	13171
53044	13172
53045	13172
53046	13173
53047	13173
53048	13174
53049	13174
53050	13175
53051	13175
53052	13176
53053	13176
53054	13177
53055	13177
53056	13178
53057	13178
53058	13179
53059	13179
53060	13180
53061	13180
53062	13181
53063	13181
53064	13182
53065	13182
53066	13183
53067	13183
53068	13184
53069	13184
53070	13185
53071	13185
53072	13186
53073	13186
53074	13187
53075	13187
53076	13188
53077	13188
53078	13189
53079	13189
53080	13190
53081	13190
53082	13191
53083	13191
53084	13192
53085	13192
53086	13193
53087	13193
53088	13194
53089	13194
53090	13195
53091	13195
53092	13196
53093	13196
53094	13197
53095	13197
53096	13198
53097	13198
53098	13199
53099	13199
53100	13150
53101	13150
53102	13151
53103	13151
53104	13152
53105	13152
53106	13153
53107	13153
53108	13154
53109	13154
53110	13155
53111	13155
53112	13156
53113	13156
53114	13157
53115	13157
53116	13158
53117	13158
53118	13159
53119	13159
53120	13160
53121	13160
53122	13161
53123	13161
53124	13162
53125	13162
53126	13163
53127	13163
53128	13164
53129	13164
53130	13165
53131	13165
53132	13166
53133	13166
53134	13167
53135	13167
53136	13168
53137	13168
53138	13169
53139	13169
53140	13170
53141	13170
53142	13171
53143	13171
53144	13172
53145	13172
53146	13173
53147	13173
53148	13174
53149	13174
53150	13175
53151	13175
53152	13176
53153	13176
53154	13177
53155	13177
53156	13178
53157	13178
53158	13179
53159	13179
53160	13180
53161	13180
53162	13181
53163	13181
53164	13182
53165	13182
53166	13183
53167	13183
53168	13184
53169	13184
53170	13185
53171	13185
53172	13186
53173	13186
53174	13187
53175	13187
53176	13188
53177	13188
53178	13189
53179	13189
53180	13190
53181	13190
53182	13191
53183	13191
53184	13192
53185	13192
53186	13193
53187	13193
53188	13194
53189	13194
53190	13195
53191	13195
53192	13196
53193	13196
53194	13197
53195	13197
53196	13198
53197	13198
53198	13199
53199	13199
53200	13350
53201	13350
53202	13351
53203	13351
53204	13352
53205	13352
53206	13353
53207	13353
53208	13354
53209	13354
53210	13355
53211	13355
53212	13356
53213	13356
53214	13357
53215	13357
53216	13358
53217	13358
53218	13359
53219	13359
53220	13360
53221	13360
53222	13361
53223	13361
53224	13362
53225	13362
53226	13363
53227	13363
53228	13364
53229	13364
53230	13365
53231	13365
53232	13366
53233	13366
53234	13367
53235	13367
53236	13368
53237	13368
53238	13369
53239	13369
53240	13370
53241	13370
53242	13371
53243	13371
53244	13372
53245	13372
53246	13373
53247	13373
53248	13374
53249	13374
53250	13375
53251	13375
53252	13376
53253	13376
53254	13377
53255	13377
53256	13378
53257	13378
53258	13379
53259	13379
53260	13380
53261	13380
53262	13381
53263	13381
53264	13382
53265	13382
53266	13383
53267	13383
53268	13384
53269	13384
53270	13385
53271	13385
53272	13386
53273	13386
53274	13387
53275	13387
53276	13388
53277	13388
53278	13389
53279	13389
53280	13390
53281	13390
53282	13391
53283	13391
53284	13392
53285	13392
53286	13393
53287	13393
53288	13394
53289	13394
53290	13395
53291	13395
53292	13396
53293	13396
53294	13397
53295	13397
53296	13398
53297	13398
53298	13399
53299	13399
53300	13350
53301	13350
53302	13351
53303	13351
53304	13352
53305	13352
53306	13353
53307	13353
53308	13354
53309	13354
53310	13355
53311	13355
53312	13356
53313	13356
53314	13357
53315	13357
53316	13358
53317	13358
53318	13359
53319	13359
53320	13360
53321	13360
53322	13361
53323	13361
53324	13362
53325	13362
53326	13363
53327	13363
53328	13364
53329	13364
53330	13365
53331	13365
53332	13366
53333	13366
53334	13367
53335	13367
53336	13368
53337	13368
53338	13369
53339	13369
53340	13370
53341	13370
53342	13371
53343	13371
53344	13372
53345	13372
53346	13373
53347	13373
53348	13374
53349	13374
53350	13375
53351	13375
53352	13376
53353	13376
53354	13377
53355	13377
53356	13378
53357	13378
53358	13379
53359	13379
53360	13380
53361	13380
53362	13381
53363	13381
53364	13382
53365	13382
53366	13383
53367	13383
53368	13384
53369	13384
53370	13385
53371	13385
53372	13386
53373	13386
53374	13387
53375	13387
53376	13388
53377	13388
53378	13389
53379	13389
53380	13390
53381	13390
53382	13391
53383	13391
53384	13392
53385	13392
53386	13393
53387	13393
53388	13394
53389	13394
53390	13395
53391	13395
53392	13396
53393	13396
53394	13397
53395	13397
53396	13398
53397	13398
53398	13399
53399	13399
53400	13550
53401	13550
53402	13551
53403	13551
53404	13552
53405	13552
53406	13553
53407	13553
53408	13554
53409	13554
53410	13555
53411	13555
53412	13556
53413	13556
53414	13557
53415	13557
53416	13558
53417	13558
53418	13559
53419	13559
53420	13560
53421	13560
53422	13561
53423	13561
53424	13562
53425	13562
53426	13563
53427	13563
53428	13564
53429	13564
53430	13565
53431	13565
53432	13566
53433	13566
53434	13567
53435	13567
53436	13568
53437	13568
53438	13569
53439	13569
53440	13570
53441	13570
53442	13571
53443	13571
53444	13572
53445	13572
53446	13573
53447	13573
53448	13574
53449	13574
53450	13575
53451	13575
53452	13576
53453	13576
53454	13577
53455	13577
53456	13578
53457	13578
53458	13579
53459	13579
53460	13580
53461	13580
53462	13581
53463	13581
53464	13582
53465	13582
53466	13583
53467	13583
53468	13584
53469	13584
53470	13585
53471	13585
53472	13586
53473	13586
53474	13587
53475	13587
53476	13588
53477	13588
53478	13589
53479	13589
53480	13590
53481	13590
53482	13591
53483	13591
53484	13592
53485	13592
53486	13593
53487	13593
53488	13594
53489	13594
53490	13595
53491	13595
53492	13596
53493	13596
53494	13597
53495	13597
53496	13598
53497	13598
53498	13599
53499	13599
53500	13550
53501	13550
53502	13551
53503	13551
53504	13552
53505	13552
53506	13553
53507	13553
53508	13554
53509	13554
53510	13555
53511	13555
53512	13556
53513	13556
53514	13557
53515	13557
53516	13558
53517	13558
53518	13559
53519	13559
53520	13560
53521	13560
53522	13561
53523	13561
53524	13562
53525	13562
53526	13563
53527	13563
53528	13564
53529	13564
53530	13565
53531	13565
53532	13566
53533	13566
53534	13567
53535	13567
53536	13568
53537	13568
53538	13569
53539	13569
53540	13570
53541	13570
53542	13571
53543	13571
53544	13572
53545	13572
53546	13573
53547	13573
53548	13574
53549	13574
53550	13575
53551	13575
53552	13576
53553	13576
53554	13577
53555	13577
53556	13578
53557	13578
53558	13579
53559	13579
53560	13580
53561	13580
53562	13581
53563	13581
53564	13582
53565	13582
53566	13583
53567	13583
53568	13584
53569	13584
53570	13585
53571	13585
53572	13586
53573	13586
53574	13587
53575	13587
53576	13588
53577	13588
53578	13589
53579	13589
53580	13590
53581	13590
53582	13591
53583	13591
53584	13592
53585	13592
53586	13593
53587	13593
53588	13594
53589	13594
53590	13595
53591	13595
53592	13596
53593	13596
53594	13597
53595	13597
53596	13598
53597	13598
53598	13599
53599	13599
53600	13750
53601	13750
53602	13751
53603	13751
53604	13752
53605	13752
53606	13753
53607	13753
53608	13754
53609	13754
53610	13755
53611	13755
53612	13756
53613	13756
53614	13757
53615	13757
53616	13758
53617	13758
53618	13759
53619	13759
53620	13760
53621	13760
53622	13761
53623	13761
53624	13762
53625	13762
53626	13763
53627	13763
53628	13764
53629	13764
53630	13765
53631	13765
53632	13766
53633	13766
53634	13767
53635	13767
53636	13768
53637	13768
53638	13769
53639	13769
53640	13770
53641	13770
53642	13771
53643	13771
53644	13772
53645	13772
53646	13773
53647	13773
53648	13774
53649	13774
53650	13775
53651	13775
53652	13776
53653	13776
53654	13777
53655	13777
53656	13778
53657	13778
53658	13779
53659	13779
53660	13780
53661	13780
53662	13781
53663	13781
53664	13782
53665	13782
53666	13783
53667	13783
53668	13784
53669	13784
53670	13785
53671	13785
53672	13786
53673	13786
53674	13787
53675	13787
53676	13788
53677	13788
53678	13789
53679	13789
53680	13790
53681	13790
53682	13791
53683	13791
53684	13792
53685	13792
53686	13793
53687	13793
53688	13794
53689	13794
53690	13795
53691	13795
53692	13796
53693	13796
53694	13797
53695	13797
53696	13798
53697	13798
53698	13799
53699	13799
53700	13750
53701	13750
53702	13751
53703	13751
53704	13752
53705	13752
53706	13753
53707	13753
53708	13754
53709	13754
53710	13755
53711	13755
53712	13756
53713	13756
53714	13757
53715	13757
53716	13758
53717	13758
53718	13759
53719	13759
53720	13760
53721	13760
53722	13761
53723	13761
53724	13762
53725	13762
53726	13763
53727	13763
53728	13764
53729	13764
53730	13765
53731	13765
53732	13766
53733	13766
53734	13767
53735	13767
53736	13768
53737	13768
53738	13769
53739	13769
53740	13770
53741	13770
53742	13771
53743	13771
53744	13772
53745	13772
53746	13773
53747	13773
53748	13774
53749	13774
53750	13775
53751	13775
53752	13776
53753	13776
53754	13777
53755	13777
53756	13778
53757	13778
53758	13779
53759	13779
53760	13780
53761	13780
53762	13781
53763	13781
53764	13782
53765	13782
53766	13783
53767	13783
53768	13784
53769	13784
53770	13785
53771	13785
53772	13786
53773	13786
53774	13787
53775	13787
53776	13788
53777	13788
53778	13789
53779	13789
53780	13790
53781	13790
53782	13791
53783	13791
53784	13792
53785	13792
53786	13793
53787	13793
53788	13794
53789	13794
53790	13795
53791	13795
53792	13796
53793	13796
53794	13797
53795	13797
53796	13798
53797	13798
53798	13799
53799	13799
53800	13950
53801	13950
53802	13951
53803	13951
53804	13952
53805	13952
53806	13953
53807	13953
53808	13954
53809	13954
53810	13955
53811	13955
53812	13956
53813	13956
53814	13957
53815	13957
53816	13958
53817	13958
53818	13959
53819	13959
53820	13960
53821	13960
53822	13961
53823	13961
53824	13962
53825	13962
53826	13963
53827	13963
53828	13964
53829	13964
53830	13965
53831	13965
53832	13966
53833	13966
53834	13967
53835	13967
53836	13968
53837	13968
53838	13969
53839	13969
53840	13970
53841	13970
53842	13971
53843	13971
53844	13972
53845	13972
53846	13973
53847	13973
53848	13974
53849	13974
53850	13975
53851	13975
53852	13976
53853	13976
53854	13977
53855	13977
53856	13978
53857	13978
53858	13979
53859	13979
53860	13980
53861	13980
53862	13981
53863	13981
53864	13982
53865	13982
53866	13983
53867	13983
53868	13984
53869	13984
53870	13985
53871	13985
53872	13986
53873	13986
53874	13987
53875	13987
53876	13988
53877	13988
53878	13989
53879	13989
53880	13990
53881	13990
53882	13991
53883	13991
53884	13992
53885	13992
53886	13993
53887	13993
53888	13994
53889	13994
53890	13995
53891	13995
53892	13996
53893	13996
53894	13997
53895	13997
53896	13998
53897	13998
53898	13999
53899	13999
53900	13950
53901	13950
53902	13951
53903	13951
53904	13952
53905	13952
53906	13953
53907	13953
53908	13954
53909	13954
53910	13955
53911	13955
53912	13956
53913	13956
53914	13957
53915	13957
53916	13958
53917	13958
53918	13959
53919	13959
53920	13960
53921	13960
53922	13961
53923	13961
53924	13962
53925	13962
53926	13963
53927	13963
53928	13964
53929	13964
53930	13965
53931	13965
53932	13966
53933	13966
53934	13967
53935	13967
53936	13968
53937	13968
53938	13969
53939	13969
53940	13970
53941	13970
53942	13971
53943	13971
53944	13972
53945	13972
53946	13973
53947	13973
53948	13974
53949	13974
53950	13975
53951	13975
53952	13976
53953	13976
53954	13977
53955	13977
53956	13978
53957	13978
53958	13979
53959	13979
53960	13980
53961	13980
53962	13981
53963	13981
53964	13982
53965	13982
53966	13983
53967	13983
53968	13984
53969	13984
53970	13985
53971	13985
53972	13986
53973	13986
53974	13987
53975	13987
53976	13988
53977	13988
53978	13989
53979	13989
53980	13990
53981	13990
53982	13991
53983	13991
53984	13992
53985	13992
53986	13993
53987	13993
53988	13994
53989	13994
53990	13995
53991	13995
53992	13996
53993	13996
53994	13997
53995	13997
53996	13998
53997	13998
53998	13999
53999	13999
54000	14150
54001	14150
54002	14151
54003	14151
54004	14152
54005	14152
54006	14153
54007	14153
54008	14154
54009	14154
54010	14155
54011	14155
54012	14156
54013	14156
54014	14157
54015	14157
54016	14158
54017	14158
54018	14159
54019	14159
54020	14160
54021	14160
54022	14161
54023	14161
54024	14162
54025	14162
54026	14163
54027	14163
54028	14164
54029	14164
54030	14165
54031	14165
54032	14166
54033	14166
54034	14167
54035	14167
54036	14168
54037	14168
54038	14169
54039	14169
54040	14170
54041	14170
54042	14171
54043	14171
54044	14172
54045	14172
54046	14173
54047	14173
54048	14174
54049	14174
54050	14175
54051	14175
54052	14176
54053	14176
54054	14177
54055	14177
54056	14178
54057	14178
54058	14179
54059	14179
54060	14180
54061	14180
54062	14181
54063	14181
54064	14182
54065	14182
54066	14183
54067	14183
54068	14184
54069	14184
54070	14185
54071	14185
54072	14186
54073	14186
54074	14187
54075	14187
54076	14188
54077	14188
54078	14189
54079	14189
54080	14190
54081	14190
54082	14191
54083	14191
54084	14192
54085	14192
54086	14193
54087	14193
54088	14194
54089	14194
54090	14195
54091	14195
54092	14196
54093	14196
54094	14197
54095	14197
54096	14198
54097	14198
54098	14199
54099	14199
54100	14150
54101	14150
54102	14151
54103	14151
54104	14152
54105	14152
54106	14153
54107	14153
54108	14154
54109	14154
54110	14155
54111	14155
54112	14156
54113	14156
54114	14157
54115	14157
54116	14158
54117	14158
54118	14159
54119	14159
54120	14160
54121	14160
54122	14161
54123	14161
54124	14162
54125	14162
54126	14163
54127	14163
54128	14164
54129	14164
54130	14165
54131	14165
54132	14166
54133	14166
54134	14167
54135	14167
54136	14168
54137	14168
54138	14169
54139	14169
54140	14170
54141	14170
54142	14171
54143	14171
54144	14172
54145	14172
54146	14173
54147	14173
54148	14174
54149	14174
54150	14175
54151	14175
54152	14176
54153	14176
54154	14177
54155	14177
54156	14178
54157	14178
54158	14179
54159	14179
54160	14180
54161	14180
54162	14181
54163	14181
54164	14182
54165	14182
54166	14183
54167	14183
54168	14184
54169	14184
54170	14185
54171	14185
54172	14186
54173	14186
54174	14187
54175	14187
54176	14188
54177	14188
54178	14189
54179	14189
54180	14190
54181	14190
54182	14191
54183	14191
54184	14192
54185	14192
54186	14193
54187	14193
54188	14194
54189	14194
54190	14195
54191	14195
54192	14196
54193	14196
54194	14197
54195	14197
54196	14198
54197	14198
54198	14199
54199	14199
54200	14350
54201	14350
54202	14351
54203	14351
54204	14352
54205	14352
54206	14353
54207	14353
54208	14354
54209	14354
54210	14355
54211	14355
54212	14356
54213	14356
54214	14357
54215	14357
54216	14358
54217	14358
54218	14359
54219	14359
54220	14360
54221	14360
54222	14361
54223	14361
54224	14362
54225	14362
54226	14363
54227	14363
54228	14364
54229	14364
54230	14365
54231	14365
54232	14366
54233	14366
54234	14367
54235	14367
54236	14368
54237	14368
54238	14369
54239	14369
54240	14370
54241	14370
54242	14371
54243	14371
54244	14372
54245	14372
54246	14373
54247	14373
54248	14374
54249	14374
54250	14375
54251	14375
54252	14376
54253	14376
54254	14377
54255	14377
54256	14378
54257	14378
54258	14379
54259	14379
54260	14380
54261	14380
54262	14381
54263	14381
54264	14382
54265	14382
54266	14383
54267	14383
54268	14384
54269	14384
54270	14385
54271	14385
54272	14386
54273	14386
54274	14387
54275	14387
54276	14388
54277	14388
54278	14389
54279	14389
54280	14390
54281	14390
54282	14391
54283	14391
54284	14392
54285	14392
54286	14393
54287	14393
54288	14394
54289	14394
54290	14395
54291	14395
54292	14396
54293	14396
54294	14397
54295	14397
54296	14398
54297	14398
54298	14399
54299	14399
54300	14350
54301	14350
54302	14351
54303	14351
54304	14352
54305	14352
54306	14353
54307	14353
54308	14354
54309	14354
54310	14355
54311	14355
54312	14356
54313	14356
54314	14357
54315	14357
54316	14358
54317	14358
54318	14359
54319	14359
54320	14360
54321	14360
54322	14361
54323	14361
54324	14362
54325	14362
54326	14363
54327	14363
54328	14364
54329	14364
54330	14365
54331	14365
54332	14366
54333	14366
54334	14367
54335	14367
54336	14368
54337	14368
54338	14369
54339	14369
54340	14370
54341	14370
54342	14371
54343	14371
54344	14372
54345	14372
54346	14373
54347	14373
54348	14374
54349	14374
54350	14375
54351	14375
54352	14376
54353	14376
54354	14377
54355	14377
54356	14378
54357	14378
54358	14379
54359	14379
54360	14380
54361	14380
54362	14381
54363	14381
54364	14382
54365	14382
54366	14383
54367	14383
54368	14384
54369	14384
54370	14385
54371	14385
54372	14386
54373	14386
54374	14387
54375	14387
54376	14388
54377	14388
54378	14389
54379	14389
54380	14390
54381	14390
54382	14391
54383	14391
54384	14392
54385	14392
54386	14393
54387	14393
54388	14394
54389	14394
54390	14395
54391	14395
54392	14396
54393	14396
54394	14397
54395	14397
54396	14398
54397	14398
54398	14399
54399	14399
54400	14550
54401	14550
54402	14551
54403	14551
54404	14552
54405	14552
54406	14553
54407	14553
54408	14554
54409	14554
54410	14555
54411	14555
54412	14556
54413	14556
54414	14557
54415	14557
54416	14558
54417	14558
54418	14559
54419	14559
54420	14560
54421	14560
54422	14561
54423	14561
54424	14562
54425	14562
54426	14563
54427	14563
54428	14564
54429	14564
54430	14565
54431	14565
54432	14566
54433	14566
54434	14567
54435	14567
54436	14568
54437	14568
54438	14569
54439	14569
54440	14570
54441	14570
54442	14571
54443	14571
54444	14572
54445	14572
54446	14573
54447	14573
54448	14574
54449	14574
54450	14575
54451	14575
54452	14576
54453	14576
54454	14577
54455	14577
54456	14578
54457	14578
54458	14579
54459	14579
54460	14580
54461	14580
54462	14581
54463	14581
54464	14582
54465	14582
54466	14583
54467	14583
54468	14584
54469	14584
54470	14585
54471	14585
54472	14586
54473	14586
54474	14587
54475	14587
54476	14588
54477	14588
54478	14589
54479	14589
54480	14590
54481	14590
54482	14591
54483	14591
54484	14592
54485	14592
54486	14593
54487	14593
54488	14594
54489	14594
54490	14595
54491	14595
54492	14596
54493	14596
54494	14597
54495	14597
54496	14598
54497	14598
54498	14599
54499	14599
54500	14550
54501	14550
54502	14551
54503	14551
54504	14552
54505	14552
54506	14553
54507	14553
54508	14554
54509	14554
54510	14555
54511	14555
54512	14556
54513	14556
54514	14557
54515	14557
54516	14558
54517	14558
54518	14559
54519	14559
54520	14560
54521	14560
54522	14561
54523	14561
54524	14562
54525	14562
54526	14563
54527	14563
54528	14564
54529	14564
54530	14565
54531	14565
54532	14566
54533	14566
54534	14567
54535	14567
54536	14568
54537	14568
54538	14569
54539	14569
54540	14570
54541	14570
54542	14571
54543	14571
54544	14572
54545	14572
54546	14573
54547	14573
54548	14574
54549	14574
54550	14575
54551	14575
54552	14576
54553	14576
54554	14577
54555	14577
54556	14578
54557	14578
54558	14579
54559	14579
54560	14580
54561	14580
54562	14581
54563	14581
54564	14582
54565	14582
54566	14583
54567	14583
54568	14584
54569	14584
54570	14585
54571	14585
54572	14586
54573	14586
54574	14587
54575	14587
54576	14588
54577	14588
54578	14589
54579	14589
54580	14590
54581	14590
54582	14591
54583	14591
54584	14592
54585	14592
54586	14593
54587	14593
54588	14594
54589	14594
54590	14595
54591	14595
54592	14596
54593	14596
54594	14597
54595	14597
54596	14598
54597	14598
54598	14599
54599	14599
54600	14750
54601	14750
54602	14751
54603	14751
54604	14752
54605	14752
54606	14753
54607	14753
54608	14754
54609	14754
54610	14755
54611	14755
54612	14756
54613	14756
54614	14757
54615	14757
54616	14758
54617	14758
54618	14759
54619	14759
54620	14760
54621	14760
54622	14761
54623	14761
54624	14762
54625	14762
54626	14763
54627	14763
54628	14764
54629	14764
54630	14765
54631	14765
54632	14766
54633	14766
54634	14767
54635	14767
54636	14768
54637	14768
54638	14769
54639	14769
54640	14770
54641	14770
54642	14771
54643	14771
54644	14772
54645	14772
54646	14773
54647	14773
54648	14774
54649	14774
54650	14775
54651	14775
54652	14776
54653	14776
54654	14777
54655	14777
54656	14778
54657	14778
54658	14779
54659	14779
54660	14780
54661	14780
54662	14781
54663	14781
54664	14782
54665	14782
54666	14783
54667	14783
54668	14784
54669	14784
54670	14785
54671	14785
54672	14786
54673	14786
54674	14787
54675	14787
54676	14788
54677	14788
54678	14789
54679	14789
54680	14790
54681	14790
54682	14791
54683	14791
54684	14792
54685	14792
54686	14793
54687	14793
54688	14794
54689	14794
54690	14795
54691	14795
54692	14796
54693	14796
54694	14797
54695	14797
54696	14798
54697	14798
54698	14799
54699	14799
54700	14750
54701	14750
54702	14751
54703	14751
54704	14752
54705	14752
54706	14753
54707	14753
54708	14754
54709	14754
54710	14755
54711	14755
54712	14756
54713	14756
54714	14757
54715	14757
54716	14758
54717	14758
54718	14759
54719	14759
54720	14760
54721	14760
54722	14761
54723	14761
54724	14762
54725	14762
54726	14763
54727	14763
54728	14764
54729	14764
54730	14765
54731	14765
54732	14766
54733	14766
54734	14767
54735	14767
54736	14768
54737	14768
54738	14769
54739	14769
54740	14770
54741	14770
54742	14771
54743	14771
54744	14772
54745	14772
54746	14773
54747	14773
54748	14774
54749	14774
54750	14775
54751	14775
54752	14776
54753	14776
54754	14777
54755	14777
54756	14778
54757	14778
54758	14779
54759	14779
54760	14780
54761	14780
54762	14781
54763	14781
54764	14782
54765	14782
54766	14783
54767	14783
54768	14784
54769	14784
54770	14785
54771	14785
54772	14786
54773	14786
54774	14787
54775	14787
54776	14788
54777	14788
54778	14789
54779	14789
54780	14790
54781	14790
54782	14791
54783	14791
54784	14792
54785	14792
54786	14793
54787	14793
54788	14794
54789	14794
54790	14795
54791	14795
54792	14796
54793	14796
54794	14797
54795	14797
54796	14798
54797	14798
54798	14799
54799	14799
54800	14950
54801	14950
54802	14951
54803	14951
54804	14952
54805	14952
54806	14953
54807	14953
54808	14954
54809	14954
54810	14955
54811	14955
54812	14956
54813	14956
54814	14957
54815	14957
54816	14958
54817	14958
54818	14959
54819	14959
54820	14960
54821	14960
54822	14961
54823	14961
54824	14962
54825	14962
54826	14963
54827	14963
54828	14964
54829	14964
54830	14965
54831	14965
54832	14966
54833	14966
54834	14967
54835	14967
54836	14968
54837	14968
54838	14969
54839	14969
54840	14970
54841	14970
54842	14971
54843	14971
54844	14972
54845	14972
54846	14973
54847	14973
54848	14974
54849	14974
54850	14975
54851	14975
54852	14976
54853	14976
54854	14977
54855	14977
54856	14978
54857	14978
54858	14979
54859	14979
54860	14980
54861	14980
54862	14981
54863	14981
54864	14982
54865	14982
54866	14983
54867	14983
54868	14984
54869	14984
54870	14985
54871	14985
54872	14986
54873	14986
54874	14987
54875	14987
54876	14988
54877	14988
54878	14989
54879	14989
54880	14990
54881	14990
54882	14991
54883	14991
54884	14992
54885	14992
54886	14993
54887	14993
54888	14994
54889	14994
54890	14995
54891	14995
54892	14996
54893	14996
54894	14997
54895	14997
54896	14998
54897	14998
54898	14999
54899	14999
54900	14950
54901	14950
54902	14951
54903	14951
54904	14952
54905	14952
54906	14953
54907	14953
54908	14954
54909	14954
54910	14955
54911	14955
54912	14956
54913	14956
54914	14957
54915	14957
54916	14958
54917	14958
54918	14959
54919	14959
54920	14960
54921	14960
54922	14961
54923	14961
54924	14962
54925	14962
54926	14963
54927	14963
54928	14964
54929	14964
54930	14965
54931	14965
54932	14966
54933	14966
54934	14967
54935	14967
54936	14968
54937	14968
54938	14969
54939	14969
54940	14970
54941	14970
54942	14971
54943	14971
54944	14972
54945	14972
54946	14973
54947	14973
54948	14974
54949	14974
54950	14975
54951	14975
54952	14976
54953	14976
54954	14977
54955	14977
54956	14978
54957	14978
54958	14979
54959	14979
54960	14980
54961	14980
54962	14981
54963	14981
54964	14982
54965	14982
54966	14983
54967	14983
54968	14984
54969	14984
54970	14985
54971	14985
54972	14986
54973	14986
54974	14987
54975	14987
54976	14988
54977	14988
54978	14989
54979	14989
54980	14990
54981	14990
54982	14991
54983	14991
54984	14992
54985	14992
54986	14993
54987	14993
54988	14994
54989	14994
54990	14995
54991	14995
54992	14996
54993	14996
54994	14997
54995	14997
54996	14998
54997	14998
54998	14999
54999	14999
55000	15150
55001	15150
55002	15151
55003	15151
55004	15152
55005	15152
55006	15153
55007	15153
55008	15154
55009	15154
55010	15155
55011	15155
55012	15156
55013	15156
55014	15157
55015	15157
55016	15158
55017	15158
55018	15159
55019	15159
55020	15160
55021	15160
55022	15161
55023	15161
55024	15162
55025	15162
55026	15163
55027	15163
55028	15164
55029	15164
55030	15165
55031	15165
55032	15166
55033	15166
55034	15167
55035	15167
55036	15168
55037	15168
55038	15169
55039	15169
55040	15170
55041	15170
55042	15171
55043	15171
55044	15172
55045	15172
55046	15173
55047	15173
55048	15174
55049	15174
55050	15175
55051	15175
55052	15176
55053	15176
55054	15177
55055	15177
55056	15178
55057	15178
55058	15179
55059	15179
55060	15180
55061	15180
55062	15181
55063	15181
55064	15182
55065	15182
55066	15183
55067	15183
55068	15184
55069	15184
55070	15185
55071	15185
55072	15186
55073	15186
55074	15187
55075	15187
55076	15188
55077	15188
55078	15189
55079	15189
55080	15190
55081	15190
55082	15191
55083	15191
55084	15192
55085	15192
55086	15193
55087	15193
55088	15194
55089	15194
55090	15195
55091	15195
55092	15196
55093	15196
55094	15197
55095	15197
55096	15198
55097	15198
55098	15199
55099	15199
55100	15150
55101	15150
55102	15151
55103	15151
55104	15152
55105	15152
55106	15153
55107	15153
55108	15154
55109	15154
55110	15155
55111	15155
55112	15156
55113	15156
55114	15157
55115	15157
55116	15158
55117	15158
55118	15159
55119	15159
55120	15160
55121	15160
55122	15161
55123	15161
55124	15162
55125	15162
55126	15163
55127	15163
55128	15164
55129	15164
55130	15165
55131	15165
55132	15166
55133	15166
55134	15167
55135	15167
55136	15168
55137	15168
55138	15169
55139	15169
55140	15170
55141	15170
55142	15171
55143	15171
55144	15172
55145	15172
55146	15173
55147	15173
55148	15174
55149	15174
55150	15175
55151	15175
55152	15176
55153	15176
55154	15177
55155	15177
55156	15178
55157	15178
55158	15179
55159	15179
55160	15180
55161	15180
55162	15181
55163	15181
55164	15182
55165	15182
55166	15183
55167	15183
55168	15184
55169	15184
55170	15185
55171	15185
55172	15186
55173	15186
55174	15187
55175	15187
55176	15188
55177	15188
55178	15189
55179	15189
55180	15190
55181	15190
55182	15191
55183	15191
55184	15192
55185	15192
55186	15193
55187	15193
55188	15194
55189	15194
55190	15195
55191	15195
55192	15196
55193	15196
55194	15197
55195	15197
55196	15198
55197	15198
55198	15199
55199	15199
55200	15350
55201	15350
55202	15351
55203	15351
55204	15352
55205	15352
55206	15353
55207	15353
55208	15354
55209	15354
55210	15355
55211	15355
55212	15356
55213	15356
55214	15357
55215	15357
55216	15358
55217	15358
55218	15359
55219	15359
55220	15360
55221	15360
55222	15361
55223	15361
55224	15362
55225	15362
55226	15363
55227	15363
55228	15364
55229	15364
55230	15365
55231	15365
55232	15366
55233	15366
55234	15367
55235	15367
55236	15368
55237	15368
55238	15369
55239	15369
55240	15370
55241	15370
55242	15371
55243	15371
55244	15372
55245	15372
55246	15373
55247	15373
55248	15374
55249	15374
55250	15375
55251	15375
55252	15376
55253	15376
55254	15377
55255	15377
55256	15378
55257	15378
55258	15379
55259	15379
55260	15380
55261	15380
55262	15381
55263	15381
55264	15382
55265	15382
55266	15383
55267	15383
55268	15384
55269	15384
55270	15385
55271	15385
55272	15386
55273	15386
55274	15387
55275	15387
55276	15388
55277	15388
55278	15389
55279	15389
55280	15390
55281	15390
55282	15391
55283	15391
55284	15392
55285	15392
55286	15393
55287	15393
55288	15394
55289	15394
55290	15395
55291	15395
55292	15396
55293	15396
55294	15397
55295	15397
55296	15398
55297	15398
55298	15399
55299	15399
55300	15350
55301	15350
55302	15351
55303	15351
55304	15352
55305	15352
55306	15353
55307	15353
55308	15354
55309	15354
55310	15355
55311	15355
55312	15356
55313	15356
55314	15357
55315	15357
55316	15358
55317	15358
55318	15359
55319	15359
55320	15360
55321	15360
55322	15361
55323	15361
55324	15362
55325	15362
55326	15363
55327	15363
55328	15364
55329	15364
55330	15365
55331	15365
55332	15366
55333	15366
55334	15367
55335	15367
55336	15368
55337	15368
55338	15369
55339	15369
55340	15370
55341	15370
55342	15371
55343	15371
55344	15372
55345	15372
55346	15373
55347	15373
55348	15374
55349	15374
55350	15375
55351	15375
55352	15376
55353	15376
55354	15377
55355	15377
55356	15378
55357	15378
55358	15379
55359	15379
55360	15380
55361	15380
55362	15381
55363	15381
55364	15382
55365	15382
55366	15383
55367	15383
55368	15384
55369	15384
55370	15385
55371	15385
55372	15386
55373	15386
55374	15387
55375	15387
55376	15388
55377	15388
55378	15389
55379	15389
55380	15390
55381	15390
55382	15391
55383	15391
55384	15392
55385	15392
55386	15393
55387	15393
55388	15394
55389	15394
55390	15395
55391	15395
55392	15396
55393	15396
55394	15397
55395	15397
55396	15398
55397	15398
55398	15399
55399	15399
55400	15550
55401	15550
55402	15551
55403	15551
55404	15552
55405	15552
55406	15553
55407	15553
55408	15554
55409	15554
55410	15555
55411	15555
55412	15556
55413	15556
55414	15557
55415	15557
55416	15558
55417	15558
55418	15559
55419	15559
55420	15560
55421	15560
55422	15561
55423	15561
55424	15562
55425	15562
55426	15563
55427	15563
55428	15564
55429	15564
55430	15565
55431	15565
55432	15566
55433	15566
55434	15567
55435	15567
55436	15568
55437	15568
55438	15569
55439	15569
55440	15570
55441	15570
55442	15571
55443	15571
55444	15572
55445	15572
55446	15573
55447	15573
55448	15574
55449	15574
55450	15575
55451	15575
55452	15576
55453	15576
55454	15577
55455	15577
55456	15578
55457	15578
55458	15579
55459	15579
55460	15580
55461	15580
55462	15581
55463	15581
55464	15582
55465	15582
55466	15583
55467	15583
55468	15584
55469	15584
55470	15585
55471	15585
55472	15586
55473	15586
55474	15587
55475	15587
55476	15588
55477	15588
55478	15589
55479	15589
55480	15590
55481	15590
55482	15591
55483	15591
55484	15592
55485	15592
55486	15593
55487	15593
55488	15594
55489	15594
55490	15595
55491	15595
55492	15596
55493	15596
55494	15597
55495	15597
55496	15598
55497	15598
55498	15599
55499	15599
55500	15550
55501	15550
55502	15551
55503	15551
55504	15552
55505	15552
55506	15553
55507	15553
55508	15554
55509	15554
55510	15555
55511	15555
55512	15556
55513	15556
55514	15557
55515	15557
55516	15558
55517	15558
55518	15559
55519	15559
55520	15560
55521	15560
55522	15561
55523	15561
55524	15562
55525	15562
55526	15563
55527	15563
55528	15564
55529	15564
55530	15565
55531	15565
55532	15566
55533	15566
55534	15567
55535	15567
55536	15568
55537	15568
55538	15569
55539	15569
55540	15570
55541	15570
55542	15571
55543	15571
55544	15572
55545	15572
55546	15573
55547	15573
55548	15574
55549	15574
55550	15575
55551	15575
55552	15576
55553	15576
55554	15577
55555	15577
55556	15578
55557	15578
55558	15579
55559	15579
55560	15580
55561	15580
55562	15581
55563	15581
55564	15582
55565	15582
55566	15583
55567	15583
55568	15584
55569	15584
55570	15585
55571	15585
55572	15586
55573	15586
55574	15587
55575	15587
55576	15588
55577	15588
55578	15589
55579	15589
55580	15590
55581	15590
55582	15591
55583	15591
55584	15592
55585	15592
55586	15593
55587	15593
55588	15594
55589	15594
55590	15595
55591	15595
55592	15596
55593	15596
55594	15597
55595	15597
55596	15598
55597	15598
55598	15599
55599	15599
55600	15750
55601	15750
55602	15751
55603	15751
55604	15752
55605	15752
55606	15753
55607	15753
55608	15754
55609	15754
55610	15755
55611	15755
55612	15756
55613	15756
55614	15757
55615	15757
55616	15758
55617	15758
55618	15759
55619	15759
55620	15760
55621	15760
55622	15761
55623	15761
55624	15762
55625	15762
55626	15763
55627	15763
55628	15764
55629	15764
55630	15765
55631	15765
55632	15766
55633	15766
55634	15767
55635	15767
55636	15768
55637	15768
55638	15769
55639	15769
55640	15770
55641	15770
55642	15771
55643	15771
55644	15772
55645	15772
55646	15773
55647	15773
55648	15774
55649	15774
55650	15775
55651	15775
55652	15776
55653	15776
55654	15777
55655	15777
55656	15778
55657	15778
55658	15779
55659	15779
55660	15780
55661	15780
55662	15781
55663	15781
55664	15782
55665	15782
55666	15783
55667	15783
55668	15784
55669	15784
55670	15785
55671	15785
55672	15786
55673	15786
55674	15787
55675	15787
55676	15788
55677	15788
55678	15789
55679	15789
55680	15790
55681	15790
55682	15791
55683	15791
55684	15792
55685	15792
55686	15793
55687	15793
55688	15794
55689	15794
55690	15795
55691	15795
55692	15796
55693	15796
55694	15797
55695	15797
55696	15798
55697	15798
55698	15799
55699	15799
55700	15750
55701	15750
55702	15751
55703	15751
55704	15752
55705	15752
55706	15753
55707	15753
55708	15754
55709	15754
55710	15755
55711	15755
55712	15756
55713	15756
55714	15757
55715	15757
55716	15758
55717	15758
55718	15759
55719	15759
55720	15760
55721	15760
55722	15761
55723	15761
55724	15762
55725	15762
55726	15763
55727	15763
55728	15764
55729	15764
55730	15765
55731	15765
55732	15766
55733	15766
55734	15767
55735	15767
55736	15768
55737	15768
55738	15769
55739	15769
55740	15770
55741	15770
55742	15771
55743	15771
55744	15772
55745	15772
55746	15773
55747	15773
55748	15774
55749	15774
55750	15775
55751	15775
55752	15776
55753	15776
55754	15777
55755	15777
55756	15778
55757	15778
55758	15779
55759	15779
55760	15780
55761	15780
55762	15781
55763	15781
55764	15782
55765	15782
55766	15783
55767	15783
55768	15784
55769	15784
55770	15785
55771	15785
55772	15786
55773	15786
55774	15787
55775	15787
55776	15788
55777	15788
55778	15789
55779	15789
55780	15790
55781	15790
55782	15791
55783	15791
55784	15792
55785	15792
55786	15793
55787	15793
55788	15794
55789	15794
55790	15795
55791	15795
55792	15796
55793	15796
55794	15797
55795	15797
55796	15798
55797	15798
55798	15799
55799	15799
55800	15950
55801	15950
55802	15951
55803	15951
55804	15952
55805	15952
55806	15953
55807	15953
55808	15954
55809	15954
55810	15955
55811	15955
55812	15956
55813	15956
55814	15957
55815	15957
55816	15958
55817	15958
55818	15959
55819	15959
55820	15960
55821	15960
55822	15961
55823	15961
55824	15962
55825	15962
55826	15963
55827	15963
55828	15964
55829	15964
55830	15965
55831	15965
55832	15966
55833	15966
55834	15967
55835	15967
55836	15968
55837	15968
55838	15969
55839	15969
55840	15970
55841	15970
55842	15971
55843	15971
55844	15972
55845	15972
55846	15973
55847	15973
55848	15974
55849	15974
55850	15975
55851	15975
55852	15976
55853	15976
55854	15977
55855	15977
55856	15978
55857	15978
55858	15979
55859	15979
55860	15980
55861	15980
55862	15981
55863	15981
55864	15982
55865	15982
55866	15983
55867	15983
55868	15984
55869	15984
55870	15985
55871	15985
55872	15986
55873	15986
55874	15987
55875	15987
55876	15988
55877	15988
55878	15989
55879	15989
55880	15990
55881	15990
55882	15991
55883	15991
55884	15992
55885	15992
55886	15993
55887	15993
55888	15994
55889	15994
55890	15995
55891	15995
55892	15996
55893	15996
55894	15997
55895	15997
55896	15998
55897	15998
55898	15999
55899	15999
55900	15950
55901	15950
55902	15951
55903	15951
55904	15952
55905	15952
55906	15953
55907	15953
55908	15954
55909	15954
55910	15955
55911	15955
55912	15956
55913	15956
55914	15957
55915	15957
55916	15958
55917	15958
55918	15959
55919	15959
55920	15960
55921	15960
55922	15961
55923	15961
55924	15962
55925	15962
55926	15963
55927	15963
55928	15964
55929	15964
55930	15965
55931	15965
55932	15966
55933	15966
55934	15967
55935	15967
55936	15968
55937	15968
55938	15969
55939	15969
55940	15970
55941	15970
55942	15971
55943	15971
55944	15972
55945	15972
55946	15973
55947	15973
55948	15974
55949	15974
55950	15975
55951	15975
55952	15976
55953	15976
55954	15977
55955	15977
55956	15978
55957	15978
55958	15979
55959	15979
55960	15980
55961	15980
55962	15981
55963	15981
55964	15982
55965	15982
55966	15983
55967	15983
55968	15984
55969	15984
55970	15985
55971	15985
55972	15986
55973	15986
55974	15987
55975	15987
55976	15988
55977	15988
55978	15989
55979	15989
55980	15990
55981	15990
55982	15991
55983	15991
55984	15992
55985	15992
55986	15993
55987	15993
55988	15994
55989	15994
55990	15995
55991	15995
55992	15996
55993	15996
55994	15997
55995	15997
55996	15998
55997	15998
55998	15999
55999	15999
56000	16150
56001	16150
56002	16151
56003	16151
56004	16152
56005	16152
56006	16153
56007	16153
56008	16154
56009	16154
56010	16155
56011	16155
56012	16156
56013	16156
56014	16157
56015	16157
56016	16158
56017	16158
56018	16159
56019	16159
56020	16160
56021	16160
56022	16161
56023	16161
56024	16162
56025	16162
56026	16163
56027	16163
56028	16164
56029	16164
56030	16165
56031	16165
56032	16166
56033	16166
56034	16167
56035	16167
56036	16168
56037	16168
56038	16169
56039	16169
56040	16170
56041	16170
56042	16171
56043	16171
56044	16172
56045	16172
56046	16173
56047	16173
56048	16174
56049	16174
56050	16175
56051	16175
56052	16176
56053	16176
56054	16177
56055	16177
56056	16178
56057	16178
56058	16179
56059	16179
56060	16180
56061	16180
56062	16181
56063	16181
56064	16182
56065	16182
56066	16183
56067	16183
56068	16184
56069	16184
56070	16185
56071	16185
56072	16186
56073	16186
56074	16187
56075	16187
56076	16188
56077	16188
56078	16189
56079	16189
56080	16190
56081	16190
56082	16191
56083	16191
56084	16192
56085	16192
56086	16193
56087	16193
56088	16194
56089	16194
56090	16195
56091	16195
56092	16196
56093	16196
56094	16197
56095	16197
56096	16198
56097	16198
56098	16199
56099	16199
56100	16150
56101	16150
56102	16151
56103	16151
56104	16152
56105	16152
56106	16153
56107	16153
56108	16154
56109	16154
56110	16155
56111	16155
56112	16156
56113	16156
56114	16157
56115	16157
56116	16158
56117	16158
56118	16159
56119	16159
56120	16160
56121	16160
56122	16161
56123	16161
56124	16162
56125	16162
56126	16163
56127	16163
56128	16164
56129	16164
56130	16165
56131	16165
56132	16166
56133	16166
56134	16167
56135	16167
56136	16168
56137	16168
56138	16169
56139	16169
56140	16170
56141	16170
56142	16171
56143	16171
56144	16172
56145	16172
56146	16173
56147	16173
56148	16174
56149	16174
56150	16175
56151	16175
56152	16176
56153	16176
56154	16177
56155	16177
56156	16178
56157	16178
56158	16179
56159	16179
56160	16180
56161	16180
56162	16181
56163	16181
56164	16182
56165	16182
56166	16183
56167	16183
56168	16184
56169	16184
56170	16185
56171	16185
56172	16186
56173	16186
56174	16187
56175	16187
56176	16188
56177	16188
56178	16189
56179	16189
56180	16190
56181	16190
56182	16191
56183	16191
56184	16192
56185	16192
56186	16193
56187	16193
56188	16194
56189	16194
56190	16195
56191	16195
56192	16196
56193	16196
56194	16197
56195	16197
56196	16198
56197	16198
56198	16199
56199	16199
56200	16350
56201	16350
56202	16351
56203	16351
56204	16352
56205	16352
56206	16353
56207	16353
56208	16354
56209	16354
56210	16355
56211	16355
56212	16356
56213	16356
56214	16357
56215	16357
56216	16358
56217	16358
56218	16359
56219	16359
56220	16360
56221	16360
56222	16361
56223	16361
56224	16362
56225	16362
56226	16363
56227	16363
56228	16364
56229	16364
56230	16365
56231	16365
56232	16366
56233	16366
56234	16367
56235	16367
56236	16368
56237	16368
56238	16369
56239	16369
56240	16370
56241	16370
56242	16371
56243	16371
56244	16372
56245	16372
56246	16373
56247	16373
56248	16374
56249	16374
56250	16375
56251	16375
56252	16376
56253	16376
56254	16377
56255	16377
56256	16378
56257	16378
56258	16379
56259	16379
56260	16380
56261	16380
56262	16381
56263	16381
56264	16382
56265	16382
56266	16383
56267	16383
56268	16384
56269	16384
56270	16385
56271	16385
56272	16386
56273	16386
56274	16387
56275	16387
56276	16388
56277	16388
56278	16389
56279	16389
56280	16390
56281	16390
56282	16391
56283	16391
56284	16392
56285	16392
56286	16393
56287	16393
56288	16394
56289	16394
56290	16395
56291	16395
56292	16396
56293	16396
56294	16397
56295	16397
56296	16398
56297	16398
56298	16399
56299	16399
56300	16350
56301	16350
56302	16351
56303	16351
56304	16352
56305	16352
56306	16353
56307	16353
56308	16354
56309	16354
56310	16355
56311	16355
56312	16356
56313	16356
56314	16357
56315	16357
56316	16358
56317	16358
56318	16359
56319	16359
56320	16360
56321	16360
56322	16361
56323	16361
56324	16362
56325	16362
56326	16363
56327	16363
56328	16364
56329	16364
56330	16365
56331	16365
56332	16366
56333	16366
56334	16367
56335	16367
56336	16368
56337	16368
56338	16369
56339	16369
56340	16370
56341	16370
56342	16371
56343	16371
56344	16372
56345	16372
56346	16373
56347	16373
56348	16374
56349	16374
56350	16375
56351	16375
56352	16376
56353	16376
56354	16377
56355	16377
56356	16378
56357	16378
56358	16379
56359	16379
56360	16380
56361	16380
56362	16381
56363	16381
56364	16382
56365	16382
56366	16383
56367	16383
56368	16384
56369	16384
56370	16385
56371	16385
56372	16386
56373	16386
56374	16387
56375	16387
56376	16388
56377	16388
56378	16389
56379	16389
56380	16390
56381	16390
56382	16391
56383	16391
56384	16392
56385	16392
56386	16393
56387	16393
56388	16394
56389	16394
56390	16395
56391	16395
56392	16396
56393	16396
56394	16397
56395	16397
56396	16398
56397	16398
56398	16399
56399	16399
56400	16550
56401	16550
56402	16551
56403	16551
56404	16552
56405	16552
56406	16553
56407	16553
56408	16554
56409	16554
56410	16555
56411	16555
56412	16556
56413	16556
56414	16557
56415	16557
56416	16558
56417	16558
56418	16559
56419	16559
56420	16560
56421	16560
56422	16561
56423	16561
56424	16562
56425	16562
56426	16563
56427	16563
56428	16564
56429	16564
56430	16565
56431	16565
56432	16566
56433	16566
56434	16567
56435	16567
56436	16568
56437	16568
56438	16569
56439	16569
56440	16570
56441	16570
56442	16571
56443	16571
56444	16572
56445	16572
56446	16573
56447	16573
56448	16574
56449	16574
56450	16575
56451	16575
56452	16576
56453	16576
56454	16577
56455	16577
56456	16578
56457	16578
56458	16579
56459	16579
56460	16580
56461	16580
56462	16581
56463	16581
56464	16582
56465	16582
56466	16583
56467	16583
56468	16584
56469	16584
56470	16585
56471	16585
56472	16586
56473	16586
56474	16587
56475	16587
56476	16588
56477	16588
56478	16589
56479	16589
56480	16590
56481	16590
56482	16591
56483	16591
56484	16592
56485	16592
56486	16593
56487	16593
56488	16594
56489	16594
56490	16595
56491	16595
56492	16596
56493	16596
56494	16597
56495	16597
56496	16598
56497	16598
56498	16599
56499	16599
56500	16550
56501	16550
56502	16551
56503	16551
56504	16552
56505	16552
56506	16553
56507	16553
56508	16554
56509	16554
56510	16555
56511	16555
56512	16556
56513	16556
56514	16557
56515	16557
56516	16558
56517	16558
56518	16559
56519	16559
56520	16560
56521	16560
56522	16561
56523	16561
56524	16562
56525	16562
56526	16563
56527	16563
56528	16564
56529	16564
56530	16565
56531	16565
56532	16566
56533	16566
56534	16567
56535	16567
56536	16568
56537	16568
56538	16569
56539	16569
56540	16570
56541	16570
56542	16571
56543	16571
56544	16572
56545	16572
56546	16573
56547	16573
56548	16574
56549	16574
56550	16575
56551	16575
56552	16576
56553	16576
56554	16577
56555	16577
56556	16578
56557	16578
56558	16579
56559	16579
56560	16580
56561	16580
56562	16581
56563	16581
56564	16582
56565	16582
56566	16583
56567	16583
56568	16584
56569	16584
56570	16585
56571	16585
56572	16586
56573	16586
56574	16587
56575	16587
56576	16588
56577	16588
56578	16589
56579	16589
56580	16590
56581	16590
56582	16591
56583	16591
56584	16592
56585	16592
56586	16593
56587	16593
56588	16594
56589	16594
56590	16595
56591	16595
56592	16596
56593	16596
56594	16597
56595	16597
56596	16598
56597	16598
56598	16599
56599	16599
56600	16750
56601	16750
56602	16751
56603	16751
56604	16752
56605	16752
56606	16753
56607	16753
56608	16754
56609	16754
56610	16755
56611	16755
56612	16756
56613	16756
56614	16757
56615	16757
56616	16758
56617	16758
56618	16759
56619	16759
56620	16760
56621	16760
56622	16761
56623	16761
56624	16762
56625	16762
56626	16763
56627	16763
56628	16764
56629	16764
56630	16765
56631	16765
56632	16766
56633	16766
56634	16767
56635	16767
56636	16768
56637	16768
56638	16769
56639	16769
56640	16770
56641	16770
56642	16771
56643	16771
56644	16772
56645	16772
56646	16773
56647	16773
56648	16774
56649	16774
56650	16775
56651	16775
56652	16776
56653	16776
56654	16777
56655	16777
56656	16778
56657	16778
56658	16779
56659	16779
56660	16780
56661	16780
56662	16781
56663	16781
56664	16782
56665	16782
56666	16783
56667	16783
56668	16784
56669	16784
56670	16785
56671	16785
56672	16786
56673	16786
56674	16787
56675	16787
56676	16788
56677	16788
56678	16789
56679	16789
56680	16790
56681	16790
56682	16791
56683	16791
56684	16792
56685	16792
56686	16793
56687	16793
56688	16794
56689	16794
56690	16795
56691	16795
56692	16796
56693	16796
56694	16797
56695	16797
56696	16798
56697	16798
56698	16799
56699	16799
56700	16750
56701	16750
56702	16751
56703	16751
56704	16752
56705	16752
56706	16753
56707	16753
56708	16754
56709	16754
56710	16755
56711	16755
56712	16756
56713	16756
56714	16757
56715	16757
56716	16758
56717	16758
56718	16759
56719	16759
56720	16760
56721	16760
56722	16761
56723	16761
56724	16762
56725	16762
56726	16763
56727	16763
56728	16764
56729	16764
56730	16765
56731	16765
56732	16766
56733	16766
56734	16767
56735	16767
56736	16768
56737	16768
56738	16769
56739	16769
56740	16770
56741	16770
56742	16771
56743	16771
56744	16772
56745	16772
56746	16773
56747	16773
56748	16774
56749	16774
56750	16775
56751	16775
56752	16776
56753	16776
56754	16777
56755	16777
56756	16778
56757	16778
56758	16779
56759	16779
56760	16780
56761	16780
56762	16781
56763	16781
56764	16782
56765	16782
56766	16783
56767	16783
56768	16784
56769	16784
56770	16785
56771	16785
56772	16786
56773	16786
56774	16787
56775	16787
56776	16788
56777	16788
56778	16789
56779	16789
56780	16790
56781	16790
56782	16791
56783	16791
56784	16792
56785	16792
56786	16793
56787	16793
56788	16794
56789	16794
56790	16795
56791	16795
56792	16796
56793	16796
56794	16797
56795	16797
56796	16798
56797	16798
56798	16799
56799	16799
56800	16950
56801	16950
56802	16951
56803	16951
56804	16952
56805	16952
56806	16953
56807	16953
56808	16954
56809	16954
56810	16955
56811	16955
56812	16956
56813	16956
56814	16957
56815	16957
56816	16958
56817	16958
56818	16959
56819	16959
56820	16960
56821	16960
56822	16961
56823	16961
56824	16962
56825	16962
56826	16963
56827	16963
56828	16964
56829	16964
56830	16965
56831	16965
56832	16966
56833	16966
56834	16967
56835	16967
56836	16968
56837	16968
56838	16969
56839	16969
56840	16970
56841	16970
56842	16971
56843	16971
56844	16972
56845	16972
56846	16973
56847	16973
56848	16974
56849	16974
56850	16975
56851	16975
56852	16976
56853	16976
56854	16977
56855	16977
56856	16978
56857	16978
56858	16979
56859	16979
56860	16980
56861	16980
56862	16981
56863	16981
56864	16982
56865	16982
56866	16983
56867	16983
56868	16984
56869	16984
56870	16985
56871	16985
56872	16986
56873	16986
56874	16987
56875	16987
56876	16988
56877	16988
56878	16989
56879	16989
56880	16990
56881	16990
56882	16991
56883	16991
56884	16992
56885	16992
56886	16993
56887	16993
56888	16994
56889	16994
56890	16995
56891	16995
56892	16996
56893	16996
56894	16997
56895	16997
56896	16998
56897	16998
56898	16999
56899	16999
56900	16950
56901	16950
56902	16951
56903	16951
56904	16952
56905	16952
56906	16953
56907	16953
56908	16954
56909	16954
56910	16955
56911	16955
56912	16956
56913	16956
56914	16957
56915	16957
56916	16958
56917	16958
56918	16959
56919	16959
56920	16960
56921	16960
56922	16961
56923	16961
56924	16962
56925	16962
56926	16963
56927	16963
56928	16964
56929	16964
56930	16965
56931	16965
56932	16966
56933	16966
56934	16967
56935	16967
56936	16968
56937	16968
56938	16969
56939	16969
56940	16970
56941	16970
56942	16971
56943	16971
56944	16972
56945	16972
56946	16973
56947	16973
56948	16974
56949	16974
56950	16975
56951	16975
56952	16976
56953	16976
56954	16977
56955	16977
56956	16978
56957	16978
56958	16979
56959	16979
56960	16980
56961	16980
56962	16981
56963	16981
56964	16982
56965	16982
56966	16983
56967	16983
56968	16984
56969	16984
56970	16985
56971	16985
56972	16986
56973	16986
56974	16987
56975	16987
56976	16988
56977	16988
56978	16989
56979	16989
56980	16990
56981	16990
56982	16991
56983	16991
56984	16992
56985	16992
56986	16993
56987	16993
56988	16994
56989	16994
56990	16995
56991	16995
56992	16996
56993	16996
56994	16997
56995	16997
56996	16998
56997	16998
56998	16999
56999	16999
57000	17150
57001	17150
57002	17151
57003	17151
57004	17152
57005	17152
57006	17153
57007	17153
57008	17154
57009	17154
57010	17155
57011	17155
57012	17156
57013	17156
57014	17157
57015	17157
57016	17158
57017	17158
57018	17159
57019	17159
57020	17160
57021	17160
57022	17161
57023	17161
57024	17162
57025	17162
57026	17163
57027	17163
57028	17164
57029	17164
57030	17165
57031	17165
57032	17166
57033	17166
57034	17167
57035	17167
57036	17168
57037	17168
57038	17169
57039	17169
57040	17170
57041	17170
57042	17171
57043	17171
57044	17172
57045	17172
57046	17173
57047	17173
57048	17174
57049	17174
57050	17175
57051	17175
57052	17176
57053	17176
57054	17177
57055	17177
57056	17178
57057	17178
57058	17179
57059	17179
57060	17180
57061	17180
57062	17181
57063	17181
57064	17182
57065	17182
57066	17183
57067	17183
57068	17184
57069	17184
57070	17185
57071	17185
57072	17186
57073	17186
57074	17187
57075	17187
57076	17188
57077	17188
57078	17189
57079	17189
57080	17190
57081	17190
57082	17191
57083	17191
57084	17192
57085	17192
57086	17193
57087	17193
57088	17194
57089	17194
57090	17195
57091	17195
57092	17196
57093	17196
57094	17197
57095	17197
57096	17198
57097	17198
57098	17199
57099	17199
57100	17150
57101	17150
57102	17151
57103	17151
57104	17152
57105	17152
57106	17153
57107	17153
57108	17154
57109	17154
57110	17155
57111	17155
57112	17156
57113	17156
57114	17157
57115	17157
57116	17158
57117	17158
57118	17159
57119	17159
57120	17160
57121	17160
57122	17161
57123	17161
57124	17162
57125	17162
57126	17163
57127	17163
57128	17164
57129	17164
57130	17165
57131	17165
57132	17166
57133	17166
57134	17167
57135	17167
57136	17168
57137	17168
57138	17169
57139	17169
57140	17170
57141	17170
57142	17171
57143	17171
57144	17172
57145	17172
57146	17173
57147	17173
57148	17174
57149	17174
57150	17175
57151	17175
57152	17176
57153	17176
57154	17177
57155	17177
57156	17178
57157	17178
57158	17179
57159	17179
57160	17180
57161	17180
57162	17181
57163	17181
57164	17182
57165	17182
57166	17183
57167	17183
57168	17184
57169	17184
57170	17185
57171	17185
57172	17186
57173	17186
57174	17187
57175	17187
57176	17188
57177	17188
57178	17189
57179	17189
57180	17190
57181	17190
57182	17191
57183	17191
57184	17192
57185	17192
57186	17193
57187	17193
57188	17194
57189	17194
57190	17195
57191	17195
57192	17196
57193	17196
57194	17197
57195	17197
57196	17198
57197	17198
57198	17199
57199	17199
57200	17350
57201	17350
57202	17351
57203	17351
57204	17352
57205	17352
57206	17353
57207	17353
57208	17354
57209	17354
57210	17355
57211	17355
57212	17356
57213	17356
57214	17357
57215	17357
57216	17358
57217	17358
57218	17359
57219	17359
57220	17360
57221	17360
57222	17361
57223	17361
57224	17362
57225	17362
57226	17363
57227	17363
57228	17364
57229	17364
57230	17365
57231	17365
57232	17366
57233	17366
57234	17367
57235	17367
57236	17368
57237	17368
57238	17369
57239	17369
57240	17370
57241	17370
57242	17371
57243	17371
57244	17372
57245	17372
57246	17373
57247	17373
57248	17374
57249	17374
57250	17375
57251	17375
57252	17376
57253	17376
57254	17377
57255	17377
57256	17378
57257	17378
57258	17379
57259	17379
57260	17380
57261	17380
57262	17381
57263	17381
57264	17382
57265	17382
57266	17383
57267	17383
57268	17384
57269	17384
57270	17385
57271	17385
57272	17386
57273	17386
57274	17387
57275	17387
57276	17388
57277	17388
57278	17389
57279	17389
57280	17390
57281	17390
57282	17391
57283	17391
57284	17392
57285	17392
57286	17393
57287	17393
57288	17394
57289	17394
57290	17395
57291	17395
57292	17396
57293	17396
57294	17397
57295	17397
57296	17398
57297	17398
57298	17399
57299	17399
57300	17350
57301	17350
57302	17351
57303	17351
57304	17352
57305	17352
57306	17353
57307	17353
57308	17354
57309	17354
57310	17355
57311	17355
57312	17356
57313	17356
57314	17357
57315	17357
57316	17358
57317	17358
57318	17359
57319	17359
57320	17360
57321	17360
57322	17361
57323	17361
57324	17362
57325	17362
57326	17363
57327	17363
57328	17364
57329	17364
57330	17365
57331	17365
57332	17366
57333	17366
57334	17367
57335	17367
57336	17368
57337	17368
57338	17369
57339	17369
57340	17370
57341	17370
57342	17371
57343	17371
57344	17372
57345	17372
57346	17373
57347	17373
57348	17374
57349	17374
57350	17375
57351	17375
57352	17376
57353	17376
57354	17377
57355	17377
57356	17378
57357	17378
57358	17379
57359	17379
57360	17380
57361	17380
57362	17381
57363	17381
57364	17382
57365	17382
57366	17383
57367	17383
57368	17384
57369	17384
57370	17385
57371	17385
57372	17386
57373	17386
57374	17387
57375	17387
57376	17388
57377	17388
57378	17389
57379	17389
57380	17390
57381	17390
57382	17391
57383	17391
57384	17392
57385	17392
57386	17393
57387	17393
57388	17394
57389	17394
57390	17395
57391	17395
57392	17396
57393	17396
57394	17397
57395	17397
57396	17398
57397	17398
57398	17399
57399	17399
57400	17550
57401	17550
57402	17551
57403	17551
57404	17552
57405	17552
57406	17553
57407	17553
57408	17554
57409	17554
57410	17555
57411	17555
57412	17556
57413	17556
57414	17557
57415	17557
57416	17558
57417	17558
57418	17559
57419	17559
57420	17560
57421	17560
57422	17561
57423	17561
57424	17562
57425	17562
57426	17563
57427	17563
57428	17564
57429	17564
57430	17565
57431	17565
57432	17566
57433	17566
57434	17567
57435	17567
57436	17568
57437	17568
57438	17569
57439	17569
57440	17570
57441	17570
57442	17571
57443	17571
57444	17572
57445	17572
57446	17573
57447	17573
57448	17574
57449	17574
57450	17575
57451	17575
57452	17576
57453	17576
57454	17577
57455	17577
57456	17578
57457	17578
57458	17579
57459	17579
57460	17580
57461	17580
57462	17581
57463	17581
57464	17582
57465	17582
57466	17583
57467	17583
57468	17584
57469	17584
57470	17585
57471	17585
57472	17586
57473	17586
57474	17587
57475	17587
57476	17588
57477	17588
57478	17589
57479	17589
57480	17590
57481	17590
57482	17591
57483	17591
57484	17592
57485	17592
57486	17593
57487	17593
57488	17594
57489	17594
57490	17595
57491	17595
57492	17596
57493	17596
57494	17597
57495	17597
57496	17598
57497	17598
57498	17599
57499	17599
57500	17550
57501	17550
57502	17551
57503	17551
57504	17552
57505	17552
57506	17553
57507	17553
57508	17554
57509	17554
57510	17555
57511	17555
57512	17556
57513	17556
57514	17557
57515	17557
57516	17558
57517	17558
57518	17559
57519	17559
57520	17560
57521	17560
57522	17561
57523	17561
57524	17562
57525	17562
57526	17563
57527	17563
57528	17564
57529	17564
57530	17565
57531	17565
57532	17566
57533	17566
57534	17567
57535	17567
57536	17568
57537	17568
57538	17569
57539	17569
57540	17570
57541	17570
57542	17571
57543	17571
57544	17572
57545	17572
57546	17573
57547	17573
57548	17574
57549	17574
57550	17575
57551	17575
57552	17576
57553	17576
57554	17577
57555	17577
57556	17578
57557	17578
57558	17579
57559	17579
57560	17580
57561	17580
57562	17581
57563	17581
57564	17582
57565	17582
57566	17583
57567	17583
57568	17584
57569	17584
57570	17585
57571	17585
57572	17586
57573	17586
57574	17587
57575	17587
57576	17588
57577	17588
57578	17589
57579	17589
57580	17590
57581	17590
57582	17591
57583	17591
57584	17592
57585	17592
57586	17593
57587	17593
57588	17594
57589	17594
57590	17595
57591	17595
57592	17596
57593	17596
57594	17597
57595	17597
57596	17598
57597	17598
57598	17599
57599	17599
57600	17750
57601	17750
57602	17751
57603	17751
57604	17752
57605	17752
57606	17753
57607	17753
57608	17754
57609	17754
57610	17755
57611	17755
57612	17756
57613	17756
57614	17757
57615	17757
57616	17758
57617	17758
57618	17759
57619	17759
57620	17760
57621	17760
57622	17761
57623	17761
57624	17762
57625	17762
57626	17763
57627	17763
57628	17764
57629	17764
57630	17765
57631	17765
57632	17766
57633	17766
57634	17767
57635	17767
57636	17768
57637	17768
57638	17769
57639	17769
57640	17770
57641	17770
57642	17771
57643	17771
57644	17772
57645	17772
57646	17773
57647	17773
57648	17774
57649	17774
57650	17775
57651	17775
57652	17776
57653	17776
57654	17777
57655	17777
57656	17778
57657	17778
57658	17779
57659	17779
57660	17780
57661	17780
57662	17781
57663	17781
57664	17782
57665	17782
57666	17783
57667	17783
57668	17784
57669	17784
57670	17785
57671	17785
57672	17786
57673	17786
57674	17787
57675	17787
57676	17788
57677	17788
57678	17789
57679	17789
57680	17790
57681	17790
57682	17791
57683	17791
57684	17792
57685	17792
57686	17793
57687	17793
57688	17794
57689	17794
57690	17795
57691	17795
57692	17796
57693	17796
57694	17797
57695	17797
57696	17798
57697	17798
57698	17799
57699	17799
57700	17750
57701	17750
57702	17751
57703	17751
57704	17752
57705	17752
57706	17753
57707	17753
57708	17754
57709	17754
57710	17755
57711	17755
57712	17756
57713	17756
57714	17757
57715	17757
57716	17758
57717	17758
57718	17759
57719	17759
57720	17760
57721	17760
57722	17761
57723	17761
57724	17762
57725	17762
57726	17763
57727	17763
57728	17764
57729	17764
57730	17765
57731	17765
57732	17766
57733	17766
57734	17767
57735	17767
57736	17768
57737	17768
57738	17769
57739	17769
57740	17770
57741	17770
57742	17771
57743	17771
57744	17772
57745	17772
57746	17773
57747	17773
57748	17774
57749	17774
57750	17775
57751	17775
57752	17776
57753	17776
57754	17777
57755	17777
57756	17778
57757	17778
57758	17779
57759	17779
57760	17780
57761	17780
57762	17781
57763	17781
57764	17782
57765	17782
57766	17783
57767	17783
57768	17784
57769	17784
57770	17785
57771	17785
57772	17786
57773	17786
57774	17787
57775	17787
57776	17788
57777	17788
57778	17789
57779	17789
57780	17790
57781	17790
57782	17791
57783	17791
57784	17792
57785	17792
57786	17793
57787	17793
57788	17794
57789	17794
57790	17795
57791	17795
57792	17796
57793	17796
57794	17797
57795	17797
57796	17798
57797	17798
57798	17799
57799	17799
57800	17950
57801	17950
57802	17951
57803	17951
57804	17952
57805	17952
57806	17953
57807	17953
57808	17954
57809	17954
57810	17955
57811	17955
57812	17956
57813	17956
57814	17957
57815	17957
57816	17958
57817	17958
57818	17959
57819	17959
57820	17960
57821	17960
57822	17961
57823	17961
57824	17962
57825	17962
57826	17963
57827	17963
57828	17964
57829	17964
57830	17965
57831	17965
57832	17966
57833	17966
57834	17967
57835	17967
57836	17968
57837	17968
57838	17969
57839	17969
57840	17970
57841	17970
57842	17971
57843	17971
57844	17972
57845	17972
57846	17973
57847	17973
57848	17974
57849	17974
57850	17975
57851	17975
57852	17976
57853	17976
57854	17977
57855	17977
57856	17978
57857	17978
57858	17979
57859	17979
57860	17980
57861	17980
57862	17981
57863	17981
57864	17982
57865	17982
57866	17983
57867	17983
57868	17984
57869	17984
57870	17985
57871	17985
57872	17986
57873	17986
57874	17987
57875	17987
57876	17988
57877	17988
57878	17989
57879	17989
57880	17990
57881	17990
57882	17991
57883	17991
57884	17992
57885	17992
57886	17993
57887	17993
57888	17994
57889	17994
57890	17995
57891	17995
57892	17996
57893	17996
57894	17997
57895	17997
57896	17998
57897	17998
57898	17999
57899	17999
57900	17950
57901	17950
57902	17951
57903	17951
57904	17952
57905	17952
57906	17953
57907	17953
57908	17954
57909	17954
57910	17955
57911	17955
57912	17956
57913	17956
57914	17957
57915	17957
57916	17958
57917	17958
57918	17959
57919	17959
57920	17960
57921	17960
57922	17961
57923	17961
57924	17962
57925	17962
57926	17963
57927	17963
57928	17964
57929	17964
57930	17965
57931	17965
57932	17966
57933	17966
57934	17967
57935	17967
57936	17968
57937	17968
57938	17969
57939	17969
57940	17970
57941	17970
57942	17971
57943	17971
57944	17972
57945	17972
57946	17973
57947	17973
57948	17974
57949	17974
57950	17975
57951	17975
57952	17976
57953	17976
57954	17977
57955	17977
57956	17978
57957	17978
57958	17979
57959	17979
57960	17980
57961	17980
57962	17981
57963	17981
57964	17982
57965	17982
57966	17983
57967	17983
57968	17984
57969	17984
57970	17985
57971	17985
57972	17986
57973	17986
57974	17987
57975	17987
57976	17988
57977	17988
57978	17989
57979	17989
57980	17990
57981	17990
57982	17991
57983	17991
57984	17992
57985	17992
57986	17993
57987	17993
57988	17994
57989	17994
57990	17995
57991	17995
57992	17996
57993	17996
57994	17997
57995	17997
57996	17998
57997	17998
57998	17999
57999	17999
58000	18150
58001	18150
58002	18151
58003	18151
58004	18152
58005	18152
58006	18153
58007	18153
58008	18154
58009	18154
58010	18155
58011	18155
58012	18156
58013	18156
58014	18157
58015	18157
58016	18158
58017	18158
58018	18159
58019	18159
58020	18160
58021	18160
58022	18161
58023	18161
58024	18162
58025	18162
58026	18163
58027	18163
58028	18164
58029	18164
58030	18165
58031	18165
58032	18166
58033	18166
58034	18167
58035	18167
58036	18168
58037	18168
58038	18169
58039	18169
58040	18170
58041	18170
58042	18171
58043	18171
58044	18172
58045	18172
58046	18173
58047	18173
58048	18174
58049	18174
58050	18175
58051	18175
58052	18176
58053	18176
58054	18177
58055	18177
58056	18178
58057	18178
58058	18179
58059	18179
58060	18180
58061	18180
58062	18181
58063	18181
58064	18182
58065	18182
58066	18183
58067	18183
58068	18184
58069	18184
58070	18185
58071	18185
58072	18186
58073	18186
58074	18187
58075	18187
58076	18188
58077	18188
58078	18189
58079	18189
58080	18190
58081	18190
58082	18191
58083	18191
58084	18192
58085	18192
58086	18193
58087	18193
58088	18194
58089	18194
58090	18195
58091	18195
58092	18196
58093	18196
58094	18197
58095	18197
58096	18198
58097	18198
58098	18199
58099	18199
58100	18150
58101	18150
58102	18151
58103	18151
58104	18152
58105	18152
58106	18153
58107	18153
58108	18154
58109	18154
58110	18155
58111	18155
58112	18156
58113	18156
58114	18157
58115	18157
58116	18158
58117	18158
58118	18159
58119	18159
58120	18160
58121	18160
58122	18161
58123	18161
58124	18162
58125	18162
58126	18163
58127	18163
58128	18164
58129	18164
58130	18165
58131	18165
58132	18166
58133	18166
58134	18167
58135	18167
58136	18168
58137	18168
58138	18169
58139	18169
58140	18170
58141	18170
58142	18171
58143	18171
58144	18172
58145	18172
58146	18173
58147	18173
58148	18174
58149	18174
58150	18175
58151	18175
58152	18176
58153	18176
58154	18177
58155	18177
58156	18178
58157	18178
58158	18179
58159	18179
58160	18180
58161	18180
58162	18181
58163	18181
58164	18182
58165	18182
58166	18183
58167	18183
58168	18184
58169	18184
58170	18185
58171	18185
58172	18186
58173	18186
58174	18187
58175	18187
58176	18188
58177	18188
58178	18189
58179	18189
58180	18190
58181	18190
58182	18191
58183	18191
58184	18192
58185	18192
58186	18193
58187	18193
58188	18194
58189	18194
58190	18195
58191	18195
58192	18196
58193	18196
58194	18197
58195	18197
58196	18198
58197	18198
58198	18199
58199	18199
58200	18350
58201	18350
58202	18351
58203	18351
58204	18352
58205	18352
58206	18353
58207	18353
58208	18354
58209	18354
58210	18355
58211	18355
58212	18356
58213	18356
58214	18357
58215	18357
58216	18358
58217	18358
58218	18359
58219	18359
58220	18360
58221	18360
58222	18361
58223	18361
58224	18362
58225	18362
58226	18363
58227	18363
58228	18364
58229	18364
58230	18365
58231	18365
58232	18366
58233	18366
58234	18367
58235	18367
58236	18368
58237	18368
58238	18369
58239	18369
58240	18370
58241	18370
58242	18371
58243	18371
58244	18372
58245	18372
58246	18373
58247	18373
58248	18374
58249	18374
58250	18375
58251	18375
58252	18376
58253	18376
58254	18377
58255	18377
58256	18378
58257	18378
58258	18379
58259	18379
58260	18380
58261	18380
58262	18381
58263	18381
58264	18382
58265	18382
58266	18383
58267	18383
58268	18384
58269	18384
58270	18385
58271	18385
58272	18386
58273	18386
58274	18387
58275	18387
58276	18388
58277	18388
58278	18389
58279	18389
58280	18390
58281	18390
58282	18391
58283	18391
58284	18392
58285	18392
58286	18393
58287	18393
58288	18394
58289	18394
58290	18395
58291	18395
58292	18396
58293	18396
58294	18397
58295	18397
58296	18398
58297	18398
58298	18399
58299	18399
58300	18350
58301	18350
58302	18351
58303	18351
58304	18352
58305	18352
58306	18353
58307	18353
58308	18354
58309	18354
58310	18355
58311	18355
58312	18356
58313	18356
58314	18357
58315	18357
58316	18358
58317	18358
58318	18359
58319	18359
58320	18360
58321	18360
58322	18361
58323	18361
58324	18362
58325	18362
58326	18363
58327	18363
58328	18364
58329	18364
58330	18365
58331	18365
58332	18366
58333	18366
58334	18367
58335	18367
58336	18368
58337	18368
58338	18369
58339	18369
58340	18370
58341	18370
58342	18371
58343	18371
58344	18372
58345	18372
58346	18373
58347	18373
58348	18374
58349	18374
58350	18375
58351	18375
58352	18376
58353	18376
58354	18377
58355	18377
58356	18378
58357	18378
58358	18379
58359	18379
58360	18380
58361	18380
58362	18381
58363	18381
58364	18382
58365	18382
58366	18383
58367	18383
58368	18384
58369	18384
58370	18385
58371	18385
58372	18386
58373	18386
58374	18387
58375	18387
58376	18388
58377	18388
58378	18389
58379	18389
58380	18390
58381	18390
58382	18391
58383	18391
58384	18392
58385	18392
58386	18393
58387	18393
58388	18394
58389	18394
58390	18395
58391	18395
58392	18396
58393	18396
58394	18397
58395	18397
58396	18398
58397	18398
58398	18399
58399	18399
58400	18550
58401	18550
58402	18551
58403	18551
58404	18552
58405	18552
58406	18553
58407	18553
58408	18554
58409	18554
58410	18555
58411	18555
58412	18556
58413	18556
58414	18557
58415	18557
58416	18558
58417	18558
58418	18559
58419	18559
58420	18560
58421	18560
58422	18561
58423	18561
58424	18562
58425	18562
58426	18563
58427	18563
58428	18564
58429	18564
58430	18565
58431	18565
58432	18566
58433	18566
58434	18567
58435	18567
58436	18568
58437	18568
58438	18569
58439	18569
58440	18570
58441	18570
58442	18571
58443	18571
58444	18572
58445	18572
58446	18573
58447	18573
58448	18574
58449	18574
58450	18575
58451	18575
58452	18576
58453	18576
58454	18577
58455	18577
58456	18578
58457	18578
58458	18579
58459	18579
58460	18580
58461	18580
58462	18581
58463	18581
58464	18582
58465	18582
58466	18583
58467	18583
58468	18584
58469	18584
58470	18585
58471	18585
58472	18586
58473	18586
58474	18587
58475	18587
58476	18588
58477	18588
58478	18589
58479	18589
58480	18590
58481	18590
58482	18591
58483	18591
58484	18592
58485	18592
58486	18593
58487	18593
58488	18594
58489	18594
58490	18595
58491	18595
58492	18596
58493	18596
58494	18597
58495	18597
58496	18598
58497	18598
58498	18599
58499	18599
58500	18550
58501	18550
58502	18551
58503	18551
58504	18552
58505	18552
58506	18553
58507	18553
58508	18554
58509	18554
58510	18555
58511	18555
58512	18556
58513	18556
58514	18557
58515	18557
58516	18558
58517	18558
58518	18559
58519	18559
58520	18560
58521	18560
58522	18561
58523	18561
58524	18562
58525	18562
58526	18563
58527	18563
58528	18564
58529	18564
58530	18565
58531	18565
58532	18566
58533	18566
58534	18567
58535	18567
58536	18568
58537	18568
58538	18569
58539	18569
58540	18570
58541	18570
58542	18571
58543	18571
58544	18572
58545	18572
58546	18573
58547	18573
58548	18574
58549	18574
58550	18575
58551	18575
58552	18576
58553	18576
58554	18577
58555	18577
58556	18578
58557	18578
58558	18579
58559	18579
58560	18580
58561	18580
58562	18581
58563	18581
58564	18582
58565	18582
58566	18583
58567	18583
58568	18584
58569	18584
58570	18585
58571	18585
58572	18586
58573	18586
58574	18587
58575	18587
58576	18588
58577	18588
58578	18589
58579	18589
58580	18590
58581	18590
58582	18591
58583	18591
58584	18592
58585	18592
58586	18593
58587	18593
58588	18594
58589	18594
58590	18595
58591	18595
58592	18596
58593	18596
58594	18597
58595	18597
58596	18598
58597	18598
58598	18599
58599	18599
58600	18750
58601	18750
58602	18751
58603	18751
58604	18752
58605	18752
58606	18753
58607	18753
58608	18754
58609	18754
58610	18755
58611	18755
58612	18756
58613	18756
58614	18757
58615	18757
58616	18758
58617	18758
58618	18759
58619	18759
58620	18760
58621	18760
58622	18761
58623	18761
58624	18762
58625	18762
58626	18763
58627	18763
58628	18764
58629	18764
58630	18765
58631	18765
58632	18766
58633	18766
58634	18767
58635	18767
58636	18768
58637	18768
58638	18769
58639	18769
58640	18770
58641	18770
58642	18771
58643	18771
58644	18772
58645	18772
58646	18773
58647	18773
58648	18774
58649	18774
58650	18775
58651	18775
58652	18776
58653	18776
58654	18777
58655	18777
58656	18778
58657	18778
58658	18779
58659	18779
58660	18780
58661	18780
58662	18781
58663	18781
58664	18782
58665	18782
58666	18783
58667	18783
58668	18784
58669	18784
58670	18785
58671	18785
58672	18786
58673	18786
58674	18787
58675	18787
58676	18788
58677	18788
58678	18789
58679	18789
58680	18790
58681	18790
58682	18791
58683	18791
58684	18792
58685	18792
58686	18793
58687	18793
58688	18794
58689	18794
58690	18795
58691	18795
58692	18796
58693	18796
58694	18797
58695	18797
58696	18798
58697	18798
58698	18799
58699	18799
58700	18750
58701	18750
58702	18751
58703	18751
58704	18752
58705	18752
58706	18753
58707	18753
58708	18754
58709	18754
58710	18755
58711	18755
58712	18756
58713	18756
58714	18757
58715	18757
58716	18758
58717	18758
58718	18759
58719	18759
58720	18760
58721	18760
58722	18761
58723	18761
58724	18762
58725	18762
58726	18763
58727	18763
58728	18764
58729	18764
58730	18765
58731	18765
58732	18766
58733	18766
58734	18767
58735	18767
58736	18768
58737	18768
58738	18769
58739	18769
58740	18770
58741	18770
58742	18771
58743	18771
58744	18772
58745	18772
58746	18773
58747	18773
58748	18774
58749	18774
58750	18775
58751	18775
58752	18776
58753	18776
58754	18777
58755	18777
58756	18778
58757	18778
58758	18779
58759	18779
58760	18780
58761	18780
58762	18781
58763	18781
58764	18782
58765	18782
58766	18783
58767	18783
58768	18784
58769	18784
58770	18785
58771	18785
58772	18786
58773	18786
58774	18787
58775	18787
58776	18788
58777	18788
58778	18789
58779	18789
58780	18790
58781	18790
58782	18791
58783	18791
58784	18792
58785	18792
58786	18793
58787	18793
58788	18794
58789	18794
58790	18795
58791	18795
58792	18796
58793	18796
58794	18797
58795	18797
58796	18798
58797	18798
58798	18799
58799	18799
58800	18950
58801	18950
58802	18951
58803	18951
58804	18952
58805	18952
58806	18953
58807	18953
58808	18954
58809	18954
58810	18955
58811	18955
58812	18956
58813	18956
58814	18957
58815	18957
58816	18958
58817	18958
58818	18959
58819	18959
58820	18960
58821	18960
58822	18961
58823	18961
58824	18962
58825	18962
58826	18963
58827	18963
58828	18964
58829	18964
58830	18965
58831	18965
58832	18966
58833	18966
58834	18967
58835	18967
58836	18968
58837	18968
58838	18969
58839	18969
58840	18970
58841	18970
58842	18971
58843	18971
58844	18972
58845	18972
58846	18973
58847	18973
58848	18974
58849	18974
58850	18975
58851	18975
58852	18976
58853	18976
58854	18977
58855	18977
58856	18978
58857	18978
58858	18979
58859	18979
58860	18980
58861	18980
58862	18981
58863	18981
58864	18982
58865	18982
58866	18983
58867	18983
58868	18984
58869	18984
58870	18985
58871	18985
58872	18986
58873	18986
58874	18987
58875	18987
58876	18988
58877	18988
58878	18989
58879	18989
58880	18990
58881	18990
58882	18991
58883	18991
58884	18992
58885	18992
58886	18993
58887	18993
58888	18994
58889	18994
58890	18995
58891	18995
58892	18996
58893	18996
58894	18997
58895	18997
58896	18998
58897	18998
58898	18999
58899	18999
58900	18950
58901	18950
58902	18951
58903	18951
58904	18952
58905	18952
58906	18953
58907	18953
58908	18954
58909	18954
58910	18955
58911	18955
58912	18956
58913	18956
58914	18957
58915	18957
58916	18958
58917	18958
58918	18959
58919	18959
58920	18960
58921	18960
58922	18961
58923	18961
58924	18962
58925	18962
58926	18963
58927	18963
58928	18964
58929	18964
58930	18965
58931	18965
58932	18966
58933	18966
58934	18967
58935	18967
58936	18968
58937	18968
58938	18969
58939	18969
58940	18970
58941	18970
58942	18971
58943	18971
58944	18972
58945	18972
58946	18973
58947	18973
58948	18974
58949	18974
58950	18975
58951	18975
58952	18976
58953	18976
58954	18977
58955	18977
58956	18978
58957	18978
58958	18979
58959	18979
58960	18980
58961	18980
58962	18981
58963	18981
58964	18982
58965	18982
58966	18983
58967	18983
58968	18984
58969	18984
58970	18985
58971	18985
58972	18986
58973	18986
58974	18987
58975	18987
58976	18988
58977	18988
58978	18989
58979	18989
58980	18990
58981	18990
58982	18991
58983	18991
58984	18992
58985	18992
58986	18993
58987	18993
58988	18994
58989	18994
58990	18995
58991	18995
58992	18996
58993	18996
58994	18997
58995	18997
58996	18998
58997	18998
58998	18999
58999	18999
59000	19150
59001	19150
59002	19151
59003	19151
59004	19152
59005	19152
59006	19153
59007	19153
59008	19154
59009	19154
59010	19155
59011	19155
59012	19156
59013	19156
59014	19157
59015	19157
59016	19158
59017	19158
59018	19159
59019	19159
59020	19160
59021	19160
59022	19161
59023	19161
59024	19162
59025	19162
59026	19163
59027	19163
59028	19164
59029	19164
59030	19165
59031	19165
59032	19166
59033	19166
59034	19167
59035	19167
59036	19168
59037	19168
59038	19169
59039	19169
59040	19170
59041	19170
59042	19171
59043	19171
59044	19172
59045	19172
59046	19173
59047	19173
59048	19174
59049	19174
59050	19175
59051	19175
59052	19176
59053	19176
59054	19177
59055	19177
59056	19178
59057	19178
59058	19179
59059	19179
59060	19180
59061	19180
59062	19181
59063	19181
59064	19182
59065	19182
59066	19183
59067	19183
59068	19184
59069	19184
59070	19185
59071	19185
59072	19186
59073	19186
59074	19187
59075	19187
59076	19188
59077	19188
59078	19189
59079	19189
59080	19190
59081	19190
59082	19191
59083	19191
59084	19192
59085	19192
59086	19193
59087	19193
59088	19194
59089	19194
59090	19195
59091	19195
59092	19196
59093	19196
59094	19197
59095	19197
59096	19198
59097	19198
59098	19199
59099	19199
59100	19150
59101	19150
59102	19151
59103	19151
59104	19152
59105	19152
59106	19153
59107	19153
59108	19154
59109	19154
59110	19155
59111	19155
59112	19156
59113	19156
59114	19157
59115	19157
59116	19158
59117	19158
59118	19159
59119	19159
59120	19160
59121	19160
59122	19161
59123	19161
59124	19162
59125	19162
59126	19163
59127	19163
59128	19164
59129	19164
59130	19165
59131	19165
59132	19166
59133	19166
59134	19167
59135	19167
59136	19168
59137	19168
59138	19169
59139	19169
59140	19170
59141	19170
59142	19171
59143	19171
59144	19172
59145	19172
59146	19173
59147	19173
59148	19174
59149	19174
59150	19175
59151	19175
59152	19176
59153	19176
59154	19177
59155	19177
59156	19178
59157	19178
59158	19179
59159	19179
59160	19180
59161	19180
59162	19181
59163	19181
59164	19182
59165	19182
59166	19183
59167	19183
59168	19184
59169	19184
59170	19185
59171	19185
59172	19186
59173	19186
59174	19187
59175	19187
59176	19188
59177	19188
59178	19189
59179	19189
59180	19190
59181	19190
59182	19191
59183	19191
59184	19192
59185	19192
59186	19193
59187	19193
59188	19194
59189	19194
59190	19195
59191	19195
59192	19196
59193	19196
59194	19197
59195	19197
59196	19198
59197	19198
59198	19199
59199	19199
59200	19350
59201	19350
59202	19351
59203	19351
59204	19352
59205	19352
59206	19353
59207	19353
59208	19354
59209	19354
59210	19355
59211	19355
59212	19356
59213	19356
59214	19357
59215	19357
59216	19358
59217	19358
59218	19359
59219	19359
59220	19360
59221	19360
59222	19361
59223	19361
59224	19362
59225	19362
59226	19363
59227	19363
59228	19364
59229	19364
59230	19365
59231	19365
59232	19366
59233	19366
59234	19367
59235	19367
59236	19368
59237	19368
59238	19369
59239	19369
59240	19370
59241	19370
59242	19371
59243	19371
59244	19372
59245	19372
59246	19373
59247	19373
59248	19374
59249	19374
59250	19375
59251	19375
59252	19376
59253	19376
59254	19377
59255	19377
59256	19378
59257	19378
59258	19379
59259	19379
59260	19380
59261	19380
59262	19381
59263	19381
59264	19382
59265	19382
59266	19383
59267	19383
59268	19384
59269	19384
59270	19385
59271	19385
59272	19386
59273	19386
59274	19387
59275	19387
59276	19388
59277	19388
59278	19389
59279	19389
59280	19390
59281	19390
59282	19391
59283	19391
59284	19392
59285	19392
59286	19393
59287	19393
59288	19394
59289	19394
59290	19395
59291	19395
59292	19396
59293	19396
59294	19397
59295	19397
59296	19398
59297	19398
59298	19399
59299	19399
59300	19350
59301	19350
59302	19351
59303	19351
59304	19352
59305	19352
59306	19353
59307	19353
59308	19354
59309	19354
59310	19355
59311	19355
59312	19356
59313	19356
59314	19357
59315	19357
59316	19358
59317	19358
59318	19359
59319	19359
59320	19360
59321	19360
59322	19361
59323	19361
59324	19362
59325	19362
59326	19363
59327	19363
59328	19364
59329	19364
59330	19365
59331	19365
59332	19366
59333	19366
59334	19367
59335	19367
59336	19368
59337	19368
59338	19369
59339	19369
59340	19370
59341	19370
59342	19371
59343	19371
59344	19372
59345	19372
59346	19373
59347	19373
59348	19374
59349	19374
59350	19375
59351	19375
59352	19376
59353	19376
59354	19377
59355	19377
59356	19378
59357	19378
59358	19379
59359	19379
59360	19380
59361	19380
59362	19381
59363	19381
59364	19382
59365	19382
59366	19383
59367	19383
59368	19384
59369	19384
59370	19385
59371	19385
59372	19386
59373	19386
59374	19387
59375	19387
59376	19388
59377	19388
59378	19389
59379	19389
59380	19390
59381	19390
59382	19391
59383	19391
59384	19392
59385	19392
59386	19393
59387	19393
59388	19394
59389	19394
59390	19395
59391	19395
59392	19396
59393	19396
59394	19397
59395	19397
59396	19398
59397	19398
59398	19399
59399	19399
59400	19550
59401	19550
59402	19551
59403	19551
59404	19552
59405	19552
59406	19553
59407	19553
59408	19554
59409	19554
59410	19555
59411	19555
59412	19556
59413	19556
59414	19557
59415	19557
59416	19558
59417	19558
59418	19559
59419	19559
59420	19560
59421	19560
59422	19561
59423	19561
59424	19562
59425	19562
59426	19563
59427	19563
59428	19564
59429	19564
59430	19565
59431	19565
59432	19566
59433	19566
59434	19567
59435	19567
59436	19568
59437	19568
59438	19569
59439	19569
59440	19570
59441	19570
59442	19571
59443	19571
59444	19572
59445	19572
59446	19573
59447	19573
59448	19574
59449	19574
59450	19575
59451	19575
59452	19576
59453	19576
59454	19577
59455	19577
59456	19578
59457	19578
59458	19579
59459	19579
59460	19580
59461	19580
59462	19581
59463	19581
59464	19582
59465	19582
59466	19583
59467	19583
59468	19584
59469	19584
59470	19585
59471	19585
59472	19586
59473	19586
59474	19587
59475	19587
59476	19588
59477	19588
59478	19589
59479	19589
59480	19590
59481	19590
59482	19591
59483	19591
59484	19592
59485	19592
59486	19593
59487	19593
59488	19594
59489	19594
59490	19595
59491	19595
59492	19596
59493	19596
59494	19597
59495	19597
59496	19598
59497	19598
59498	19599
59499	19599
59500	19550
59501	19550
59502	19551
59503	19551
59504	19552
59505	19552
59506	19553
59507	19553
59508	19554
59509	19554
59510	19555
59511	19555
59512	19556
59513	19556
59514	19557
59515	19557
59516	19558
59517	19558
59518	19559
59519	19559
59520	19560
59521	19560
59522	19561
59523	19561
59524	19562
59525	19562
59526	19563
59527	19563
59528	19564
59529	19564
59530	19565
59531	19565
59532	19566
59533	19566
59534	19567
59535	19567
59536	19568
59537	19568
59538	19569
59539	19569
59540	19570
59541	19570
59542	19571
59543	19571
59544	19572
59545	19572
59546	19573
59547	19573
59548	19574
59549	19574
59550	19575
59551	19575
59552	19576
59553	19576
59554	19577
59555	19577
59556	19578
59557	19578
59558	19579
59559	19579
59560	19580
59561	19580
59562	19581
59563	19581
59564	19582
59565	19582
59566	19583
59567	19583
59568	19584
59569	19584
59570	19585
59571	19585
59572	19586
59573	19586
59574	19587
59575	19587
59576	19588
59577	19588
59578	19589
59579	19589
59580	19590
59581	19590
59582	19591
59583	19591
59584	19592
59585	19592
59586	19593
59587	19593
59588	19594
59589	19594
59590	19595
59591	19595
59592	19596
59593	19596
59594	19597
59595	19597
59596	19598
59597	19598
59598	19599
59599	19599
59600	19750
59601	19750
59602	19751
59603	19751
59604	19752
59605	19752
59606	19753
59607	19753
59608	19754
59609	19754
59610	19755
59611	19755
59612	19756
59613	19756
59614	19757
59615	19757
59616	19758
59617	19758
59618	19759
59619	19759
59620	19760
59621	19760
59622	19761
59623	19761
59624	19762
59625	19762
59626	19763
59627	19763
59628	19764
59629	19764
59630	19765
59631	19765
59632	19766
59633	19766
59634	19767
59635	19767
59636	19768
59637	19768
59638	19769
59639	19769
59640	19770
59641	19770
59642	19771
59643	19771
59644	19772
59645	19772
59646	19773
59647	19773
59648	19774
59649	19774
59650	19775
59651	19775
59652	19776
59653	19776
59654	19777
59655	19777
59656	19778
59657	19778
59658	19779
59659	19779
59660	19780
59661	19780
59662	19781
59663	19781
59664	19782
59665	19782
59666	19783
59667	19783
59668	19784
59669	19784
59670	19785
59671	19785
59672	19786
59673	19786
59674	19787
59675	19787
59676	19788
59677	19788
59678	19789
59679	19789
59680	19790
59681	19790
59682	19791
59683	19791
59684	19792
59685	19792
59686	19793
59687	19793
59688	19794
59689	19794
59690	19795
59691	19795
59692	19796
59693	19796
59694	19797
59695	19797
59696	19798
59697	19798
59698	19799
59699	19799
59700	19750
59701	19750
59702	19751
59703	19751
59704	19752
59705	19752
59706	19753
59707	19753
59708	19754
59709	19754
59710	19755
59711	19755
59712	19756
59713	19756
59714	19757
59715	19757
59716	19758
59717	19758
59718	19759
59719	19759
59720	19760
59721	19760
59722	19761
59723	19761
59724	19762
59725	19762
59726	19763
59727	19763
59728	19764
59729	19764
59730	19765
59731	19765
59732	19766
59733	19766
59734	19767
59735	19767
59736	19768
59737	19768
59738	19769
59739	19769
59740	19770
59741	19770
59742	19771
59743	19771
59744	19772
59745	19772
59746	19773
59747	19773
59748	19774
59749	19774
59750	19775
59751	19775
59752	19776
59753	19776
59754	19777
59755	19777
59756	19778
59757	19778
59758	19779
59759	19779
59760	19780
59761	19780
59762	19781
59763	19781
59764	19782
59765	19782
59766	19783
59767	19783
59768	19784
59769	19784
59770	19785
59771	19785
59772	19786
59773	19786
59774	19787
59775	19787
59776	19788
59777	19788
59778	19789
59779	19789
59780	19790
59781	19790
59782	19791
59783	19791
59784	19792
59785	19792
59786	19793
59787	19793
59788	19794
59789	19794
59790	19795
59791	19795
59792	19796
59793	19796
59794	19797
59795	19797
59796	19798
59797	19798
59798	19799
59799	19799
59800	19950
59801	19950
59802	19951
59803	19951
59804	19952
59805	19952
59806	19953
59807	19953
59808	19954
59809	19954
59810	19955
59811	19955
59812	19956
59813	19956
59814	19957
59815	19957
59816	19958
59817	19958
59818	19959
59819	19959
59820	19960
59821	19960
59822	19961
59823	19961
59824	19962
59825	19962
59826	19963
59827	19963
59828	19964
59829	19964
59830	19965
59831	19965
59832	19966
59833	19966
59834	19967
59835	19967
59836	19968
59837	19968
59838	19969
59839	19969
59840	19970
59841	19970
59842	19971
59843	19971
59844	19972
59845	19972
59846	19973
59847	19973
59848	19974
59849	19974
59850	19975
59851	19975
59852	19976
59853	19976
59854	19977
59855	19977
59856	19978
59857	19978
59858	19979
59859	19979
59860	19980
59861	19980
59862	19981
59863	19981
59864	19982
59865	19982
59866	19983
59867	19983
59868	19984
59869	19984
59870	19985
59871	19985
59872	19986
59873	19986
59874	19987
59875	19987
59876	19988
59877	19988
59878	19989
59879	19989
59880	19990
59881	19990
59882	19991
59883	19991
59884	19992
59885	19992
59886	19993
59887	19993
59888	19994
59889	19994
59890	19995
59891	19995
59892	19996
59893	19996
59894	19997
59895	19997
59896	19998
59897	19998
59898	19999
59899	19999
59900	19950
59901	19950
59902	19951
59903	19951
59904	19952
59905	19952
59906	19953
59907	19953
59908	19954
59909	19954
59910	19955
59911	19955
59912	19956
59913	19956
59914	19957
59915	19957
59916	19958
59917	19958
59918	19959
59919	19959
59920	19960
59921	19960
59922	19961
59923	19961
59924	19962
59925	19962
59926	19963
59927	19963
59928	19964
59929	19964
59930	19965
59931	19965
59932	19966
59933	19966
59934	19967
59935	19967
59936	19968
59937	19968
59938	19969
59939	19969
59940	19970
59941	19970
59942	19971
59943	19971
59944	19972
59945	19972
59946	19973
59947	19973
59948	19974
59949	19974
59950	19975
59951	19975
59952	19976
59953	19976
59954	19977
59955	19977
59956	19978
59957	19978
59958	19979
59959	19979
59960	19980
59961	19980
59962	19981
59963	19981
59964	19982
59965	19982
59966	19983
59967	19983
59968	19984
59969	19984
59970	19985
59971	19985
59972	19986
59973	19986
59974	19987
59975	19987
59976	19988
59977	19988
59978	19989
59979	19989
59980	19990
59981	19990
59982	19991
59983	19991
59984	19992
59985	19992
59986	19993
59987	19993
59988	19994
59989	19994
59990	19995
59991	19995
59992	19996
59993	19996
59994	19997
59995	19997
59996	19998
59997	19998
59998	19999
59999	19999
60000	10050
60001	10050
60002	10051
60003	10051
60004	10052
60005	10052
60006	10053
60007	10053
60008	10054
60009	10054
60010	10055
60011	10055
60012	10056
60013	10056
60014	10057
60015	10057
60016	10058
60017	10058
60018	10059
60019	10059
60020	10060
60021	10060
60022	10061
60023	10061
60024	10062
60025	10062
60026	10063
60027	10063
60028	10064
60029	10064
60030	10065
60031	10065
60032	10066
60033	10066
60034	10067
60035	10067
60036	10068
60037	10068
60038	10069
60039	10069
60040	10070
60041	10070
60042	10071
60043	10071
60044	10072
60045	10072
60046	10073
60047	10073
60048	10074
60049	10074
60050	10075
60051	10075
60052	10076
60053	10076
60054	10077
60055	10077
60056	10078
60057	10078
60058	10079
60059	10079
60060	10080
60061	10080
60062	10081
60063	10081
60064	10082
60065	10082
60066	10083
60067	10083
60068	10084
60069	10084
60070	10085
60071	10085
60072	10086
60073	10086
60074	10087
60075	10087
60076	10088
60077	10088
60078	10089
60079	10089
60080	10090
60081	10090
60082	10091
60083	10091
60084	10092
60085	10092
60086	10093
60087	10093
60088	10094
60089	10094
60090	10095
60091	10095
60092	10096
60093	10096
60094	10097
60095	10097
60096	10098
60097	10098
60098	10099
60099	10099
60100	10100
60101	10100
60102	10101
60103	10101
60104	10102
60105	10102
60106	10103
60107	10103
60108	10104
60109	10104
60110	10105
60111	10105
60112	10106
60113	10106
60114	10107
60115	10107
60116	10108
60117	10108
60118	10109
60119	10109
60120	10110
60121	10110
60122	10111
60123	10111
60124	10112
60125	10112
60126	10113
60127	10113
60128	10114
60129	10114
60130	10115
60131	10115
60132	10116
60133	10116
60134	10117
60135	10117
60136	10118
60137	10118
60138	10119
60139	10119
60140	10120
60141	10120
60142	10121
60143	10121
60144	10122
60145	10122
60146	10123
60147	10123
60148	10124
60149	10124
60150	10125
60151	10125
60152	10126
60153	10126
60154	10127
60155	10127
60156	10128
60157	10128
60158	10129
60159	10129
60160	10130
60161	10130
60162	10131
60163	10131
60164	10132
60165	10132
60166	10133
60167	10133
60168	10134
60169	10134
60170	10135
60171	10135
60172	10136
60173	10136
60174	10137
60175	10137
60176	10138
60177	10138
60178	10139
60179	10139
60180	10140
60181	10140
60182	10141
60183	10141
60184	10142
60185	10142
60186	10143
60187	10143
60188	10144
60189	10144
60190	10145
60191	10145
60192	10146
60193	10146
60194	10147
60195	10147
60196	10148
60197	10148
60198	10149
60199	10149
60200	10050
60201	10050
60202	10051
60203	10051
60204	10052
60205	10052
60206	10053
60207	10053
60208	10054
60209	10054
60210	10055
60211	10055
60212	10056
60213	10056
60214	10057
60215	10057
60216	10058
60217	10058
60218	10059
60219	10059
60220	10060
60221	10060
60222	10061
60223	10061
60224	10062
60225	10062
60226	10063
60227	10063
60228	10064
60229	10064
60230	10065
60231	10065
60232	10066
60233	10066
60234	10067
60235	10067
60236	10068
60237	10068
60238	10069
60239	10069
60240	10070
60241	10070
60242	10071
60243	10071
60244	10072
60245	10072
60246	10073
60247	10073
60248	10074
60249	10074
60250	10075
60251	10075
60252	10076
60253	10076
60254	10077
60255	10077
60256	10078
60257	10078
60258	10079
60259	10079
60260	10080
60261	10080
60262	10081
60263	10081
60264	10082
60265	10082
60266	10083
60267	10083
60268	10084
60269	10084
60270	10085
60271	10085
60272	10086
60273	10086
60274	10087
60275	10087
60276	10088
60277	10088
60278	10089
60279	10089
60280	10090
60281	10090
60282	10091
60283	10091
60284	10092
60285	10092
60286	10093
60287	10093
60288	10094
60289	10094
60290	10095
60291	10095
60292	10096
60293	10096
60294	10097
60295	10097
60296	10098
60297	10098
60298	10099
60299	10099
60300	10100
60301	10100
60302	10101
60303	10101
60304	10102
60305	10102
60306	10103
60307	10103
60308	10104
60309	10104
60310	10105
60311	10105
60312	10106
60313	10106
60314	10107
60315	10107
60316	10108
60317	10108
60318	10109
60319	10109
60320	10110
60321	10110
60322	10111
60323	10111
60324	10112
60325	10112
60326	10113
60327	10113
60328	10114
60329	10114
60330	10115
60331	10115
60332	10116
60333	10116
60334	10117
60335	10117
60336	10118
60337	10118
60338	10119
60339	10119
60340	10120
60341	10120
60342	10121
60343	10121
60344	10122
60345	10122
60346	10123
60347	10123
60348	10124
60349	10124
60350	10125
60351	10125
60352	10126
60353	10126
60354	10127
60355	10127
60356	10128
60357	10128
60358	10129
60359	10129
60360	10130
60361	10130
60362	10131
60363	10131
60364	10132
60365	10132
60366	10133
60367	10133
60368	10134
60369	10134
60370	10135
60371	10135
60372	10136
60373	10136
60374	10137
60375	10137
60376	10138
60377	10138
60378	10139
60379	10139
60380	10140
60381	10140
60382	10141
60383	10141
60384	10142
60385	10142
60386	10143
60387	10143
60388	10144
60389	10144
60390	10145
60391	10145
60392	10146
60393	10146
60394	10147
60395	10147
60396	10148
60397	10148
60398	10149
60399	10149
60400	10250
60401	10250
60402	10251
60403	10251
60404	10252
60405	10252
60406	10253
60407	10253
60408	10254
60409	10254
60410	10255
60411	10255
60412	10256
60413	10256
60414	10257
60415	10257
60416	10258
60417	10258
60418	10259
60419	10259
60420	10260
60421	10260
60422	10261
60423	10261
60424	10262
60425	10262
60426	10263
60427	10263
60428	10264
60429	10264
60430	10265
60431	10265
60432	10266
60433	10266
60434	10267
60435	10267
60436	10268
60437	10268
60438	10269
60439	10269
60440	10270
60441	10270
60442	10271
60443	10271
60444	10272
60445	10272
60446	10273
60447	10273
60448	10274
60449	10274
60450	10275
60451	10275
60452	10276
60453	10276
60454	10277
60455	10277
60456	10278
60457	10278
60458	10279
60459	10279
60460	10280
60461	10280
60462	10281
60463	10281
60464	10282
60465	10282
60466	10283
60467	10283
60468	10284
60469	10284
60470	10285
60471	10285
60472	10286
60473	10286
60474	10287
60475	10287
60476	10288
60477	10288
60478	10289
60479	10289
60480	10290
60481	10290
60482	10291
60483	10291
60484	10292
60485	10292
60486	10293
60487	10293
60488	10294
60489	10294
60490	10295
60491	10295
60492	10296
60493	10296
60494	10297
60495	10297
60496	10298
60497	10298
60498	10299
60499	10299
60500	10300
60501	10300
60502	10301
60503	10301
60504	10302
60505	10302
60506	10303
60507	10303
60508	10304
60509	10304
60510	10305
60511	10305
60512	10306
60513	10306
60514	10307
60515	10307
60516	10308
60517	10308
60518	10309
60519	10309
60520	10310
60521	10310
60522	10311
60523	10311
60524	10312
60525	10312
60526	10313
60527	10313
60528	10314
60529	10314
60530	10315
60531	10315
60532	10316
60533	10316
60534	10317
60535	10317
60536	10318
60537	10318
60538	10319
60539	10319
60540	10320
60541	10320
60542	10321
60543	10321
60544	10322
60545	10322
60546	10323
60547	10323
60548	10324
60549	10324
60550	10325
60551	10325
60552	10326
60553	10326
60554	10327
60555	10327
60556	10328
60557	10328
60558	10329
60559	10329
60560	10330
60561	10330
60562	10331
60563	10331
60564	10332
60565	10332
60566	10333
60567	10333
60568	10334
60569	10334
60570	10335
60571	10335
60572	10336
60573	10336
60574	10337
60575	10337
60576	10338
60577	10338
60578	10339
60579	10339
60580	10340
60581	10340
60582	10341
60583	10341
60584	10342
60585	10342
60586	10343
60587	10343
60588	10344
60589	10344
60590	10345
60591	10345
60592	10346
60593	10346
60594	10347
60595	10347
60596	10348
60597	10348
60598	10349
60599	10349
60600	10250
60601	10250
60602	10251
60603	10251
60604	10252
60605	10252
60606	10253
60607	10253
60608	10254
60609	10254
60610	10255
60611	10255
60612	10256
60613	10256
60614	10257
60615	10257
60616	10258
60617	10258
60618	10259
60619	10259
60620	10260
60621	10260
60622	10261
60623	10261
60624	10262
60625	10262
60626	10263
60627	10263
60628	10264
60629	10264
60630	10265
60631	10265
60632	10266
60633	10266
60634	10267
60635	10267
60636	10268
60637	10268
60638	10269
60639	10269
60640	10270
60641	10270
60642	10271
60643	10271
60644	10272
60645	10272
60646	10273
60647	10273
60648	10274
60649	10274
60650	10275
60651	10275
60652	10276
60653	10276
60654	10277
60655	10277
60656	10278
60657	10278
60658	10279
60659	10279
60660	10280
60661	10280
60662	10281
60663	10281
60664	10282
60665	10282
60666	10283
60667	10283
60668	10284
60669	10284
60670	10285
60671	10285
60672	10286
60673	10286
60674	10287
60675	10287
60676	10288
60677	10288
60678	10289
60679	10289
60680	10290
60681	10290
60682	10291
60683	10291
60684	10292
60685	10292
60686	10293
60687	10293
60688	10294
60689	10294
60690	10295
60691	10295
60692	10296
60693	10296
60694	10297
60695	10297
60696	10298
60697	10298
60698	10299
60699	10299
60700	10300
60701	10300
60702	10301
60703	10301
60704	10302
60705	10302
60706	10303
60707	10303
60708	10304
60709	10304
60710	10305
60711	10305
60712	10306
60713	10306
60714	10307
60715	10307
60716	10308
60717	10308
60718	10309
60719	10309
60720	10310
60721	10310
60722	10311
60723	10311
60724	10312
60725	10312
60726	10313
60727	10313
60728	10314
60729	10314
60730	10315
60731	10315
60732	10316
60733	10316
60734	10317
60735	10317
60736	10318
60737	10318
60738	10319
60739	10319
60740	10320
60741	10320
60742	10321
60743	10321
60744	10322
60745	10322
60746	10323
60747	10323
60748	10324
60749	10324
60750	10325
60751	10325
60752	10326
60753	10326
60754	10327
60755	10327
60756	10328
60757	10328
60758	10329
60759	10329
60760	10330
60761	10330
60762	10331
60763	10331
60764	10332
60765	10332
60766	10333
60767	10333
60768	10334
60769	10334
60770	10335
60771	10335
60772	10336
60773	10336
60774	10337
60775	10337
60776	10338
60777	10338
60778	10339
60779	10339
60780	10340
60781	10340
60782	10341
60783	10341
60784	10342
60785	10342
60786	10343
60787	10343
60788	10344
60789	10344
60790	10345
60791	10345
60792	10346
60793	10346
60794	10347
60795	10347
60796	10348
60797	10348
60798	10349
60799	10349
60800	10450
60801	10450
60802	10451
60803	10451
60804	10452
60805	10452
60806	10453
60807	10453
60808	10454
60809	10454
60810	10455
60811	10455
60812	10456
60813	10456
60814	10457
60815	10457
60816	10458
60817	10458
60818	10459
60819	10459
60820	10460
60821	10460
60822	10461
60823	10461
60824	10462
60825	10462
60826	10463
60827	10463
60828	10464
60829	10464
60830	10465
60831	10465
60832	10466
60833	10466
60834	10467
60835	10467
60836	10468
60837	10468
60838	10469
60839	10469
60840	10470
60841	10470
60842	10471
60843	10471
60844	10472
60845	10472
60846	10473
60847	10473
60848	10474
60849	10474
60850	10475
60851	10475
60852	10476
60853	10476
60854	10477
60855	10477
60856	10478
60857	10478
60858	10479
60859	10479
60860	10480
60861	10480
60862	10481
60863	10481
60864	10482
60865	10482
60866	10483
60867	10483
60868	10484
60869	10484
60870	10485
60871	10485
60872	10486
60873	10486
60874	10487
60875	10487
60876	10488
60877	10488
60878	10489
60879	10489
60880	10490
60881	10490
60882	10491
60883	10491
60884	10492
60885	10492
60886	10493
60887	10493
60888	10494
60889	10494
60890	10495
60891	10495
60892	10496
60893	10496
60894	10497
60895	10497
60896	10498
60897	10498
60898	10499
60899	10499
60900	10500
60901	10500
60902	10501
60903	10501
60904	10502
60905	10502
60906	10503
60907	10503
60908	10504
60909	10504
60910	10505
60911	10505
60912	10506
60913	10506
60914	10507
60915	10507
60916	10508
60917	10508
60918	10509
60919	10509
60920	10510
60921	10510
60922	10511
60923	10511
60924	10512
60925	10512
60926	10513
60927	10513
60928	10514
60929	10514
60930	10515
60931	10515
60932	10516
60933	10516
60934	10517
60935	10517
60936	10518
60937	10518
60938	10519
60939	10519
60940	10520
60941	10520
60942	10521
60943	10521
60944	10522
60945	10522
60946	10523
60947	10523
60948	10524
60949	10524
60950	10525
60951	10525
60952	10526
60953	10526
60954	10527
60955	10527
60956	10528
60957	10528
60958	10529
60959	10529
60960	10530
60961	10530
60962	10531
60963	10531
60964	10532
60965	10532
60966	10533
60967	10533
60968	10534
60969	10534
60970	10535
60971	10535
60972	10536
60973	10536
60974	10537
60975	10537
60976	10538
60977	10538
60978	10539
60979	10539
60980	10540
60981	10540
60982	10541
60983	10541
60984	10542
60985	10542
60986	10543
60987	10543
60988	10544
60989	10544
60990	10545
60991	10545
60992	10546
60993	10546
60994	10547
60995	10547
60996	10548
60997	10548
60998	10549
60999	10549
61000	10450
61001	10450
61002	10451
61003	10451
61004	10452
61005	10452
61006	10453
61007	10453
61008	10454
61009	10454
61010	10455
61011	10455
61012	10456
61013	10456
61014	10457
61015	10457
61016	10458
61017	10458
61018	10459
61019	10459
61020	10460
61021	10460
61022	10461
61023	10461
61024	10462
61025	10462
61026	10463
61027	10463
61028	10464
61029	10464
61030	10465
61031	10465
61032	10466
61033	10466
61034	10467
61035	10467
61036	10468
61037	10468
61038	10469
61039	10469
61040	10470
61041	10470
61042	10471
61043	10471
61044	10472
61045	10472
61046	10473
61047	10473
61048	10474
61049	10474
61050	10475
61051	10475
61052	10476
61053	10476
61054	10477
61055	10477
61056	10478
61057	10478
61058	10479
61059	10479
61060	10480
61061	10480
61062	10481
61063	10481
61064	10482
61065	10482
61066	10483
61067	10483
61068	10484
61069	10484
61070	10485
61071	10485
61072	10486
61073	10486
61074	10487
61075	10487
61076	10488
61077	10488
61078	10489
61079	10489
61080	10490
61081	10490
61082	10491
61083	10491
61084	10492
61085	10492
61086	10493
61087	10493
61088	10494
61089	10494
61090	10495
61091	10495
61092	10496
61093	10496
61094	10497
61095	10497
61096	10498
61097	10498
61098	10499
61099	10499
61100	10500
61101	10500
61102	10501
61103	10501
61104	10502
61105	10502
61106	10503
61107	10503
61108	10504
61109	10504
61110	10505
61111	10505
61112	10506
61113	10506
61114	10507
61115	10507
61116	10508
61117	10508
61118	10509
61119	10509
61120	10510
61121	10510
61122	10511
61123	10511
61124	10512
61125	10512
61126	10513
61127	10513
61128	10514
61129	10514
61130	10515
61131	10515
61132	10516
61133	10516
61134	10517
61135	10517
61136	10518
61137	10518
61138	10519
61139	10519
61140	10520
61141	10520
61142	10521
61143	10521
61144	10522
61145	10522
61146	10523
61147	10523
61148	10524
61149	10524
61150	10525
61151	10525
61152	10526
61153	10526
61154	10527
61155	10527
61156	10528
61157	10528
61158	10529
61159	10529
61160	10530
61161	10530
61162	10531
61163	10531
61164	10532
61165	10532
61166	10533
61167	10533
61168	10534
61169	10534
61170	10535
61171	10535
61172	10536
61173	10536
61174	10537
61175	10537
61176	10538
61177	10538
61178	10539
61179	10539
61180	10540
61181	10540
61182	10541
61183	10541
61184	10542
61185	10542
61186	10543
61187	10543
61188	10544
61189	10544
61190	10545
61191	10545
61192	10546
61193	10546
61194	10547
61195	10547
61196	10548
61197	10548
61198	10549
61199	10549
61200	10650
61201	10650
61202	10651
61203	10651
61204	10652
61205	10652
61206	10653
61207	10653
61208	10654
61209	10654
61210	10655
61211	10655
61212	10656
61213	10656
61214	10657
61215	10657
61216	10658
61217	10658
61218	10659
61219	10659
61220	10660
61221	10660
61222	10661
61223	10661
61224	10662
61225	10662
61226	10663
61227	10663
61228	10664
61229	10664
61230	10665
61231	10665
61232	10666
61233	10666
61234	10667
61235	10667
61236	10668
61237	10668
61238	10669
61239	10669
61240	10670
61241	10670
61242	10671
61243	10671
61244	10672
61245	10672
61246	10673
61247	10673
61248	10674
61249	10674
61250	10675
61251	10675
61252	10676
61253	10676
61254	10677
61255	10677
61256	10678
61257	10678
61258	10679
61259	10679
61260	10680
61261	10680
61262	10681
61263	10681
61264	10682
61265	10682
61266	10683
61267	10683
61268	10684
61269	10684
61270	10685
61271	10685
61272	10686
61273	10686
61274	10687
61275	10687
61276	10688
61277	10688
61278	10689
61279	10689
61280	10690
61281	10690
61282	10691
61283	10691
61284	10692
61285	10692
61286	10693
61287	10693
61288	10694
61289	10694
61290	10695
61291	10695
61292	10696
61293	10696
61294	10697
61295	10697
61296	10698
61297	10698
61298	10699
61299	10699
61300	10700
61301	10700
61302	10701
61303	10701
61304	10702
61305	10702
61306	10703
61307	10703
61308	10704
61309	10704
61310	10705
61311	10705
61312	10706
61313	10706
61314	10707
61315	10707
61316	10708
61317	10708
61318	10709
61319	10709
61320	10710
61321	10710
61322	10711
61323	10711
61324	10712
61325	10712
61326	10713
61327	10713
61328	10714
61329	10714
61330	10715
61331	10715
61332	10716
61333	10716
61334	10717
61335	10717
61336	10718
61337	10718
61338	10719
61339	10719
61340	10720
61341	10720
61342	10721
61343	10721
61344	10722
61345	10722
61346	10723
61347	10723
61348	10724
61349	10724
61350	10725
61351	10725
61352	10726
61353	10726
61354	10727
61355	10727
61356	10728
61357	10728
61358	10729
61359	10729
61360	10730
61361	10730
61362	10731
61363	10731
61364	10732
61365	10732
61366	10733
61367	10733
61368	10734
61369	10734
61370	10735
61371	10735
61372	10736
61373	10736
61374	10737
61375	10737
61376	10738
61377	10738
61378	10739
61379	10739
61380	10740
61381	10740
61382	10741
61383	10741
61384	10742
61385	10742
61386	10743
61387	10743
61388	10744
61389	10744
61390	10745
61391	10745
61392	10746
61393	10746
61394	10747
61395	10747
61396	10748
61397	10748
61398	10749
61399	10749
61400	10650
61401	10650
61402	10651
61403	10651
61404	10652
61405	10652
61406	10653
61407	10653
61408	10654
61409	10654
61410	10655
61411	10655
61412	10656
61413	10656
61414	10657
61415	10657
61416	10658
61417	10658
61418	10659
61419	10659
61420	10660
61421	10660
61422	10661
61423	10661
61424	10662
61425	10662
61426	10663
61427	10663
61428	10664
61429	10664
61430	10665
61431	10665
61432	10666
61433	10666
61434	10667
61435	10667
61436	10668
61437	10668
61438	10669
61439	10669
61440	10670
61441	10670
61442	10671
61443	10671
61444	10672
61445	10672
61446	10673
61447	10673
61448	10674
61449	10674
61450	10675
61451	10675
61452	10676
61453	10676
61454	10677
61455	10677
61456	10678
61457	10678
61458	10679
61459	10679
61460	10680
61461	10680
61462	10681
61463	10681
61464	10682
61465	10682
61466	10683
61467	10683
61468	10684
61469	10684
61470	10685
61471	10685
61472	10686
61473	10686
61474	10687
61475	10687
61476	10688
61477	10688
61478	10689
61479	10689
61480	10690
61481	10690
61482	10691
61483	10691
61484	10692
61485	10692
61486	10693
61487	10693
61488	10694
61489	10694
61490	10695
61491	10695
61492	10696
61493	10696
61494	10697
61495	10697
61496	10698
61497	10698
61498	10699
61499	10699
61500	10700
61501	10700
61502	10701
61503	10701
61504	10702
61505	10702
61506	10703
61507	10703
61508	10704
61509	10704
61510	10705
61511	10705
61512	10706
61513	10706
61514	10707
61515	10707
61516	10708
61517	10708
61518	10709
61519	10709
61520	10710
61521	10710
61522	10711
61523	10711
61524	10712
61525	10712
61526	10713
61527	10713
61528	10714
61529	10714
61530	10715
61531	10715
61532	10716
61533	10716
61534	10717
61535	10717
61536	10718
61537	10718
61538	10719
61539	10719
61540	10720
61541	10720
61542	10721
61543	10721
61544	10722
61545	10722
61546	10723
61547	10723
61548	10724
61549	10724
61550	10725
61551	10725
61552	10726
61553	10726
61554	10727
61555	10727
61556	10728
61557	10728
61558	10729
61559	10729
61560	10730
61561	10730
61562	10731
61563	10731
61564	10732
61565	10732
61566	10733
61567	10733
61568	10734
61569	10734
61570	10735
61571	10735
61572	10736
61573	10736
61574	10737
61575	10737
61576	10738
61577	10738
61578	10739
61579	10739
61580	10740
61581	10740
61582	10741
61583	10741
61584	10742
61585	10742
61586	10743
61587	10743
61588	10744
61589	10744
61590	10745
61591	10745
61592	10746
61593	10746
61594	10747
61595	10747
61596	10748
61597	10748
61598	10749
61599	10749
61600	10850
61601	10850
61602	10851
61603	10851
61604	10852
61605	10852
61606	10853
61607	10853
61608	10854
61609	10854
61610	10855
61611	10855
61612	10856
61613	10856
61614	10857
61615	10857
61616	10858
61617	10858
61618	10859
61619	10859
61620	10860
61621	10860
61622	10861
61623	10861
61624	10862
61625	10862
61626	10863
61627	10863
61628	10864
61629	10864
61630	10865
61631	10865
61632	10866
61633	10866
61634	10867
61635	10867
61636	10868
61637	10868
61638	10869
61639	10869
61640	10870
61641	10870
61642	10871
61643	10871
61644	10872
61645	10872
61646	10873
61647	10873
61648	10874
61649	10874
61650	10875
61651	10875
61652	10876
61653	10876
61654	10877
61655	10877
61656	10878
61657	10878
61658	10879
61659	10879
61660	10880
61661	10880
61662	10881
61663	10881
61664	10882
61665	10882
61666	10883
61667	10883
61668	10884
61669	10884
61670	10885
61671	10885
61672	10886
61673	10886
61674	10887
61675	10887
61676	10888
61677	10888
61678	10889
61679	10889
61680	10890
61681	10890
61682	10891
61683	10891
61684	10892
61685	10892
61686	10893
61687	10893
61688	10894
61689	10894
61690	10895
61691	10895
61692	10896
61693	10896
61694	10897
61695	10897
61696	10898
61697	10898
61698	10899
61699	10899
61700	10900
61701	10900
61702	10901
61703	10901
61704	10902
61705	10902
61706	10903
61707	10903
61708	10904
61709	10904
61710	10905
61711	10905
61712	10906
61713	10906
61714	10907
61715	10907
61716	10908
61717	10908
61718	10909
61719	10909
61720	10910
61721	10910
61722	10911
61723	10911
61724	10912
61725	10912
61726	10913
61727	10913
61728	10914
61729	10914
61730	10915
61731	10915
61732	10916
61733	10916
61734	10917
61735	10917
61736	10918
61737	10918
61738	10919
61739	10919
61740	10920
61741	10920
61742	10921
61743	10921
61744	10922
61745	10922
61746	10923
61747	10923
61748	10924
61749	10924
61750	10925
61751	10925
61752	10926
61753	10926
61754	10927
61755	10927
61756	10928
61757	10928
61758	10929
61759	10929
61760	10930
61761	10930
61762	10931
61763	10931
61764	10932
61765	10932
61766	10933
61767	10933
61768	10934
61769	10934
61770	10935
61771	10935
61772	10936
61773	10936
61774	10937
61775	10937
61776	10938
61777	10938
61778	10939
61779	10939
61780	10940
61781	10940
61782	10941
61783	10941
61784	10942
61785	10942
61786	10943
61787	10943
61788	10944
61789	10944
61790	10945
61791	10945
61792	10946
61793	10946
61794	10947
61795	10947
61796	10948
61797	10948
61798	10949
61799	10949
61800	10850
61801	10850
61802	10851
61803	10851
61804	10852
61805	10852
61806	10853
61807	10853
61808	10854
61809	10854
61810	10855
61811	10855
61812	10856
61813	10856
61814	10857
61815	10857
61816	10858
61817	10858
61818	10859
61819	10859
61820	10860
61821	10860
61822	10861
61823	10861
61824	10862
61825	10862
61826	10863
61827	10863
61828	10864
61829	10864
61830	10865
61831	10865
61832	10866
61833	10866
61834	10867
61835	10867
61836	10868
61837	10868
61838	10869
61839	10869
61840	10870
61841	10870
61842	10871
61843	10871
61844	10872
61845	10872
61846	10873
61847	10873
61848	10874
61849	10874
61850	10875
61851	10875
61852	10876
61853	10876
61854	10877
61855	10877
61856	10878
61857	10878
61858	10879
61859	10879
61860	10880
61861	10880
61862	10881
61863	10881
61864	10882
61865	10882
61866	10883
61867	10883
61868	10884
61869	10884
61870	10885
61871	10885
61872	10886
61873	10886
61874	10887
61875	10887
61876	10888
61877	10888
61878	10889
61879	10889
61880	10890
61881	10890
61882	10891
61883	10891
61884	10892
61885	10892
61886	10893
61887	10893
61888	10894
61889	10894
61890	10895
61891	10895
61892	10896
61893	10896
61894	10897
61895	10897
61896	10898
61897	10898
61898	10899
61899	10899
61900	10900
61901	10900
61902	10901
61903	10901
61904	10902
61905	10902
61906	10903
61907	10903
61908	10904
61909	10904
61910	10905
61911	10905
61912	10906
61913	10906
61914	10907
61915	10907
61916	10908
61917	10908
61918	10909
61919	10909
61920	10910
61921	10910
61922	10911
61923	10911
61924	10912
61925	10912
61926	10913
61927	10913
61928	10914
61929	10914
61930	10915
61931	10915
61932	10916
61933	10916
61934	10917
61935	10917
61936	10918
61937	10918
61938	10919
61939	10919
61940	10920
61941	10920
61942	10921
61943	10921
61944	10922
61945	10922
61946	10923
61947	10923
61948	10924
61949	10924
61950	10925
61951	10925
61952	10926
61953	10926
61954	10927
61955	10927
61956	10928
61957	10928
61958	10929
61959	10929
61960	10930
61961	10930
61962	10931
61963	10931
61964	10932
61965	10932
61966	10933
61967	10933
61968	10934
61969	10934
61970	10935
61971	10935
61972	10936
61973	10936
61974	10937
61975	10937
61976	10938
61977	10938
61978	10939
61979	10939
61980	10940
61981	10940
61982	10941
61983	10941
61984	10942
61985	10942
61986	10943
61987	10943
61988	10944
61989	10944
61990	10945
61991	10945
61992	10946
61993	10946
61994	10947
61995	10947
61996	10948
61997	10948
61998	10949
61999	10949
62000	11050
62001	11050
62002	11051
62003	11051
62004	11052
62005	11052
62006	11053
62007	11053
62008	11054
62009	11054
62010	11055
62011	11055
62012	11056
62013	11056
62014	11057
62015	11057
62016	11058
62017	11058
62018	11059
62019	11059
62020	11060
62021	11060
62022	11061
62023	11061
62024	11062
62025	11062
62026	11063
62027	11063
62028	11064
62029	11064
62030	11065
62031	11065
62032	11066
62033	11066
62034	11067
62035	11067
62036	11068
62037	11068
62038	11069
62039	11069
62040	11070
62041	11070
62042	11071
62043	11071
62044	11072
62045	11072
62046	11073
62047	11073
62048	11074
62049	11074
62050	11075
62051	11075
62052	11076
62053	11076
62054	11077
62055	11077
62056	11078
62057	11078
62058	11079
62059	11079
62060	11080
62061	11080
62062	11081
62063	11081
62064	11082
62065	11082
62066	11083
62067	11083
62068	11084
62069	11084
62070	11085
62071	11085
62072	11086
62073	11086
62074	11087
62075	11087
62076	11088
62077	11088
62078	11089
62079	11089
62080	11090
62081	11090
62082	11091
62083	11091
62084	11092
62085	11092
62086	11093
62087	11093
62088	11094
62089	11094
62090	11095
62091	11095
62092	11096
62093	11096
62094	11097
62095	11097
62096	11098
62097	11098
62098	11099
62099	11099
62100	11100
62101	11100
62102	11101
62103	11101
62104	11102
62105	11102
62106	11103
62107	11103
62108	11104
62109	11104
62110	11105
62111	11105
62112	11106
62113	11106
62114	11107
62115	11107
62116	11108
62117	11108
62118	11109
62119	11109
62120	11110
62121	11110
62122	11111
62123	11111
62124	11112
62125	11112
62126	11113
62127	11113
62128	11114
62129	11114
62130	11115
62131	11115
62132	11116
62133	11116
62134	11117
62135	11117
62136	11118
62137	11118
62138	11119
62139	11119
62140	11120
62141	11120
62142	11121
62143	11121
62144	11122
62145	11122
62146	11123
62147	11123
62148	11124
62149	11124
62150	11125
62151	11125
62152	11126
62153	11126
62154	11127
62155	11127
62156	11128
62157	11128
62158	11129
62159	11129
62160	11130
62161	11130
62162	11131
62163	11131
62164	11132
62165	11132
62166	11133
62167	11133
62168	11134
62169	11134
62170	11135
62171	11135
62172	11136
62173	11136
62174	11137
62175	11137
62176	11138
62177	11138
62178	11139
62179	11139
62180	11140
62181	11140
62182	11141
62183	11141
62184	11142
62185	11142
62186	11143
62187	11143
62188	11144
62189	11144
62190	11145
62191	11145
62192	11146
62193	11146
62194	11147
62195	11147
62196	11148
62197	11148
62198	11149
62199	11149
62200	11050
62201	11050
62202	11051
62203	11051
62204	11052
62205	11052
62206	11053
62207	11053
62208	11054
62209	11054
62210	11055
62211	11055
62212	11056
62213	11056
62214	11057
62215	11057
62216	11058
62217	11058
62218	11059
62219	11059
62220	11060
62221	11060
62222	11061
62223	11061
62224	11062
62225	11062
62226	11063
62227	11063
62228	11064
62229	11064
62230	11065
62231	11065
62232	11066
62233	11066
62234	11067
62235	11067
62236	11068
62237	11068
62238	11069
62239	11069
62240	11070
62241	11070
62242	11071
62243	11071
62244	11072
62245	11072
62246	11073
62247	11073
62248	11074
62249	11074
62250	11075
62251	11075
62252	11076
62253	11076
62254	11077
62255	11077
62256	11078
62257	11078
62258	11079
62259	11079
62260	11080
62261	11080
62262	11081
62263	11081
62264	11082
62265	11082
62266	11083
62267	11083
62268	11084
62269	11084
62270	11085
62271	11085
62272	11086
62273	11086
62274	11087
62275	11087
62276	11088
62277	11088
62278	11089
62279	11089
62280	11090
62281	11090
62282	11091
62283	11091
62284	11092
62285	11092
62286	11093
62287	11093
62288	11094
62289	11094
62290	11095
62291	11095
62292	11096
62293	11096
62294	11097
62295	11097
62296	11098
62297	11098
62298	11099
62299	11099
62300	11100
62301	11100
62302	11101
62303	11101
62304	11102
62305	11102
62306	11103
62307	11103
62308	11104
62309	11104
62310	11105
62311	11105
62312	11106
62313	11106
62314	11107
62315	11107
62316	11108
62317	11108
62318	11109
62319	11109
62320	11110
62321	11110
62322	11111
62323	11111
62324	11112
62325	11112
62326	11113
62327	11113
62328	11114
62329	11114
62330	11115
62331	11115
62332	11116
62333	11116
62334	11117
62335	11117
62336	11118
62337	11118
62338	11119
62339	11119
62340	11120
62341	11120
62342	11121
62343	11121
62344	11122
62345	11122
62346	11123
62347	11123
62348	11124
62349	11124
62350	11125
62351	11125
62352	11126
62353	11126
62354	11127
62355	11127
62356	11128
62357	11128
62358	11129
62359	11129
62360	11130
62361	11130
62362	11131
62363	11131
62364	11132
62365	11132
62366	11133
62367	11133
62368	11134
62369	11134
62370	11135
62371	11135
62372	11136
62373	11136
62374	11137
62375	11137
62376	11138
62377	11138
62378	11139
62379	11139
62380	11140
62381	11140
62382	11141
62383	11141
62384	11142
62385	11142
62386	11143
62387	11143
62388	11144
62389	11144
62390	11145
62391	11145
62392	11146
62393	11146
62394	11147
62395	11147
62396	11148
62397	11148
62398	11149
62399	11149
62400	11250
62401	11250
62402	11251
62403	11251
62404	11252
62405	11252
62406	11253
62407	11253
62408	11254
62409	11254
62410	11255
62411	11255
62412	11256
62413	11256
62414	11257
62415	11257
62416	11258
62417	11258
62418	11259
62419	11259
62420	11260
62421	11260
62422	11261
62423	11261
62424	11262
62425	11262
62426	11263
62427	11263
62428	11264
62429	11264
62430	11265
62431	11265
62432	11266
62433	11266
62434	11267
62435	11267
62436	11268
62437	11268
62438	11269
62439	11269
62440	11270
62441	11270
62442	11271
62443	11271
62444	11272
62445	11272
62446	11273
62447	11273
62448	11274
62449	11274
62450	11275
62451	11275
62452	11276
62453	11276
62454	11277
62455	11277
62456	11278
62457	11278
62458	11279
62459	11279
62460	11280
62461	11280
62462	11281
62463	11281
62464	11282
62465	11282
62466	11283
62467	11283
62468	11284
62469	11284
62470	11285
62471	11285
62472	11286
62473	11286
62474	11287
62475	11287
62476	11288
62477	11288
62478	11289
62479	11289
62480	11290
62481	11290
62482	11291
62483	11291
62484	11292
62485	11292
62486	11293
62487	11293
62488	11294
62489	11294
62490	11295
62491	11295
62492	11296
62493	11296
62494	11297
62495	11297
62496	11298
62497	11298
62498	11299
62499	11299
62500	11300
62501	11300
62502	11301
62503	11301
62504	11302
62505	11302
62506	11303
62507	11303
62508	11304
62509	11304
62510	11305
62511	11305
62512	11306
62513	11306
62514	11307
62515	11307
62516	11308
62517	11308
62518	11309
62519	11309
62520	11310
62521	11310
62522	11311
62523	11311
62524	11312
62525	11312
62526	11313
62527	11313
62528	11314
62529	11314
62530	11315
62531	11315
62532	11316
62533	11316
62534	11317
62535	11317
62536	11318
62537	11318
62538	11319
62539	11319
62540	11320
62541	11320
62542	11321
62543	11321
62544	11322
62545	11322
62546	11323
62547	11323
62548	11324
62549	11324
62550	11325
62551	11325
62552	11326
62553	11326
62554	11327
62555	11327
62556	11328
62557	11328
62558	11329
62559	11329
62560	11330
62561	11330
62562	11331
62563	11331
62564	11332
62565	11332
62566	11333
62567	11333
62568	11334
62569	11334
62570	11335
62571	11335
62572	11336
62573	11336
62574	11337
62575	11337
62576	11338
62577	11338
62578	11339
62579	11339
62580	11340
62581	11340
62582	11341
62583	11341
62584	11342
62585	11342
62586	11343
62587	11343
62588	11344
62589	11344
62590	11345
62591	11345
62592	11346
62593	11346
62594	11347
62595	11347
62596	11348
62597	11348
62598	11349
62599	11349
62600	11250
62601	11250
62602	11251
62603	11251
62604	11252
62605	11252
62606	11253
62607	11253
62608	11254
62609	11254
62610	11255
62611	11255
62612	11256
62613	11256
62614	11257
62615	11257
62616	11258
62617	11258
62618	11259
62619	11259
62620	11260
62621	11260
62622	11261
62623	11261
62624	11262
62625	11262
62626	11263
62627	11263
62628	11264
62629	11264
62630	11265
62631	11265
62632	11266
62633	11266
62634	11267
62635	11267
62636	11268
62637	11268
62638	11269
62639	11269
62640	11270
62641	11270
62642	11271
62643	11271
62644	11272
62645	11272
62646	11273
62647	11273
62648	11274
62649	11274
62650	11275
62651	11275
62652	11276
62653	11276
62654	11277
62655	11277
62656	11278
62657	11278
62658	11279
62659	11279
62660	11280
62661	11280
62662	11281
62663	11281
62664	11282
62665	11282
62666	11283
62667	11283
62668	11284
62669	11284
62670	11285
62671	11285
62672	11286
62673	11286
62674	11287
62675	11287
62676	11288
62677	11288
62678	11289
62679	11289
62680	11290
62681	11290
62682	11291
62683	11291
62684	11292
62685	11292
62686	11293
62687	11293
62688	11294
62689	11294
62690	11295
62691	11295
62692	11296
62693	11296
62694	11297
62695	11297
62696	11298
62697	11298
62698	11299
62699	11299
62700	11300
62701	11300
62702	11301
62703	11301
62704	11302
62705	11302
62706	11303
62707	11303
62708	11304
62709	11304
62710	11305
62711	11305
62712	11306
62713	11306
62714	11307
62715	11307
62716	11308
62717	11308
62718	11309
62719	11309
62720	11310
62721	11310
62722	11311
62723	11311
62724	11312
62725	11312
62726	11313
62727	11313
62728	11314
62729	11314
62730	11315
62731	11315
62732	11316
62733	11316
62734	11317
62735	11317
62736	11318
62737	11318
62738	11319
62739	11319
62740	11320
62741	11320
62742	11321
62743	11321
62744	11322
62745	11322
62746	11323
62747	11323
62748	11324
62749	11324
62750	11325
62751	11325
62752	11326
62753	11326
62754	11327
62755	11327
62756	11328
62757	11328
62758	11329
62759	11329
62760	11330
62761	11330
62762	11331
62763	11331
62764	11332
62765	11332
62766	11333
62767	11333
62768	11334
62769	11334
62770	11335
62771	11335
62772	11336
62773	11336
62774	11337
62775	11337
62776	11338
62777	11338
62778	11339
62779	11339
62780	11340
62781	11340
62782	11341
62783	11341
62784	11342
62785	11342
62786	11343
62787	11343
62788	11344
62789	11344
62790	11345
62791	11345
62792	11346
62793	11346
62794	11347
62795	11347
62796	11348
62797	11348
62798	11349
62799	11349
62800	11450
62801	11450
62802	11451
62803	11451
62804	11452
62805	11452
62806	11453
62807	11453
62808	11454
62809	11454
62810	11455
62811	11455
62812	11456
62813	11456
62814	11457
62815	11457
62816	11458
62817	11458
62818	11459
62819	11459
62820	11460
62821	11460
62822	11461
62823	11461
62824	11462
62825	11462
62826	11463
62827	11463
62828	11464
62829	11464
62830	11465
62831	11465
62832	11466
62833	11466
62834	11467
62835	11467
62836	11468
62837	11468
62838	11469
62839	11469
62840	11470
62841	11470
62842	11471
62843	11471
62844	11472
62845	11472
62846	11473
62847	11473
62848	11474
62849	11474
62850	11475
62851	11475
62852	11476
62853	11476
62854	11477
62855	11477
62856	11478
62857	11478
62858	11479
62859	11479
62860	11480
62861	11480
62862	11481
62863	11481
62864	11482
62865	11482
62866	11483
62867	11483
62868	11484
62869	11484
62870	11485
62871	11485
62872	11486
62873	11486
62874	11487
62875	11487
62876	11488
62877	11488
62878	11489
62879	11489
62880	11490
62881	11490
62882	11491
62883	11491
62884	11492
62885	11492
62886	11493
62887	11493
62888	11494
62889	11494
62890	11495
62891	11495
62892	11496
62893	11496
62894	11497
62895	11497
62896	11498
62897	11498
62898	11499
62899	11499
62900	11500
62901	11500
62902	11501
62903	11501
62904	11502
62905	11502
62906	11503
62907	11503
62908	11504
62909	11504
62910	11505
62911	11505
62912	11506
62913	11506
62914	11507
62915	11507
62916	11508
62917	11508
62918	11509
62919	11509
62920	11510
62921	11510
62922	11511
62923	11511
62924	11512
62925	11512
62926	11513
62927	11513
62928	11514
62929	11514
62930	11515
62931	11515
62932	11516
62933	11516
62934	11517
62935	11517
62936	11518
62937	11518
62938	11519
62939	11519
62940	11520
62941	11520
62942	11521
62943	11521
62944	11522
62945	11522
62946	11523
62947	11523
62948	11524
62949	11524
62950	11525
62951	11525
62952	11526
62953	11526
62954	11527
62955	11527
62956	11528
62957	11528
62958	11529
62959	11529
62960	11530
62961	11530
62962	11531
62963	11531
62964	11532
62965	11532
62966	11533
62967	11533
62968	11534
62969	11534
62970	11535
62971	11535
62972	11536
62973	11536
62974	11537
62975	11537
62976	11538
62977	11538
62978	11539
62979	11539
62980	11540
62981	11540
62982	11541
62983	11541
62984	11542
62985	11542
62986	11543
62987	11543
62988	11544
62989	11544
62990	11545
62991	11545
62992	11546
62993	11546
62994	11547
62995	11547
62996	11548
62997	11548
62998	11549
62999	11549
63000	11450
63001	11450
63002	11451
63003	11451
63004	11452
63005	11452
63006	11453
63007	11453
63008	11454
63009	11454
63010	11455
63011	11455
63012	11456
63013	11456
63014	11457
63015	11457
63016	11458
63017	11458
63018	11459
63019	11459
63020	11460
63021	11460
63022	11461
63023	11461
63024	11462
63025	11462
63026	11463
63027	11463
63028	11464
63029	11464
63030	11465
63031	11465
63032	11466
63033	11466
63034	11467
63035	11467
63036	11468
63037	11468
63038	11469
63039	11469
63040	11470
63041	11470
63042	11471
63043	11471
63044	11472
63045	11472
63046	11473
63047	11473
63048	11474
63049	11474
63050	11475
63051	11475
63052	11476
63053	11476
63054	11477
63055	11477
63056	11478
63057	11478
63058	11479
63059	11479
63060	11480
63061	11480
63062	11481
63063	11481
63064	11482
63065	11482
63066	11483
63067	11483
63068	11484
63069	11484
63070	11485
63071	11485
63072	11486
63073	11486
63074	11487
63075	11487
63076	11488
63077	11488
63078	11489
63079	11489
63080	11490
63081	11490
63082	11491
63083	11491
63084	11492
63085	11492
63086	11493
63087	11493
63088	11494
63089	11494
63090	11495
63091	11495
63092	11496
63093	11496
63094	11497
63095	11497
63096	11498
63097	11498
63098	11499
63099	11499
63100	11500
63101	11500
63102	11501
63103	11501
63104	11502
63105	11502
63106	11503
63107	11503
63108	11504
63109	11504
63110	11505
63111	11505
63112	11506
63113	11506
63114	11507
63115	11507
63116	11508
63117	11508
63118	11509
63119	11509
63120	11510
63121	11510
63122	11511
63123	11511
63124	11512
63125	11512
63126	11513
63127	11513
63128	11514
63129	11514
63130	11515
63131	11515
63132	11516
63133	11516
63134	11517
63135	11517
63136	11518
63137	11518
63138	11519
63139	11519
63140	11520
63141	11520
63142	11521
63143	11521
63144	11522
63145	11522
63146	11523
63147	11523
63148	11524
63149	11524
63150	11525
63151	11525
63152	11526
63153	11526
63154	11527
63155	11527
63156	11528
63157	11528
63158	11529
63159	11529
63160	11530
63161	11530
63162	11531
63163	11531
63164	11532
63165	11532
63166	11533
63167	11533
63168	11534
63169	11534
63170	11535
63171	11535
63172	11536
63173	11536
63174	11537
63175	11537
63176	11538
63177	11538
63178	11539
63179	11539
63180	11540
63181	11540
63182	11541
63183	11541
63184	11542
63185	11542
63186	11543
63187	11543
63188	11544
63189	11544
63190	11545
63191	11545
63192	11546
63193	11546
63194	11547
63195	11547
63196	11548
63197	11548
63198	11549
63199	11549
63200	11650
63201	11650
63202	11651
63203	11651
63204	11652
63205	11652
63206	11653
63207	11653
63208	11654
63209	11654
63210	11655
63211	11655
63212	11656
63213	11656
63214	11657
63215	11657
63216	11658
63217	11658
63218	11659
63219	11659
63220	11660
63221	11660
63222	11661
63223	11661
63224	11662
63225	11662
63226	11663
63227	11663
63228	11664
63229	11664
63230	11665
63231	11665
63232	11666
63233	11666
63234	11667
63235	11667
63236	11668
63237	11668
63238	11669
63239	11669
63240	11670
63241	11670
63242	11671
63243	11671
63244	11672
63245	11672
63246	11673
63247	11673
63248	11674
63249	11674
63250	11675
63251	11675
63252	11676
63253	11676
63254	11677
63255	11677
63256	11678
63257	11678
63258	11679
63259	11679
63260	11680
63261	11680
63262	11681
63263	11681
63264	11682
63265	11682
63266	11683
63267	11683
63268	11684
63269	11684
63270	11685
63271	11685
63272	11686
63273	11686
63274	11687
63275	11687
63276	11688
63277	11688
63278	11689
63279	11689
63280	11690
63281	11690
63282	11691
63283	11691
63284	11692
63285	11692
63286	11693
63287	11693
63288	11694
63289	11694
63290	11695
63291	11695
63292	11696
63293	11696
63294	11697
63295	11697
63296	11698
63297	11698
63298	11699
63299	11699
63300	11700
63301	11700
63302	11701
63303	11701
63304	11702
63305	11702
63306	11703
63307	11703
63308	11704
63309	11704
63310	11705
63311	11705
63312	11706
63313	11706
63314	11707
63315	11707
63316	11708
63317	11708
63318	11709
63319	11709
63320	11710
63321	11710
63322	11711
63323	11711
63324	11712
63325	11712
63326	11713
63327	11713
63328	11714
63329	11714
63330	11715
63331	11715
63332	11716
63333	11716
63334	11717
63335	11717
63336	11718
63337	11718
63338	11719
63339	11719
63340	11720
63341	11720
63342	11721
63343	11721
63344	11722
63345	11722
63346	11723
63347	11723
63348	11724
63349	11724
63350	11725
63351	11725
63352	11726
63353	11726
63354	11727
63355	11727
63356	11728
63357	11728
63358	11729
63359	11729
63360	11730
63361	11730
63362	11731
63363	11731
63364	11732
63365	11732
63366	11733
63367	11733
63368	11734
63369	11734
63370	11735
63371	11735
63372	11736
63373	11736
63374	11737
63375	11737
63376	11738
63377	11738
63378	11739
63379	11739
63380	11740
63381	11740
63382	11741
63383	11741
63384	11742
63385	11742
63386	11743
63387	11743
63388	11744
63389	11744
63390	11745
63391	11745
63392	11746
63393	11746
63394	11747
63395	11747
63396	11748
63397	11748
63398	11749
63399	11749
63400	11650
63401	11650
63402	11651
63403	11651
63404	11652
63405	11652
63406	11653
63407	11653
63408	11654
63409	11654
63410	11655
63411	11655
63412	11656
63413	11656
63414	11657
63415	11657
63416	11658
63417	11658
63418	11659
63419	11659
63420	11660
63421	11660
63422	11661
63423	11661
63424	11662
63425	11662
63426	11663
63427	11663
63428	11664
63429	11664
63430	11665
63431	11665
63432	11666
63433	11666
63434	11667
63435	11667
63436	11668
63437	11668
63438	11669
63439	11669
63440	11670
63441	11670
63442	11671
63443	11671
63444	11672
63445	11672
63446	11673
63447	11673
63448	11674
63449	11674
63450	11675
63451	11675
63452	11676
63453	11676
63454	11677
63455	11677
63456	11678
63457	11678
63458	11679
63459	11679
63460	11680
63461	11680
63462	11681
63463	11681
63464	11682
63465	11682
63466	11683
63467	11683
63468	11684
63469	11684
63470	11685
63471	11685
63472	11686
63473	11686
63474	11687
63475	11687
63476	11688
63477	11688
63478	11689
63479	11689
63480	11690
63481	11690
63482	11691
63483	11691
63484	11692
63485	11692
63486	11693
63487	11693
63488	11694
63489	11694
63490	11695
63491	11695
63492	11696
63493	11696
63494	11697
63495	11697
63496	11698
63497	11698
63498	11699
63499	11699
63500	11700
63501	11700
63502	11701
63503	11701
63504	11702
63505	11702
63506	11703
63507	11703
63508	11704
63509	11704
63510	11705
63511	11705
63512	11706
63513	11706
63514	11707
63515	11707
63516	11708
63517	11708
63518	11709
63519	11709
63520	11710
63521	11710
63522	11711
63523	11711
63524	11712
63525	11712
63526	11713
63527	11713
63528	11714
63529	11714
63530	11715
63531	11715
63532	11716
63533	11716
63534	11717
63535	11717
63536	11718
63537	11718
63538	11719
63539	11719
63540	11720
63541	11720
63542	11721
63543	11721
63544	11722
63545	11722
63546	11723
63547	11723
63548	11724
63549	11724
63550	11725
63551	11725
63552	11726
63553	11726
63554	11727
63555	11727
63556	11728
63557	11728
63558	11729
63559	11729
63560	11730
63561	11730
63562	11731
63563	11731
63564	11732
63565	11732
63566	11733
63567	11733
63568	11734
63569	11734
63570	11735
63571	11735
63572	11736
63573	11736
63574	11737
63575	11737
63576	11738
63577	11738
63578	11739
63579	11739
63580	11740
63581	11740
63582	11741
63583	11741
63584	11742
63585	11742
63586	11743
63587	11743
63588	11744
63589	11744
63590	11745
63591	11745
63592	11746
63593	11746
63594	11747
63595	11747
63596	11748
63597	11748
63598	11749
63599	11749
63600	11850
63601	11850
63602	11851
63603	11851
63604	11852
63605	11852
63606	11853
63607	11853
63608	11854
63609	11854
63610	11855
63611	11855
63612	11856
63613	11856
63614	11857
63615	11857
63616	11858
63617	11858
63618	11859
63619	11859
63620	11860
63621	11860
63622	11861
63623	11861
63624	11862
63625	11862
63626	11863
63627	11863
63628	11864
63629	11864
63630	11865
63631	11865
63632	11866
63633	11866
63634	11867
63635	11867
63636	11868
63637	11868
63638	11869
63639	11869
63640	11870
63641	11870
63642	11871
63643	11871
63644	11872
63645	11872
63646	11873
63647	11873
63648	11874
63649	11874
63650	11875
63651	11875
63652	11876
63653	11876
63654	11877
63655	11877
63656	11878
63657	11878
63658	11879
63659	11879
63660	11880
63661	11880
63662	11881
63663	11881
63664	11882
63665	11882
63666	11883
63667	11883
63668	11884
63669	11884
63670	11885
63671	11885
63672	11886
63673	11886
63674	11887
63675	11887
63676	11888
63677	11888
63678	11889
63679	11889
63680	11890
63681	11890
63682	11891
63683	11891
63684	11892
63685	11892
63686	11893
63687	11893
63688	11894
63689	11894
63690	11895
63691	11895
63692	11896
63693	11896
63694	11897
63695	11897
63696	11898
63697	11898
63698	11899
63699	11899
63700	11900
63701	11900
63702	11901
63703	11901
63704	11902
63705	11902
63706	11903
63707	11903
63708	11904
63709	11904
63710	11905
63711	11905
63712	11906
63713	11906
63714	11907
63715	11907
63716	11908
63717	11908
63718	11909
63719	11909
63720	11910
63721	11910
63722	11911
63723	11911
63724	11912
63725	11912
63726	11913
63727	11913
63728	11914
63729	11914
63730	11915
63731	11915
63732	11916
63733	11916
63734	11917
63735	11917
63736	11918
63737	11918
63738	11919
63739	11919
63740	11920
63741	11920
63742	11921
63743	11921
63744	11922
63745	11922
63746	11923
63747	11923
63748	11924
63749	11924
63750	11925
63751	11925
63752	11926
63753	11926
63754	11927
63755	11927
63756	11928
63757	11928
63758	11929
63759	11929
63760	11930
63761	11930
63762	11931
63763	11931
63764	11932
63765	11932
63766	11933
63767	11933
63768	11934
63769	11934
63770	11935
63771	11935
63772	11936
63773	11936
63774	11937
63775	11937
63776	11938
63777	11938
63778	11939
63779	11939
63780	11940
63781	11940
63782	11941
63783	11941
63784	11942
63785	11942
63786	11943
63787	11943
63788	11944
63789	11944
63790	11945
63791	11945
63792	11946
63793	11946
63794	11947
63795	11947
63796	11948
63797	11948
63798	11949
63799	11949
63800	11850
63801	11850
63802	11851
63803	11851
63804	11852
63805	11852
63806	11853
63807	11853
63808	11854
63809	11854
63810	11855
63811	11855
63812	11856
63813	11856
63814	11857
63815	11857
63816	11858
63817	11858
63818	11859
63819	11859
63820	11860
63821	11860
63822	11861
63823	11861
63824	11862
63825	11862
63826	11863
63827	11863
63828	11864
63829	11864
63830	11865
63831	11865
63832	11866
63833	11866
63834	11867
63835	11867
63836	11868
63837	11868
63838	11869
63839	11869
63840	11870
63841	11870
63842	11871
63843	11871
63844	11872
63845	11872
63846	11873
63847	11873
63848	11874
63849	11874
63850	11875
63851	11875
63852	11876
63853	11876
63854	11877
63855	11877
63856	11878
63857	11878
63858	11879
63859	11879
63860	11880
63861	11880
63862	11881
63863	11881
63864	11882
63865	11882
63866	11883
63867	11883
63868	11884
63869	11884
63870	11885
63871	11885
63872	11886
63873	11886
63874	11887
63875	11887
63876	11888
63877	11888
63878	11889
63879	11889
63880	11890
63881	11890
63882	11891
63883	11891
63884	11892
63885	11892
63886	11893
63887	11893
63888	11894
63889	11894
63890	11895
63891	11895
63892	11896
63893	11896
63894	11897
63895	11897
63896	11898
63897	11898
63898	11899
63899	11899
63900	11900
63901	11900
63902	11901
63903	11901
63904	11902
63905	11902
63906	11903
63907	11903
63908	11904
63909	11904
63910	11905
63911	11905
63912	11906
63913	11906
63914	11907
63915	11907
63916	11908
63917	11908
63918	11909
63919	11909
63920	11910
63921	11910
63922	11911
63923	11911
63924	11912
63925	11912
63926	11913
63927	11913
63928	11914
63929	11914
63930	11915
63931	11915
63932	11916
63933	11916
63934	11917
63935	11917
63936	11918
63937	11918
63938	11919
63939	11919
63940	11920
63941	11920
63942	11921
63943	11921
63944	11922
63945	11922
63946	11923
63947	11923
63948	11924
63949	11924
63950	11925
63951	11925
63952	11926
63953	11926
63954	11927
63955	11927
63956	11928
63957	11928
63958	11929
63959	11929
63960	11930
63961	11930
63962	11931
63963	11931
63964	11932
63965	11932
63966	11933
63967	11933
63968	11934
63969	11934
63970	11935
63971	11935
63972	11936
63973	11936
63974	11937
63975	11937
63976	11938
63977	11938
63978	11939
63979	11939
63980	11940
63981	11940
63982	11941
63983	11941
63984	11942
63985	11942
63986	11943
63987	11943
63988	11944
63989	11944
63990	11945
63991	11945
63992	11946
63993	11946
63994	11947
63995	11947
63996	11948
63997	11948
63998	11949
63999	11949
64000	12050
64001	12050
64002	12051
64003	12051
64004	12052
64005	12052
64006	12053
64007	12053
64008	12054
64009	12054
64010	12055
64011	12055
64012	12056
64013	12056
64014	12057
64015	12057
64016	12058
64017	12058
64018	12059
64019	12059
64020	12060
64021	12060
64022	12061
64023	12061
64024	12062
64025	12062
64026	12063
64027	12063
64028	12064
64029	12064
64030	12065
64031	12065
64032	12066
64033	12066
64034	12067
64035	12067
64036	12068
64037	12068
64038	12069
64039	12069
64040	12070
64041	12070
64042	12071
64043	12071
64044	12072
64045	12072
64046	12073
64047	12073
64048	12074
64049	12074
64050	12075
64051	12075
64052	12076
64053	12076
64054	12077
64055	12077
64056	12078
64057	12078
64058	12079
64059	12079
64060	12080
64061	12080
64062	12081
64063	12081
64064	12082
64065	12082
64066	12083
64067	12083
64068	12084
64069	12084
64070	12085
64071	12085
64072	12086
64073	12086
64074	12087
64075	12087
64076	12088
64077	12088
64078	12089
64079	12089
64080	12090
64081	12090
64082	12091
64083	12091
64084	12092
64085	12092
64086	12093
64087	12093
64088	12094
64089	12094
64090	12095
64091	12095
64092	12096
64093	12096
64094	12097
64095	12097
64096	12098
64097	12098
64098	12099
64099	12099
64100	12100
64101	12100
64102	12101
64103	12101
64104	12102
64105	12102
64106	12103
64107	12103
64108	12104
64109	12104
64110	12105
64111	12105
64112	12106
64113	12106
64114	12107
64115	12107
64116	12108
64117	12108
64118	12109
64119	12109
64120	12110
64121	12110
64122	12111
64123	12111
64124	12112
64125	12112
64126	12113
64127	12113
64128	12114
64129	12114
64130	12115
64131	12115
64132	12116
64133	12116
64134	12117
64135	12117
64136	12118
64137	12118
64138	12119
64139	12119
64140	12120
64141	12120
64142	12121
64143	12121
64144	12122
64145	12122
64146	12123
64147	12123
64148	12124
64149	12124
64150	12125
64151	12125
64152	12126
64153	12126
64154	12127
64155	12127
64156	12128
64157	12128
64158	12129
64159	12129
64160	12130
64161	12130
64162	12131
64163	12131
64164	12132
64165	12132
64166	12133
64167	12133
64168	12134
64169	12134
64170	12135
64171	12135
64172	12136
64173	12136
64174	12137
64175	12137
64176	12138
64177	12138
64178	12139
64179	12139
64180	12140
64181	12140
64182	12141
64183	12141
64184	12142
64185	12142
64186	12143
64187	12143
64188	12144
64189	12144
64190	12145
64191	12145
64192	12146
64193	12146
64194	12147
64195	12147
64196	12148
64197	12148
64198	12149
64199	12149
64200	12050
64201	12050
64202	12051
64203	12051
64204	12052
64205	12052
64206	12053
64207	12053
64208	12054
64209	12054
64210	12055
64211	12055
64212	12056
64213	12056
64214	12057
64215	12057
64216	12058
64217	12058
64218	12059
64219	12059
64220	12060
64221	12060
64222	12061
64223	12061
64224	12062
64225	12062
64226	12063
64227	12063
64228	12064
64229	12064
64230	12065
64231	12065
64232	12066
64233	12066
64234	12067
64235	12067
64236	12068
64237	12068
64238	12069
64239	12069
64240	12070
64241	12070
64242	12071
64243	12071
64244	12072
64245	12072
64246	12073
64247	12073
64248	12074
64249	12074
64250	12075
64251	12075
64252	12076
64253	12076
64254	12077
64255	12077
64256	12078
64257	12078
64258	12079
64259	12079
64260	12080
64261	12080
64262	12081
64263	12081
64264	12082
64265	12082
64266	12083
64267	12083
64268	12084
64269	12084
64270	12085
64271	12085
64272	12086
64273	12086
64274	12087
64275	12087
64276	12088
64277	12088
64278	12089
64279	12089
64280	12090
64281	12090
64282	12091
64283	12091
64284	12092
64285	12092
64286	12093
64287	12093
64288	12094
64289	12094
64290	12095
64291	12095
64292	12096
64293	12096
64294	12097
64295	12097
64296	12098
64297	12098
64298	12099
64299	12099
64300	12100
64301	12100
64302	12101
64303	12101
64304	12102
64305	12102
64306	12103
64307	12103
64308	12104
64309	12104
64310	12105
64311	12105
64312	12106
64313	12106
64314	12107
64315	12107
64316	12108
64317	12108
64318	12109
64319	12109
64320	12110
64321	12110
64322	12111
64323	12111
64324	12112
64325	12112
64326	12113
64327	12113
64328	12114
64329	12114
64330	12115
64331	12115
64332	12116
64333	12116
64334	12117
64335	12117
64336	12118
64337	12118
64338	12119
64339	12119
64340	12120
64341	12120
64342	12121
64343	12121
64344	12122
64345	12122
64346	12123
64347	12123
64348	12124
64349	12124
64350	12125
64351	12125
64352	12126
64353	12126
64354	12127
64355	12127
64356	12128
64357	12128
64358	12129
64359	12129
64360	12130
64361	12130
64362	12131
64363	12131
64364	12132
64365	12132
64366	12133
64367	12133
64368	12134
64369	12134
64370	12135
64371	12135
64372	12136
64373	12136
64374	12137
64375	12137
64376	12138
64377	12138
64378	12139
64379	12139
64380	12140
64381	12140
64382	12141
64383	12141
64384	12142
64385	12142
64386	12143
64387	12143
64388	12144
64389	12144
64390	12145
64391	12145
64392	12146
64393	12146
64394	12147
64395	12147
64396	12148
64397	12148
64398	12149
64399	12149
64400	12250
64401	12250
64402	12251
64403	12251
64404	12252
64405	12252
64406	12253
64407	12253
64408	12254
64409	12254
64410	12255
64411	12255
64412	12256
64413	12256
64414	12257
64415	12257
64416	12258
64417	12258
64418	12259
64419	12259
64420	12260
64421	12260
64422	12261
64423	12261
64424	12262
64425	12262
64426	12263
64427	12263
64428	12264
64429	12264
64430	12265
64431	12265
64432	12266
64433	12266
64434	12267
64435	12267
64436	12268
64437	12268
64438	12269
64439	12269
64440	12270
64441	12270
64442	12271
64443	12271
64444	12272
64445	12272
64446	12273
64447	12273
64448	12274
64449	12274
64450	12275
64451	12275
64452	12276
64453	12276
64454	12277
64455	12277
64456	12278
64457	12278
64458	12279
64459	12279
64460	12280
64461	12280
64462	12281
64463	12281
64464	12282
64465	12282
64466	12283
64467	12283
64468	12284
64469	12284
64470	12285
64471	12285
64472	12286
64473	12286
64474	12287
64475	12287
64476	12288
64477	12288
64478	12289
64479	12289
64480	12290
64481	12290
64482	12291
64483	12291
64484	12292
64485	12292
64486	12293
64487	12293
64488	12294
64489	12294
64490	12295
64491	12295
64492	12296
64493	12296
64494	12297
64495	12297
64496	12298
64497	12298
64498	12299
64499	12299
64500	12300
64501	12300
64502	12301
64503	12301
64504	12302
64505	12302
64506	12303
64507	12303
64508	12304
64509	12304
64510	12305
64511	12305
64512	12306
64513	12306
64514	12307
64515	12307
64516	12308
64517	12308
64518	12309
64519	12309
64520	12310
64521	12310
64522	12311
64523	12311
64524	12312
64525	12312
64526	12313
64527	12313
64528	12314
64529	12314
64530	12315
64531	12315
64532	12316
64533	12316
64534	12317
64535	12317
64536	12318
64537	12318
64538	12319
64539	12319
64540	12320
64541	12320
64542	12321
64543	12321
64544	12322
64545	12322
64546	12323
64547	12323
64548	12324
64549	12324
64550	12325
64551	12325
64552	12326
64553	12326
64554	12327
64555	12327
64556	12328
64557	12328
64558	12329
64559	12329
64560	12330
64561	12330
64562	12331
64563	12331
64564	12332
64565	12332
64566	12333
64567	12333
64568	12334
64569	12334
64570	12335
64571	12335
64572	12336
64573	12336
64574	12337
64575	12337
64576	12338
64577	12338
64578	12339
64579	12339
64580	12340
64581	12340
64582	12341
64583	12341
64584	12342
64585	12342
64586	12343
64587	12343
64588	12344
64589	12344
64590	12345
64591	12345
64592	12346
64593	12346
64594	12347
64595	12347
64596	12348
64597	12348
64598	12349
64599	12349
64600	12250
64601	12250
64602	12251
64603	12251
64604	12252
64605	12252
64606	12253
64607	12253
64608	12254
64609	12254
64610	12255
64611	12255
64612	12256
64613	12256
64614	12257
64615	12257
64616	12258
64617	12258
64618	12259
64619	12259
64620	12260
64621	12260
64622	12261
64623	12261
64624	12262
64625	12262
64626	12263
64627	12263
64628	12264
64629	12264
64630	12265
64631	12265
64632	12266
64633	12266
64634	12267
64635	12267
64636	12268
64637	12268
64638	12269
64639	12269
64640	12270
64641	12270
64642	12271
64643	12271
64644	12272
64645	12272
64646	12273
64647	12273
64648	12274
64649	12274
64650	12275
64651	12275
64652	12276
64653	12276
64654	12277
64655	12277
64656	12278
64657	12278
64658	12279
64659	12279
64660	12280
64661	12280
64662	12281
64663	12281
64664	12282
64665	12282
64666	12283
64667	12283
64668	12284
64669	12284
64670	12285
64671	12285
64672	12286
64673	12286
64674	12287
64675	12287
64676	12288
64677	12288
64678	12289
64679	12289
64680	12290
64681	12290
64682	12291
64683	12291
64684	12292
64685	12292
64686	12293
64687	12293
64688	12294
64689	12294
64690	12295
64691	12295
64692	12296
64693	12296
64694	12297
64695	12297
64696	12298
64697	12298
64698	12299
64699	12299
64700	12300
64701	12300
64702	12301
64703	12301
64704	12302
64705	12302
64706	12303
64707	12303
64708	12304
64709	12304
64710	12305
64711	12305
64712	12306
64713	12306
64714	12307
64715	12307
64716	12308
64717	12308
64718	12309
64719	12309
64720	12310
64721	12310
64722	12311
64723	12311
64724	12312
64725	12312
64726	12313
64727	12313
64728	12314
64729	12314
64730	12315
64731	12315
64732	12316
64733	12316
64734	12317
64735	12317
64736	12318
64737	12318
64738	12319
64739	12319
64740	12320
64741	12320
64742	12321
64743	12321
64744	12322
64745	12322
64746	12323
64747	12323
64748	12324
64749	12324
64750	12325
64751	12325
64752	12326
64753	12326
64754	12327
64755	12327
64756	12328
64757	12328
64758	12329
64759	12329
64760	12330
64761	12330
64762	12331
64763	12331
64764	12332
64765	12332
64766	12333
64767	12333
64768	12334
64769	12334
64770	12335
64771	12335
64772	12336
64773	12336
64774	12337
64775	12337
64776	12338
64777	12338
64778	12339
64779	12339
64780	12340
64781	12340
64782	12341
64783	12341
64784	12342
64785	12342
64786	12343
64787	12343
64788	12344
64789	12344
64790	12345
64791	12345
64792	12346
64793	12346
64794	12347
64795	12347
64796	12348
64797	12348
64798	12349
64799	12349
64800	12450
64801	12450
64802	12451
64803	12451
64804	12452
64805	12452
64806	12453
64807	12453
64808	12454
64809	12454
64810	12455
64811	12455
64812	12456
64813	12456
64814	12457
64815	12457
64816	12458
64817	12458
64818	12459
64819	12459
64820	12460
64821	12460
64822	12461
64823	12461
64824	12462
64825	12462
64826	12463
64827	12463
64828	12464
64829	12464
64830	12465
64831	12465
64832	12466
64833	12466
64834	12467
64835	12467
64836	12468
64837	12468
64838	12469
64839	12469
64840	12470
64841	12470
64842	12471
64843	12471
64844	12472
64845	12472
64846	12473
64847	12473
64848	12474
64849	12474
64850	12475
64851	12475
64852	12476
64853	12476
64854	12477
64855	12477
64856	12478
64857	12478
64858	12479
64859	12479
64860	12480
64861	12480
64862	12481
64863	12481
64864	12482
64865	12482
64866	12483
64867	12483
64868	12484
64869	12484
64870	12485
64871	12485
64872	12486
64873	12486
64874	12487
64875	12487
64876	12488
64877	12488
64878	12489
64879	12489
64880	12490
64881	12490
64882	12491
64883	12491
64884	12492
64885	12492
64886	12493
64887	12493
64888	12494
64889	12494
64890	12495
64891	12495
64892	12496
64893	12496
64894	12497
64895	12497
64896	12498
64897	12498
64898	12499
64899	12499
64900	12500
64901	12500
64902	12501
64903	12501
64904	12502
64905	12502
64906	12503
64907	12503
64908	12504
64909	12504
64910	12505
64911	12505
64912	12506
64913	12506
64914	12507
64915	12507
64916	12508
64917	12508
64918	12509
64919	12509
64920	12510
64921	12510
64922	12511
64923	12511
64924	12512
64925	12512
64926	12513
64927	12513
64928	12514
64929	12514
64930	12515
64931	12515
64932	12516
64933	12516
64934	12517
64935	12517
64936	12518
64937	12518
64938	12519
64939	12519
64940	12520
64941	12520
64942	12521
64943	12521
64944	12522
64945	12522
64946	12523
64947	12523
64948	12524
64949	12524
64950	12525
64951	12525
64952	12526
64953	12526
64954	12527
64955	12527
64956	12528
64957	12528
64958	12529
64959	12529
64960	12530
64961	12530
64962	12531
64963	12531
64964	12532
64965	12532
64966	12533
64967	12533
64968	12534
64969	12534
64970	12535
64971	12535
64972	12536
64973	12536
64974	12537
64975	12537
64976	12538
64977	12538
64978	12539
64979	12539
64980	12540
64981	12540
64982	12541
64983	12541
64984	12542
64985	12542
64986	12543
64987	12543
64988	12544
64989	12544
64990	12545
64991	12545
64992	12546
64993	12546
64994	12547
64995	12547
64996	12548
64997	12548
64998	12549
64999	12549
65000	12450
65001	12450
65002	12451
65003	12451
65004	12452
65005	12452
65006	12453
65007	12453
65008	12454
65009	12454
65010	12455
65011	12455
65012	12456
65013	12456
65014	12457
65015	12457
65016	12458
65017	12458
65018	12459
65019	12459
65020	12460
65021	12460
65022	12461
65023	12461
65024	12462
65025	12462
65026	12463
65027	12463
65028	12464
65029	12464
65030	12465
65031	12465
65032	12466
65033	12466
65034	12467
65035	12467
65036	12468
65037	12468
65038	12469
65039	12469
65040	12470
65041	12470
65042	12471
65043	12471
65044	12472
65045	12472
65046	12473
65047	12473
65048	12474
65049	12474
65050	12475
65051	12475
65052	12476
65053	12476
65054	12477
65055	12477
65056	12478
65057	12478
65058	12479
65059	12479
65060	12480
65061	12480
65062	12481
65063	12481
65064	12482
65065	12482
65066	12483
65067	12483
65068	12484
65069	12484
65070	12485
65071	12485
65072	12486
65073	12486
65074	12487
65075	12487
65076	12488
65077	12488
65078	12489
65079	12489
65080	12490
65081	12490
65082	12491
65083	12491
65084	12492
65085	12492
65086	12493
65087	12493
65088	12494
65089	12494
65090	12495
65091	12495
65092	12496
65093	12496
65094	12497
65095	12497
65096	12498
65097	12498
65098	12499
65099	12499
65100	12500
65101	12500
65102	12501
65103	12501
65104	12502
65105	12502
65106	12503
65107	12503
65108	12504
65109	12504
65110	12505
65111	12505
65112	12506
65113	12506
65114	12507
65115	12507
65116	12508
65117	12508
65118	12509
65119	12509
65120	12510
65121	12510
65122	12511
65123	12511
65124	12512
65125	12512
65126	12513
65127	12513
65128	12514
65129	12514
65130	12515
65131	12515
65132	12516
65133	12516
65134	12517
65135	12517
65136	12518
65137	12518
65138	12519
65139	12519
65140	12520
65141	12520
65142	12521
65143	12521
65144	12522
65145	12522
65146	12523
65147	12523
65148	12524
65149	12524
65150	12525
65151	12525
65152	12526
65153	12526
65154	12527
65155	12527
65156	12528
65157	12528
65158	12529
65159	12529
65160	12530
65161	12530
65162	12531
65163	12531
65164	12532
65165	12532
65166	12533
65167	12533
65168	12534
65169	12534
65170	12535
65171	12535
65172	12536
65173	12536
65174	12537
65175	12537
65176	12538
65177	12538
65178	12539
65179	12539
65180	12540
65181	12540
65182	12541
65183	12541
65184	12542
65185	12542
65186	12543
65187	12543
65188	12544
65189	12544
65190	12545
65191	12545
65192	12546
65193	12546
65194	12547
65195	12547
65196	12548
65197	12548
65198	12549
65199	12549
65200	12650
65201	12650
65202	12651
65203	12651
65204	12652
65205	12652
65206	12653
65207	12653
65208	12654
65209	12654
65210	12655
65211	12655
65212	12656
65213	12656
65214	12657
65215	12657
65216	12658
65217	12658
65218	12659
65219	12659
65220	12660
65221	12660
65222	12661
65223	12661
65224	12662
65225	12662
65226	12663
65227	12663
65228	12664
65229	12664
65230	12665
65231	12665
65232	12666
65233	12666
65234	12667
65235	12667
65236	12668
65237	12668
65238	12669
65239	12669
65240	12670
65241	12670
65242	12671
65243	12671
65244	12672
65245	12672
65246	12673
65247	12673
65248	12674
65249	12674
65250	12675
65251	12675
65252	12676
65253	12676
65254	12677
65255	12677
65256	12678
65257	12678
65258	12679
65259	12679
65260	12680
65261	12680
65262	12681
65263	12681
65264	12682
65265	12682
65266	12683
65267	12683
65268	12684
65269	12684
65270	12685
65271	12685
65272	12686
65273	12686
65274	12687
65275	12687
65276	12688
65277	12688
65278	12689
65279	12689
65280	12690
65281	12690
65282	12691
65283	12691
65284	12692
65285	12692
65286	12693
65287	12693
65288	12694
65289	12694
65290	12695
65291	12695
65292	12696
65293	12696
65294	12697
65295	12697
65296	12698
65297	12698
65298	12699
65299	12699
65300	12700
65301	12700
65302	12701
65303	12701
65304	12702
65305	12702
65306	12703
65307	12703
65308	12704
65309	12704
65310	12705
65311	12705
65312	12706
65313	12706
65314	12707
65315	12707
65316	12708
65317	12708
65318	12709
65319	12709
65320	12710
65321	12710
65322	12711
65323	12711
65324	12712
65325	12712
65326	12713
65327	12713
65328	12714
65329	12714
65330	12715
65331	12715
65332	12716
65333	12716
65334	12717
65335	12717
65336	12718
65337	12718
65338	12719
65339	12719
65340	12720
65341	12720
65342	12721
65343	12721
65344	12722
65345	12722
65346	12723
65347	12723
65348	12724
65349	12724
65350	12725
65351	12725
65352	12726
65353	12726
65354	12727
65355	12727
65356	12728
65357	12728
65358	12729
65359	12729
65360	12730
65361	12730
65362	12731
65363	12731
65364	12732
65365	12732
65366	12733
65367	12733
65368	12734
65369	12734
65370	12735
65371	12735
65372	12736
65373	12736
65374	12737
65375	12737
65376	12738
65377	12738
65378	12739
65379	12739
65380	12740
65381	12740
65382	12741
65383	12741
65384	12742
65385	12742
65386	12743
65387	12743
65388	12744
65389	12744
65390	12745
65391	12745
65392	12746
65393	12746
65394	12747
65395	12747
65396	12748
65397	12748
65398	12749
65399	12749
65400	12650
65401	12650
65402	12651
65403	12651
65404	12652
65405	12652
65406	12653
65407	12653
65408	12654
65409	12654
65410	12655
65411	12655
65412	12656
65413	12656
65414	12657
65415	12657
65416	12658
65417	12658
65418	12659
65419	12659
65420	12660
65421	12660
65422	12661
65423	12661
65424	12662
65425	12662
65426	12663
65427	12663
65428	12664
65429	12664
65430	12665
65431	12665
65432	12666
65433	12666
65434	12667
65435	12667
65436	12668
65437	12668
65438	12669
65439	12669
65440	12670
65441	12670
65442	12671
65443	12671
65444	12672
65445	12672
65446	12673
65447	12673
65448	12674
65449	12674
65450	12675
65451	12675
65452	12676
65453	12676
65454	12677
65455	12677
65456	12678
65457	12678
65458	12679
65459	12679
65460	12680
65461	12680
65462	12681
65463	12681
65464	12682
65465	12682
65466	12683
65467	12683
65468	12684
65469	12684
65470	12685
65471	12685
65472	12686
65473	12686
65474	12687
65475	12687
65476	12688
65477	12688
65478	12689
65479	12689
65480	12690
65481	12690
65482	12691
65483	12691
65484	12692
65485	12692
65486	12693
65487	12693
65488	12694
65489	12694
65490	12695
65491	12695
65492	12696
65493	12696
65494	12697
65495	12697
65496	12698
65497	12698
65498	12699
65499	12699
65500	12700
65501	12700
65502	12701
65503	12701
65504	12702
65505	12702
65506	12703
65507	12703
65508	12704
65509	12704
65510	12705
65511	12705
65512	12706
65513	12706
65514	12707
65515	12707
65516	12708
65517	12708
65518	12709
65519	12709
65520	12710
65521	12710
65522	12711
65523	12711
65524	12712
65525	12712
65526	12713
65527	12713
65528	12714
65529	12714
65530	12715
65531	12715
65532	12716
65533	12716
65534	12717
65535	12717
65536	12718
65537	12718
65538	12719
65539	12719
65540	12720
65541	12720
65542	12721
65543	12721
65544	12722
65545	12722
65546	12723
65547	12723
65548	12724
65549	12724
65550	12725
65551	12725
65552	12726
65553	12726
65554	12727
65555	12727
65556	12728
65557	12728
65558	12729
65559	12729
65560	12730
65561	12730
65562	12731
65563	12731
65564	12732
65565	12732
65566	12733
65567	12733
65568	12734
65569	12734
65570	12735
65571	12735
65572	12736
65573	12736
65574	12737
65575	12737
65576	12738
65577	12738
65578	12739
65579	12739
65580	12740
65581	12740
65582	12741
65583	12741
65584	12742
65585	12742
65586	12743
65587	12743
65588	12744
65589	12744
65590	12745
65591	12745
65592	12746
65593	12746
65594	12747
65595	12747
65596	12748
65597	12748
65598	12749
65599	12749
65600	12850
65601	12850
65602	12851
65603	12851
65604	12852
65605	12852
65606	12853
65607	12853
65608	12854
65609	12854
65610	12855
65611	12855
65612	12856
65613	12856
65614	12857
65615	12857
65616	12858
65617	12858
65618	12859
65619	12859
65620	12860
65621	12860
65622	12861
65623	12861
65624	12862
65625	12862
65626	12863
65627	12863
65628	12864
65629	12864
65630	12865
65631	12865
65632	12866
65633	12866
65634	12867
65635	12867
65636	12868
65637	12868
65638	12869
65639	12869
65640	12870
65641	12870
65642	12871
65643	12871
65644	12872
65645	12872
65646	12873
65647	12873
65648	12874
65649	12874
65650	12875
65651	12875
65652	12876
65653	12876
65654	12877
65655	12877
65656	12878
65657	12878
65658	12879
65659	12879
65660	12880
65661	12880
65662	12881
65663	12881
65664	12882
65665	12882
65666	12883
65667	12883
65668	12884
65669	12884
65670	12885
65671	12885
65672	12886
65673	12886
65674	12887
65675	12887
65676	12888
65677	12888
65678	12889
65679	12889
65680	12890
65681	12890
65682	12891
65683	12891
65684	12892
65685	12892
65686	12893
65687	12893
65688	12894
65689	12894
65690	12895
65691	12895
65692	12896
65693	12896
65694	12897
65695	12897
65696	12898
65697	12898
65698	12899
65699	12899
65700	12900
65701	12900
65702	12901
65703	12901
65704	12902
65705	12902
65706	12903
65707	12903
65708	12904
65709	12904
65710	12905
65711	12905
65712	12906
65713	12906
65714	12907
65715	12907
65716	12908
65717	12908
65718	12909
65719	12909
65720	12910
65721	12910
65722	12911
65723	12911
65724	12912
65725	12912
65726	12913
65727	12913
65728	12914
65729	12914
65730	12915
65731	12915
65732	12916
65733	12916
65734	12917
65735	12917
65736	12918
65737	12918
65738	12919
65739	12919
65740	12920
65741	12920
65742	12921
65743	12921
65744	12922
65745	12922
65746	12923
65747	12923
65748	12924
65749	12924
65750	12925
65751	12925
65752	12926
65753	12926
65754	12927
65755	12927
65756	12928
65757	12928
65758	12929
65759	12929
65760	12930
65761	12930
65762	12931
65763	12931
65764	12932
65765	12932
65766	12933
65767	12933
65768	12934
65769	12934
65770	12935
65771	12935
65772	12936
65773	12936
65774	12937
65775	12937
65776	12938
65777	12938
65778	12939
65779	12939
65780	12940
65781	12940
65782	12941
65783	12941
65784	12942
65785	12942
65786	12943
65787	12943
65788	12944
65789	12944
65790	12945
65791	12945
65792	12946
65793	12946
65794	12947
65795	12947
65796	12948
65797	12948
65798	12949
65799	12949
65800	12850
65801	12850
65802	12851
65803	12851
65804	12852
65805	12852
65806	12853
65807	12853
65808	12854
65809	12854
65810	12855
65811	12855
65812	12856
65813	12856
65814	12857
65815	12857
65816	12858
65817	12858
65818	12859
65819	12859
65820	12860
65821	12860
65822	12861
65823	12861
65824	12862
65825	12862
65826	12863
65827	12863
65828	12864
65829	12864
65830	12865
65831	12865
65832	12866
65833	12866
65834	12867
65835	12867
65836	12868
65837	12868
65838	12869
65839	12869
65840	12870
65841	12870
65842	12871
65843	12871
65844	12872
65845	12872
65846	12873
65847	12873
65848	12874
65849	12874
65850	12875
65851	12875
65852	12876
65853	12876
65854	12877
65855	12877
65856	12878
65857	12878
65858	12879
65859	12879
65860	12880
65861	12880
65862	12881
65863	12881
65864	12882
65865	12882
65866	12883
65867	12883
65868	12884
65869	12884
65870	12885
65871	12885
65872	12886
65873	12886
65874	12887
65875	12887
65876	12888
65877	12888
65878	12889
65879	12889
65880	12890
65881	12890
65882	12891
65883	12891
65884	12892
65885	12892
65886	12893
65887	12893
65888	12894
65889	12894
65890	12895
65891	12895
65892	12896
65893	12896
65894	12897
65895	12897
65896	12898
65897	12898
65898	12899
65899	12899
65900	12900
65901	12900
65902	12901
65903	12901
65904	12902
65905	12902
65906	12903
65907	12903
65908	12904
65909	12904
65910	12905
65911	12905
65912	12906
65913	12906
65914	12907
65915	12907
65916	12908
65917	12908
65918	12909
65919	12909
65920	12910
65921	12910
65922	12911
65923	12911
65924	12912
65925	12912
65926	12913
65927	12913
65928	12914
65929	12914
65930	12915
65931	12915
65932	12916
65933	12916
65934	12917
65935	12917
65936	12918
65937	12918
65938	12919
65939	12919
65940	12920
65941	12920
65942	12921
65943	12921
65944	12922
65945	12922
65946	12923
65947	12923
65948	12924
65949	12924
65950	12925
65951	12925
65952	12926
65953	12926
65954	12927
65955	12927
65956	12928
65957	12928
65958	12929
65959	12929
65960	12930
65961	12930
65962	12931
65963	12931
65964	12932
65965	12932
65966	12933
65967	12933
65968	12934
65969	12934
65970	12935
65971	12935
65972	12936
65973	12936
65974	12937
65975	12937
65976	12938
65977	12938
65978	12939
65979	12939
65980	12940
65981	12940
65982	12941
65983	12941
65984	12942
65985	12942
65986	12943
65987	12943
65988	12944
65989	12944
65990	12945
65991	12945
65992	12946
65993	12946
65994	12947
65995	12947
65996	12948
65997	12948
65998	12949
65999	12949
66000	13050
66001	13050
66002	13051
66003	13051
66004	13052
66005	13052
66006	13053
66007	13053
66008	13054
66009	13054
66010	13055
66011	13055
66012	13056
66013	13056
66014	13057
66015	13057
66016	13058
66017	13058
66018	13059
66019	13059
66020	13060
66021	13060
66022	13061
66023	13061
66024	13062
66025	13062
66026	13063
66027	13063
66028	13064
66029	13064
66030	13065
66031	13065
66032	13066
66033	13066
66034	13067
66035	13067
66036	13068
66037	13068
66038	13069
66039	13069
66040	13070
66041	13070
66042	13071
66043	13071
66044	13072
66045	13072
66046	13073
66047	13073
66048	13074
66049	13074
66050	13075
66051	13075
66052	13076
66053	13076
66054	13077
66055	13077
66056	13078
66057	13078
66058	13079
66059	13079
66060	13080
66061	13080
66062	13081
66063	13081
66064	13082
66065	13082
66066	13083
66067	13083
66068	13084
66069	13084
66070	13085
66071	13085
66072	13086
66073	13086
66074	13087
66075	13087
66076	13088
66077	13088
66078	13089
66079	13089
66080	13090
66081	13090
66082	13091
66083	13091
66084	13092
66085	13092
66086	13093
66087	13093
66088	13094
66089	13094
66090	13095
66091	13095
66092	13096
66093	13096
66094	13097
66095	13097
66096	13098
66097	13098
66098	13099
66099	13099
66100	13100
66101	13100
66102	13101
66103	13101
66104	13102
66105	13102
66106	13103
66107	13103
66108	13104
66109	13104
66110	13105
66111	13105
66112	13106
66113	13106
66114	13107
66115	13107
66116	13108
66117	13108
66118	13109
66119	13109
66120	13110
66121	13110
66122	13111
66123	13111
66124	13112
66125	13112
66126	13113
66127	13113
66128	13114
66129	13114
66130	13115
66131	13115
66132	13116
66133	13116
66134	13117
66135	13117
66136	13118
66137	13118
66138	13119
66139	13119
66140	13120
66141	13120
66142	13121
66143	13121
66144	13122
66145	13122
66146	13123
66147	13123
66148	13124
66149	13124
66150	13125
66151	13125
66152	13126
66153	13126
66154	13127
66155	13127
66156	13128
66157	13128
66158	13129
66159	13129
66160	13130
66161	13130
66162	13131
66163	13131
66164	13132
66165	13132
66166	13133
66167	13133
66168	13134
66169	13134
66170	13135
66171	13135
66172	13136
66173	13136
66174	13137
66175	13137
66176	13138
66177	13138
66178	13139
66179	13139
66180	13140
66181	13140
66182	13141
66183	13141
66184	13142
66185	13142
66186	13143
66187	13143
66188	13144
66189	13144
66190	13145
66191	13145
66192	13146
66193	13146
66194	13147
66195	13147
66196	13148
66197	13148
66198	13149
66199	13149
66200	13050
66201	13050
66202	13051
66203	13051
66204	13052
66205	13052
66206	13053
66207	13053
66208	13054
66209	13054
66210	13055
66211	13055
66212	13056
66213	13056
66214	13057
66215	13057
66216	13058
66217	13058
66218	13059
66219	13059
66220	13060
66221	13060
66222	13061
66223	13061
66224	13062
66225	13062
66226	13063
66227	13063
66228	13064
66229	13064
66230	13065
66231	13065
66232	13066
66233	13066
66234	13067
66235	13067
66236	13068
66237	13068
66238	13069
66239	13069
66240	13070
66241	13070
66242	13071
66243	13071
66244	13072
66245	13072
66246	13073
66247	13073
66248	13074
66249	13074
66250	13075
66251	13075
66252	13076
66253	13076
66254	13077
66255	13077
66256	13078
66257	13078
66258	13079
66259	13079
66260	13080
66261	13080
66262	13081
66263	13081
66264	13082
66265	13082
66266	13083
66267	13083
66268	13084
66269	13084
66270	13085
66271	13085
66272	13086
66273	13086
66274	13087
66275	13087
66276	13088
66277	13088
66278	13089
66279	13089
66280	13090
66281	13090
66282	13091
66283	13091
66284	13092
66285	13092
66286	13093
66287	13093
66288	13094
66289	13094
66290	13095
66291	13095
66292	13096
66293	13096
66294	13097
66295	13097
66296	13098
66297	13098
66298	13099
66299	13099
66300	13100
66301	13100
66302	13101
66303	13101
66304	13102
66305	13102
66306	13103
66307	13103
66308	13104
66309	13104
66310	13105
66311	13105
66312	13106
66313	13106
66314	13107
66315	13107
66316	13108
66317	13108
66318	13109
66319	13109
66320	13110
66321	13110
66322	13111
66323	13111
66324	13112
66325	13112
66326	13113
66327	13113
66328	13114
66329	13114
66330	13115
66331	13115
66332	13116
66333	13116
66334	13117
66335	13117
66336	13118
66337	13118
66338	13119
66339	13119
66340	13120
66341	13120
66342	13121
66343	13121
66344	13122
66345	13122
66346	13123
66347	13123
66348	13124
66349	13124
66350	13125
66351	13125
66352	13126
66353	13126
66354	13127
66355	13127
66356	13128
66357	13128
66358	13129
66359	13129
66360	13130
66361	13130
66362	13131
66363	13131
66364	13132
66365	13132
66366	13133
66367	13133
66368	13134
66369	13134
66370	13135
66371	13135
66372	13136
66373	13136
66374	13137
66375	13137
66376	13138
66377	13138
66378	13139
66379	13139
66380	13140
66381	13140
66382	13141
66383	13141
66384	13142
66385	13142
66386	13143
66387	13143
66388	13144
66389	13144
66390	13145
66391	13145
66392	13146
66393	13146
66394	13147
66395	13147
66396	13148
66397	13148
66398	13149
66399	13149
66400	13250
66401	13250
66402	13251
66403	13251
66404	13252
66405	13252
66406	13253
66407	13253
66408	13254
66409	13254
66410	13255
66411	13255
66412	13256
66413	13256
66414	13257
66415	13257
66416	13258
66417	13258
66418	13259
66419	13259
66420	13260
66421	13260
66422	13261
66423	13261
66424	13262
66425	13262
66426	13263
66427	13263
66428	13264
66429	13264
66430	13265
66431	13265
66432	13266
66433	13266
66434	13267
66435	13267
66436	13268
66437	13268
66438	13269
66439	13269
66440	13270
66441	13270
66442	13271
66443	13271
66444	13272
66445	13272
66446	13273
66447	13273
66448	13274
66449	13274
66450	13275
66451	13275
66452	13276
66453	13276
66454	13277
66455	13277
66456	13278
66457	13278
66458	13279
66459	13279
66460	13280
66461	13280
66462	13281
66463	13281
66464	13282
66465	13282
66466	13283
66467	13283
66468	13284
66469	13284
66470	13285
66471	13285
66472	13286
66473	13286
66474	13287
66475	13287
66476	13288
66477	13288
66478	13289
66479	13289
66480	13290
66481	13290
66482	13291
66483	13291
66484	13292
66485	13292
66486	13293
66487	13293
66488	13294
66489	13294
66490	13295
66491	13295
66492	13296
66493	13296
66494	13297
66495	13297
66496	13298
66497	13298
66498	13299
66499	13299
66500	13300
66501	13300
66502	13301
66503	13301
66504	13302
66505	13302
66506	13303
66507	13303
66508	13304
66509	13304
66510	13305
66511	13305
66512	13306
66513	13306
66514	13307
66515	13307
66516	13308
66517	13308
66518	13309
66519	13309
66520	13310
66521	13310
66522	13311
66523	13311
66524	13312
66525	13312
66526	13313
66527	13313
66528	13314
66529	13314
66530	13315
66531	13315
66532	13316
66533	13316
66534	13317
66535	13317
66536	13318
66537	13318
66538	13319
66539	13319
66540	13320
66541	13320
66542	13321
66543	13321
66544	13322
66545	13322
66546	13323
66547	13323
66548	13324
66549	13324
66550	13325
66551	13325
66552	13326
66553	13326
66554	13327
66555	13327
66556	13328
66557	13328
66558	13329
66559	13329
66560	13330
66561	13330
66562	13331
66563	13331
66564	13332
66565	13332
66566	13333
66567	13333
66568	13334
66569	13334
66570	13335
66571	13335
66572	13336
66573	13336
66574	13337
66575	13337
66576	13338
66577	13338
66578	13339
66579	13339
66580	13340
66581	13340
66582	13341
66583	13341
66584	13342
66585	13342
66586	13343
66587	13343
66588	13344
66589	13344
66590	13345
66591	13345
66592	13346
66593	13346
66594	13347
66595	13347
66596	13348
66597	13348
66598	13349
66599	13349
66600	13250
66601	13250
66602	13251
66603	13251
66604	13252
66605	13252
66606	13253
66607	13253
66608	13254
66609	13254
66610	13255
66611	13255
66612	13256
66613	13256
66614	13257
66615	13257
66616	13258
66617	13258
66618	13259
66619	13259
66620	13260
66621	13260
66622	13261
66623	13261
66624	13262
66625	13262
66626	13263
66627	13263
66628	13264
66629	13264
66630	13265
66631	13265
66632	13266
66633	13266
66634	13267
66635	13267
66636	13268
66637	13268
66638	13269
66639	13269
66640	13270
66641	13270
66642	13271
66643	13271
66644	13272
66645	13272
66646	13273
66647	13273
66648	13274
66649	13274
66650	13275
66651	13275
66652	13276
66653	13276
66654	13277
66655	13277
66656	13278
66657	13278
66658	13279
66659	13279
66660	13280
66661	13280
66662	13281
66663	13281
66664	13282
66665	13282
66666	13283
66667	13283
66668	13284
66669	13284
66670	13285
66671	13285
66672	13286
66673	13286
66674	13287
66675	13287
66676	13288
66677	13288
66678	13289
66679	13289
66680	13290
66681	13290
66682	13291
66683	13291
66684	13292
66685	13292
66686	13293
66687	13293
66688	13294
66689	13294
66690	13295
66691	13295
66692	13296
66693	13296
66694	13297
66695	13297
66696	13298
66697	13298
66698	13299
66699	13299
66700	13300
66701	13300
66702	13301
66703	13301
66704	13302
66705	13302
66706	13303
66707	13303
66708	13304
66709	13304
66710	13305
66711	13305
66712	13306
66713	13306
66714	13307
66715	13307
66716	13308
66717	13308
66718	13309
66719	13309
66720	13310
66721	13310
66722	13311
66723	13311
66724	13312
66725	13312
66726	13313
66727	13313
66728	13314
66729	13314
66730	13315
66731	13315
66732	13316
66733	13316
66734	13317
66735	13317
66736	13318
66737	13318
66738	13319
66739	13319
66740	13320
66741	13320
66742	13321
66743	13321
66744	13322
66745	13322
66746	13323
66747	13323
66748	13324
66749	13324
66750	13325
66751	13325
66752	13326
66753	13326
66754	13327
66755	13327
66756	13328
66757	13328
66758	13329
66759	13329
66760	13330
66761	13330
66762	13331
66763	13331
66764	13332
66765	13332
66766	13333
66767	13333
66768	13334
66769	13334
66770	13335
66771	13335
66772	13336
66773	13336
66774	13337
66775	13337
66776	13338
66777	13338
66778	13339
66779	13339
66780	13340
66781	13340
66782	13341
66783	13341
66784	13342
66785	13342
66786	13343
66787	13343
66788	13344
66789	13344
66790	13345
66791	13345
66792	13346
66793	13346
66794	13347
66795	13347
66796	13348
66797	13348
66798	13349
66799	13349
66800	13450
66801	13450
66802	13451
66803	13451
66804	13452
66805	13452
66806	13453
66807	13453
66808	13454
66809	13454
66810	13455
66811	13455
66812	13456
66813	13456
66814	13457
66815	13457
66816	13458
66817	13458
66818	13459
66819	13459
66820	13460
66821	13460
66822	13461
66823	13461
66824	13462
66825	13462
66826	13463
66827	13463
66828	13464
66829	13464
66830	13465
66831	13465
66832	13466
66833	13466
66834	13467
66835	13467
66836	13468
66837	13468
66838	13469
66839	13469
66840	13470
66841	13470
66842	13471
66843	13471
66844	13472
66845	13472
66846	13473
66847	13473
66848	13474
66849	13474
66850	13475
66851	13475
66852	13476
66853	13476
66854	13477
66855	13477
66856	13478
66857	13478
66858	13479
66859	13479
66860	13480
66861	13480
66862	13481
66863	13481
66864	13482
66865	13482
66866	13483
66867	13483
66868	13484
66869	13484
66870	13485
66871	13485
66872	13486
66873	13486
66874	13487
66875	13487
66876	13488
66877	13488
66878	13489
66879	13489
66880	13490
66881	13490
66882	13491
66883	13491
66884	13492
66885	13492
66886	13493
66887	13493
66888	13494
66889	13494
66890	13495
66891	13495
66892	13496
66893	13496
66894	13497
66895	13497
66896	13498
66897	13498
66898	13499
66899	13499
66900	13500
66901	13500
66902	13501
66903	13501
66904	13502
66905	13502
66906	13503
66907	13503
66908	13504
66909	13504
66910	13505
66911	13505
66912	13506
66913	13506
66914	13507
66915	13507
66916	13508
66917	13508
66918	13509
66919	13509
66920	13510
66921	13510
66922	13511
66923	13511
66924	13512
66925	13512
66926	13513
66927	13513
66928	13514
66929	13514
66930	13515
66931	13515
66932	13516
66933	13516
66934	13517
66935	13517
66936	13518
66937	13518
66938	13519
66939	13519
66940	13520
66941	13520
66942	13521
66943	13521
66944	13522
66945	13522
66946	13523
66947	13523
66948	13524
66949	13524
66950	13525
66951	13525
66952	13526
66953	13526
66954	13527
66955	13527
66956	13528
66957	13528
66958	13529
66959	13529
66960	13530
66961	13530
66962	13531
66963	13531
66964	13532
66965	13532
66966	13533
66967	13533
66968	13534
66969	13534
66970	13535
66971	13535
66972	13536
66973	13536
66974	13537
66975	13537
66976	13538
66977	13538
66978	13539
66979	13539
66980	13540
66981	13540
66982	13541
66983	13541
66984	13542
66985	13542
66986	13543
66987	13543
66988	13544
66989	13544
66990	13545
66991	13545
66992	13546
66993	13546
66994	13547
66995	13547
66996	13548
66997	13548
66998	13549
66999	13549
67000	13450
67001	13450
67002	13451
67003	13451
67004	13452
67005	13452
67006	13453
67007	13453
67008	13454
67009	13454
67010	13455
67011	13455
67012	13456
67013	13456
67014	13457
67015	13457
67016	13458
67017	13458
67018	13459
67019	13459
67020	13460
67021	13460
67022	13461
67023	13461
67024	13462
67025	13462
67026	13463
67027	13463
67028	13464
67029	13464
67030	13465
67031	13465
67032	13466
67033	13466
67034	13467
67035	13467
67036	13468
67037	13468
67038	13469
67039	13469
67040	13470
67041	13470
67042	13471
67043	13471
67044	13472
67045	13472
67046	13473
67047	13473
67048	13474
67049	13474
67050	13475
67051	13475
67052	13476
67053	13476
67054	13477
67055	13477
67056	13478
67057	13478
67058	13479
67059	13479
67060	13480
67061	13480
67062	13481
67063	13481
67064	13482
67065	13482
67066	13483
67067	13483
67068	13484
67069	13484
67070	13485
67071	13485
67072	13486
67073	13486
67074	13487
67075	13487
67076	13488
67077	13488
67078	13489
67079	13489
67080	13490
67081	13490
67082	13491
67083	13491
67084	13492
67085	13492
67086	13493
67087	13493
67088	13494
67089	13494
67090	13495
67091	13495
67092	13496
67093	13496
67094	13497
67095	13497
67096	13498
67097	13498
67098	13499
67099	13499
67100	13500
67101	13500
67102	13501
67103	13501
67104	13502
67105	13502
67106	13503
67107	13503
67108	13504
67109	13504
67110	13505
67111	13505
67112	13506
67113	13506
67114	13507
67115	13507
67116	13508
67117	13508
67118	13509
67119	13509
67120	13510
67121	13510
67122	13511
67123	13511
67124	13512
67125	13512
67126	13513
67127	13513
67128	13514
67129	13514
67130	13515
67131	13515
67132	13516
67133	13516
67134	13517
67135	13517
67136	13518
67137	13518
67138	13519
67139	13519
67140	13520
67141	13520
67142	13521
67143	13521
67144	13522
67145	13522
67146	13523
67147	13523
67148	13524
67149	13524
67150	13525
67151	13525
67152	13526
67153	13526
67154	13527
67155	13527
67156	13528
67157	13528
67158	13529
67159	13529
67160	13530
67161	13530
67162	13531
67163	13531
67164	13532
67165	13532
67166	13533
67167	13533
67168	13534
67169	13534
67170	13535
67171	13535
67172	13536
67173	13536
67174	13537
67175	13537
67176	13538
67177	13538
67178	13539
67179	13539
67180	13540
67181	13540
67182	13541
67183	13541
67184	13542
67185	13542
67186	13543
67187	13543
67188	13544
67189	13544
67190	13545
67191	13545
67192	13546
67193	13546
67194	13547
67195	13547
67196	13548
67197	13548
67198	13549
67199	13549
67200	13650
67201	13650
67202	13651
67203	13651
67204	13652
67205	13652
67206	13653
67207	13653
67208	13654
67209	13654
67210	13655
67211	13655
67212	13656
67213	13656
67214	13657
67215	13657
67216	13658
67217	13658
67218	13659
67219	13659
67220	13660
67221	13660
67222	13661
67223	13661
67224	13662
67225	13662
67226	13663
67227	13663
67228	13664
67229	13664
67230	13665
67231	13665
67232	13666
67233	13666
67234	13667
67235	13667
67236	13668
67237	13668
67238	13669
67239	13669
67240	13670
67241	13670
67242	13671
67243	13671
67244	13672
67245	13672
67246	13673
67247	13673
67248	13674
67249	13674
67250	13675
67251	13675
67252	13676
67253	13676
67254	13677
67255	13677
67256	13678
67257	13678
67258	13679
67259	13679
67260	13680
67261	13680
67262	13681
67263	13681
67264	13682
67265	13682
67266	13683
67267	13683
67268	13684
67269	13684
67270	13685
67271	13685
67272	13686
67273	13686
67274	13687
67275	13687
67276	13688
67277	13688
67278	13689
67279	13689
67280	13690
67281	13690
67282	13691
67283	13691
67284	13692
67285	13692
67286	13693
67287	13693
67288	13694
67289	13694
67290	13695
67291	13695
67292	13696
67293	13696
67294	13697
67295	13697
67296	13698
67297	13698
67298	13699
67299	13699
67300	13700
67301	13700
67302	13701
67303	13701
67304	13702
67305	13702
67306	13703
67307	13703
67308	13704
67309	13704
67310	13705
67311	13705
67312	13706
67313	13706
67314	13707
67315	13707
67316	13708
67317	13708
67318	13709
67319	13709
67320	13710
67321	13710
67322	13711
67323	13711
67324	13712
67325	13712
67326	13713
67327	13713
67328	13714
67329	13714
67330	13715
67331	13715
67332	13716
67333	13716
67334	13717
67335	13717
67336	13718
67337	13718
67338	13719
67339	13719
67340	13720
67341	13720
67342	13721
67343	13721
67344	13722
67345	13722
67346	13723
67347	13723
67348	13724
67349	13724
67350	13725
67351	13725
67352	13726
67353	13726
67354	13727
67355	13727
67356	13728
67357	13728
67358	13729
67359	13729
67360	13730
67361	13730
67362	13731
67363	13731
67364	13732
67365	13732
67366	13733
67367	13733
67368	13734
67369	13734
67370	13735
67371	13735
67372	13736
67373	13736
67374	13737
67375	13737
67376	13738
67377	13738
67378	13739
67379	13739
67380	13740
67381	13740
67382	13741
67383	13741
67384	13742
67385	13742
67386	13743
67387	13743
67388	13744
67389	13744
67390	13745
67391	13745
67392	13746
67393	13746
67394	13747
67395	13747
67396	13748
67397	13748
67398	13749
67399	13749
67400	13650
67401	13650
67402	13651
67403	13651
67404	13652
67405	13652
67406	13653
67407	13653
67408	13654
67409	13654
67410	13655
67411	13655
67412	13656
67413	13656
67414	13657
67415	13657
67416	13658
67417	13658
67418	13659
67419	13659
67420	13660
67421	13660
67422	13661
67423	13661
67424	13662
67425	13662
67426	13663
67427	13663
67428	13664
67429	13664
67430	13665
67431	13665
67432	13666
67433	13666
67434	13667
67435	13667
67436	13668
67437	13668
67438	13669
67439	13669
67440	13670
67441	13670
67442	13671
67443	13671
67444	13672
67445	13672
67446	13673
67447	13673
67448	13674
67449	13674
67450	13675
67451	13675
67452	13676
67453	13676
67454	13677
67455	13677
67456	13678
67457	13678
67458	13679
67459	13679
67460	13680
67461	13680
67462	13681
67463	13681
67464	13682
67465	13682
67466	13683
67467	13683
67468	13684
67469	13684
67470	13685
67471	13685
67472	13686
67473	13686
67474	13687
67475	13687
67476	13688
67477	13688
67478	13689
67479	13689
67480	13690
67481	13690
67482	13691
67483	13691
67484	13692
67485	13692
67486	13693
67487	13693
67488	13694
67489	13694
67490	13695
67491	13695
67492	13696
67493	13696
67494	13697
67495	13697
67496	13698
67497	13698
67498	13699
67499	13699
67500	13700
67501	13700
67502	13701
67503	13701
67504	13702
67505	13702
67506	13703
67507	13703
67508	13704
67509	13704
67510	13705
67511	13705
67512	13706
67513	13706
67514	13707
67515	13707
67516	13708
67517	13708
67518	13709
67519	13709
67520	13710
67521	13710
67522	13711
67523	13711
67524	13712
67525	13712
67526	13713
67527	13713
67528	13714
67529	13714
67530	13715
67531	13715
67532	13716
67533	13716
67534	13717
67535	13717
67536	13718
67537	13718
67538	13719
67539	13719
67540	13720
67541	13720
67542	13721
67543	13721
67544	13722
67545	13722
67546	13723
67547	13723
67548	13724
67549	13724
67550	13725
67551	13725
67552	13726
67553	13726
67554	13727
67555	13727
67556	13728
67557	13728
67558	13729
67559	13729
67560	13730
67561	13730
67562	13731
67563	13731
67564	13732
67565	13732
67566	13733
67567	13733
67568	13734
67569	13734
67570	13735
67571	13735
67572	13736
67573	13736
67574	13737
67575	13737
67576	13738
67577	13738
67578	13739
67579	13739
67580	13740
67581	13740
67582	13741
67583	13741
67584	13742
67585	13742
67586	13743
67587	13743
67588	13744
67589	13744
67590	13745
67591	13745
67592	13746
67593	13746
67594	13747
67595	13747
67596	13748
67597	13748
67598	13749
67599	13749
67600	13850
67601	13850
67602	13851
67603	13851
67604	13852
67605	13852
67606	13853
67607	13853
67608	13854
67609	13854
67610	13855
67611	13855
67612	13856
67613	13856
67614	13857
67615	13857
67616	13858
67617	13858
67618	13859
67619	13859
67620	13860
67621	13860
67622	13861
67623	13861
67624	13862
67625	13862
67626	13863
67627	13863
67628	13864
67629	13864
67630	13865
67631	13865
67632	13866
67633	13866
67634	13867
67635	13867
67636	13868
67637	13868
67638	13869
67639	13869
67640	13870
67641	13870
67642	13871
67643	13871
67644	13872
67645	13872
67646	13873
67647	13873
67648	13874
67649	13874
67650	13875
67651	13875
67652	13876
67653	13876
67654	13877
67655	13877
67656	13878
67657	13878
67658	13879
67659	13879
67660	13880
67661	13880
67662	13881
67663	13881
67664	13882
67665	13882
67666	13883
67667	13883
67668	13884
67669	13884
67670	13885
67671	13885
67672	13886
67673	13886
67674	13887
67675	13887
67676	13888
67677	13888
67678	13889
67679	13889
67680	13890
67681	13890
67682	13891
67683	13891
67684	13892
67685	13892
67686	13893
67687	13893
67688	13894
67689	13894
67690	13895
67691	13895
67692	13896
67693	13896
67694	13897
67695	13897
67696	13898
67697	13898
67698	13899
67699	13899
67700	13900
67701	13900
67702	13901
67703	13901
67704	13902
67705	13902
67706	13903
67707	13903
67708	13904
67709	13904
67710	13905
67711	13905
67712	13906
67713	13906
67714	13907
67715	13907
67716	13908
67717	13908
67718	13909
67719	13909
67720	13910
67721	13910
67722	13911
67723	13911
67724	13912
67725	13912
67726	13913
67727	13913
67728	13914
67729	13914
67730	13915
67731	13915
67732	13916
67733	13916
67734	13917
67735	13917
67736	13918
67737	13918
67738	13919
67739	13919
67740	13920
67741	13920
67742	13921
67743	13921
67744	13922
67745	13922
67746	13923
67747	13923
67748	13924
67749	13924
67750	13925
67751	13925
67752	13926
67753	13926
67754	13927
67755	13927
67756	13928
67757	13928
67758	13929
67759	13929
67760	13930
67761	13930
67762	13931
67763	13931
67764	13932
67765	13932
67766	13933
67767	13933
67768	13934
67769	13934
67770	13935
67771	13935
67772	13936
67773	13936
67774	13937
67775	13937
67776	13938
67777	13938
67778	13939
67779	13939
67780	13940
67781	13940
67782	13941
67783	13941
67784	13942
67785	13942
67786	13943
67787	13943
67788	13944
67789	13944
67790	13945
67791	13945
67792	13946
67793	13946
67794	13947
67795	13947
67796	13948
67797	13948
67798	13949
67799	13949
67800	13850
67801	13850
67802	13851
67803	13851
67804	13852
67805	13852
67806	13853
67807	13853
67808	13854
67809	13854
67810	13855
67811	13855
67812	13856
67813	13856
67814	13857
67815	13857
67816	13858
67817	13858
67818	13859
67819	13859
67820	13860
67821	13860
67822	13861
67823	13861
67824	13862
67825	13862
67826	13863
67827	13863
67828	13864
67829	13864
67830	13865
67831	13865
67832	13866
67833	13866
67834	13867
67835	13867
67836	13868
67837	13868
67838	13869
67839	13869
67840	13870
67841	13870
67842	13871
67843	13871
67844	13872
67845	13872
67846	13873
67847	13873
67848	13874
67849	13874
67850	13875
67851	13875
67852	13876
67853	13876
67854	13877
67855	13877
67856	13878
67857	13878
67858	13879
67859	13879
67860	13880
67861	13880
67862	13881
67863	13881
67864	13882
67865	13882
67866	13883
67867	13883
67868	13884
67869	13884
67870	13885
67871	13885
67872	13886
67873	13886
67874	13887
67875	13887
67876	13888
67877	13888
67878	13889
67879	13889
67880	13890
67881	13890
67882	13891
67883	13891
67884	13892
67885	13892
67886	13893
67887	13893
67888	13894
67889	13894
67890	13895
67891	13895
67892	13896
67893	13896
67894	13897
67895	13897
67896	13898
67897	13898
67898	13899
67899	13899
67900	13900
67901	13900
67902	13901
67903	13901
67904	13902
67905	13902
67906	13903
67907	13903
67908	13904
67909	13904
67910	13905
67911	13905
67912	13906
67913	13906
67914	13907
67915	13907
67916	13908
67917	13908
67918	13909
67919	13909
67920	13910
67921	13910
67922	13911
67923	13911
67924	13912
67925	13912
67926	13913
67927	13913
67928	13914
67929	13914
67930	13915
67931	13915
67932	13916
67933	13916
67934	13917
67935	13917
67936	13918
67937	13918
67938	13919
67939	13919
67940	13920
67941	13920
67942	13921
67943	13921
67944	13922
67945	13922
67946	13923
67947	13923
67948	13924
67949	13924
67950	13925
67951	13925
67952	13926
67953	13926
67954	13927
67955	13927
67956	13928
67957	13928
67958	13929
67959	13929
67960	13930
67961	13930
67962	13931
67963	13931
67964	13932
67965	13932
67966	13933
67967	13933
67968	13934
67969	13934
67970	13935
67971	13935
67972	13936
67973	13936
67974	13937
67975	13937
67976	13938
67977	13938
67978	13939
67979	13939
67980	13940
67981	13940
67982	13941
67983	13941
67984	13942
67985	13942
67986	13943
67987	13943
67988	13944
67989	13944
67990	13945
67991	13945
67992	13946
67993	13946
67994	13947
67995	13947
67996	13948
67997	13948
67998	13949
67999	13949
68000	14050
68001	14050
68002	14051
68003	14051
68004	14052
68005	14052
68006	14053
68007	14053
68008	14054
68009	14054
68010	14055
68011	14055
68012	14056
68013	14056
68014	14057
68015	14057
68016	14058
68017	14058
68018	14059
68019	14059
68020	14060
68021	14060
68022	14061
68023	14061
68024	14062
68025	14062
68026	14063
68027	14063
68028	14064
68029	14064
68030	14065
68031	14065
68032	14066
68033	14066
68034	14067
68035	14067
68036	14068
68037	14068
68038	14069
68039	14069
68040	14070
68041	14070
68042	14071
68043	14071
68044	14072
68045	14072
68046	14073
68047	14073
68048	14074
68049	14074
68050	14075
68051	14075
68052	14076
68053	14076
68054	14077
68055	14077
68056	14078
68057	14078
68058	14079
68059	14079
68060	14080
68061	14080
68062	14081
68063	14081
68064	14082
68065	14082
68066	14083
68067	14083
68068	14084
68069	14084
68070	14085
68071	14085
68072	14086
68073	14086
68074	14087
68075	14087
68076	14088
68077	14088
68078	14089
68079	14089
68080	14090
68081	14090
68082	14091
68083	14091
68084	14092
68085	14092
68086	14093
68087	14093
68088	14094
68089	14094
68090	14095
68091	14095
68092	14096
68093	14096
68094	14097
68095	14097
68096	14098
68097	14098
68098	14099
68099	14099
68100	14100
68101	14100
68102	14101
68103	14101
68104	14102
68105	14102
68106	14103
68107	14103
68108	14104
68109	14104
68110	14105
68111	14105
68112	14106
68113	14106
68114	14107
68115	14107
68116	14108
68117	14108
68118	14109
68119	14109
68120	14110
68121	14110
68122	14111
68123	14111
68124	14112
68125	14112
68126	14113
68127	14113
68128	14114
68129	14114
68130	14115
68131	14115
68132	14116
68133	14116
68134	14117
68135	14117
68136	14118
68137	14118
68138	14119
68139	14119
68140	14120
68141	14120
68142	14121
68143	14121
68144	14122
68145	14122
68146	14123
68147	14123
68148	14124
68149	14124
68150	14125
68151	14125
68152	14126
68153	14126
68154	14127
68155	14127
68156	14128
68157	14128
68158	14129
68159	14129
68160	14130
68161	14130
68162	14131
68163	14131
68164	14132
68165	14132
68166	14133
68167	14133
68168	14134
68169	14134
68170	14135
68171	14135
68172	14136
68173	14136
68174	14137
68175	14137
68176	14138
68177	14138
68178	14139
68179	14139
68180	14140
68181	14140
68182	14141
68183	14141
68184	14142
68185	14142
68186	14143
68187	14143
68188	14144
68189	14144
68190	14145
68191	14145
68192	14146
68193	14146
68194	14147
68195	14147
68196	14148
68197	14148
68198	14149
68199	14149
68200	14050
68201	14050
68202	14051
68203	14051
68204	14052
68205	14052
68206	14053
68207	14053
68208	14054
68209	14054
68210	14055
68211	14055
68212	14056
68213	14056
68214	14057
68215	14057
68216	14058
68217	14058
68218	14059
68219	14059
68220	14060
68221	14060
68222	14061
68223	14061
68224	14062
68225	14062
68226	14063
68227	14063
68228	14064
68229	14064
68230	14065
68231	14065
68232	14066
68233	14066
68234	14067
68235	14067
68236	14068
68237	14068
68238	14069
68239	14069
68240	14070
68241	14070
68242	14071
68243	14071
68244	14072
68245	14072
68246	14073
68247	14073
68248	14074
68249	14074
68250	14075
68251	14075
68252	14076
68253	14076
68254	14077
68255	14077
68256	14078
68257	14078
68258	14079
68259	14079
68260	14080
68261	14080
68262	14081
68263	14081
68264	14082
68265	14082
68266	14083
68267	14083
68268	14084
68269	14084
68270	14085
68271	14085
68272	14086
68273	14086
68274	14087
68275	14087
68276	14088
68277	14088
68278	14089
68279	14089
68280	14090
68281	14090
68282	14091
68283	14091
68284	14092
68285	14092
68286	14093
68287	14093
68288	14094
68289	14094
68290	14095
68291	14095
68292	14096
68293	14096
68294	14097
68295	14097
68296	14098
68297	14098
68298	14099
68299	14099
68300	14100
68301	14100
68302	14101
68303	14101
68304	14102
68305	14102
68306	14103
68307	14103
68308	14104
68309	14104
68310	14105
68311	14105
68312	14106
68313	14106
68314	14107
68315	14107
68316	14108
68317	14108
68318	14109
68319	14109
68320	14110
68321	14110
68322	14111
68323	14111
68324	14112
68325	14112
68326	14113
68327	14113
68328	14114
68329	14114
68330	14115
68331	14115
68332	14116
68333	14116
68334	14117
68335	14117
68336	14118
68337	14118
68338	14119
68339	14119
68340	14120
68341	14120
68342	14121
68343	14121
68344	14122
68345	14122
68346	14123
68347	14123
68348	14124
68349	14124
68350	14125
68351	14125
68352	14126
68353	14126
68354	14127
68355	14127
68356	14128
68357	14128
68358	14129
68359	14129
68360	14130
68361	14130
68362	14131
68363	14131
68364	14132
68365	14132
68366	14133
68367	14133
68368	14134
68369	14134
68370	14135
68371	14135
68372	14136
68373	14136
68374	14137
68375	14137
68376	14138
68377	14138
68378	14139
68379	14139
68380	14140
68381	14140
68382	14141
68383	14141
68384	14142
68385	14142
68386	14143
68387	14143
68388	14144
68389	14144
68390	14145
68391	14145
68392	14146
68393	14146
68394	14147
68395	14147
68396	14148
68397	14148
68398	14149
68399	14149
68400	14250
68401	14250
68402	14251
68403	14251
68404	14252
68405	14252
68406	14253
68407	14253
68408	14254
68409	14254
68410	14255
68411	14255
68412	14256
68413	14256
68414	14257
68415	14257
68416	14258
68417	14258
68418	14259
68419	14259
68420	14260
68421	14260
68422	14261
68423	14261
68424	14262
68425	14262
68426	14263
68427	14263
68428	14264
68429	14264
68430	14265
68431	14265
68432	14266
68433	14266
68434	14267
68435	14267
68436	14268
68437	14268
68438	14269
68439	14269
68440	14270
68441	14270
68442	14271
68443	14271
68444	14272
68445	14272
68446	14273
68447	14273
68448	14274
68449	14274
68450	14275
68451	14275
68452	14276
68453	14276
68454	14277
68455	14277
68456	14278
68457	14278
68458	14279
68459	14279
68460	14280
68461	14280
68462	14281
68463	14281
68464	14282
68465	14282
68466	14283
68467	14283
68468	14284
68469	14284
68470	14285
68471	14285
68472	14286
68473	14286
68474	14287
68475	14287
68476	14288
68477	14288
68478	14289
68479	14289
68480	14290
68481	14290
68482	14291
68483	14291
68484	14292
68485	14292
68486	14293
68487	14293
68488	14294
68489	14294
68490	14295
68491	14295
68492	14296
68493	14296
68494	14297
68495	14297
68496	14298
68497	14298
68498	14299
68499	14299
68500	14300
68501	14300
68502	14301
68503	14301
68504	14302
68505	14302
68506	14303
68507	14303
68508	14304
68509	14304
68510	14305
68511	14305
68512	14306
68513	14306
68514	14307
68515	14307
68516	14308
68517	14308
68518	14309
68519	14309
68520	14310
68521	14310
68522	14311
68523	14311
68524	14312
68525	14312
68526	14313
68527	14313
68528	14314
68529	14314
68530	14315
68531	14315
68532	14316
68533	14316
68534	14317
68535	14317
68536	14318
68537	14318
68538	14319
68539	14319
68540	14320
68541	14320
68542	14321
68543	14321
68544	14322
68545	14322
68546	14323
68547	14323
68548	14324
68549	14324
68550	14325
68551	14325
68552	14326
68553	14326
68554	14327
68555	14327
68556	14328
68557	14328
68558	14329
68559	14329
68560	14330
68561	14330
68562	14331
68563	14331
68564	14332
68565	14332
68566	14333
68567	14333
68568	14334
68569	14334
68570	14335
68571	14335
68572	14336
68573	14336
68574	14337
68575	14337
68576	14338
68577	14338
68578	14339
68579	14339
68580	14340
68581	14340
68582	14341
68583	14341
68584	14342
68585	14342
68586	14343
68587	14343
68588	14344
68589	14344
68590	14345
68591	14345
68592	14346
68593	14346
68594	14347
68595	14347
68596	14348
68597	14348
68598	14349
68599	14349
68600	14250
68601	14250
68602	14251
68603	14251
68604	14252
68605	14252
68606	14253
68607	14253
68608	14254
68609	14254
68610	14255
68611	14255
68612	14256
68613	14256
68614	14257
68615	14257
68616	14258
68617	14258
68618	14259
68619	14259
68620	14260
68621	14260
68622	14261
68623	14261
68624	14262
68625	14262
68626	14263
68627	14263
68628	14264
68629	14264
68630	14265
68631	14265
68632	14266
68633	14266
68634	14267
68635	14267
68636	14268
68637	14268
68638	14269
68639	14269
68640	14270
68641	14270
68642	14271
68643	14271
68644	14272
68645	14272
68646	14273
68647	14273
68648	14274
68649	14274
68650	14275
68651	14275
68652	14276
68653	14276
68654	14277
68655	14277
68656	14278
68657	14278
68658	14279
68659	14279
68660	14280
68661	14280
68662	14281
68663	14281
68664	14282
68665	14282
68666	14283
68667	14283
68668	14284
68669	14284
68670	14285
68671	14285
68672	14286
68673	14286
68674	14287
68675	14287
68676	14288
68677	14288
68678	14289
68679	14289
68680	14290
68681	14290
68682	14291
68683	14291
68684	14292
68685	14292
68686	14293
68687	14293
68688	14294
68689	14294
68690	14295
68691	14295
68692	14296
68693	14296
68694	14297
68695	14297
68696	14298
68697	14298
68698	14299
68699	14299
68700	14300
68701	14300
68702	14301
68703	14301
68704	14302
68705	14302
68706	14303
68707	14303
68708	14304
68709	14304
68710	14305
68711	14305
68712	14306
68713	14306
68714	14307
68715	14307
68716	14308
68717	14308
68718	14309
68719	14309
68720	14310
68721	14310
68722	14311
68723	14311
68724	14312
68725	14312
68726	14313
68727	14313
68728	14314
68729	14314
68730	14315
68731	14315
68732	14316
68733	14316
68734	14317
68735	14317
68736	14318
68737	14318
68738	14319
68739	14319
68740	14320
68741	14320
68742	14321
68743	14321
68744	14322
68745	14322
68746	14323
68747	14323
68748	14324
68749	14324
68750	14325
68751	14325
68752	14326
68753	14326
68754	14327
68755	14327
68756	14328
68757	14328
68758	14329
68759	14329
68760	14330
68761	14330
68762	14331
68763	14331
68764	14332
68765	14332
68766	14333
68767	14333
68768	14334
68769	14334
68770	14335
68771	14335
68772	14336
68773	14336
68774	14337
68775	14337
68776	14338
68777	14338
68778	14339
68779	14339
68780	14340
68781	14340
68782	14341
68783	14341
68784	14342
68785	14342
68786	14343
68787	14343
68788	14344
68789	14344
68790	14345
68791	14345
68792	14346
68793	14346
68794	14347
68795	14347
68796	14348
68797	14348
68798	14349
68799	14349
68800	14450
68801	14450
68802	14451
68803	14451
68804	14452
68805	14452
68806	14453
68807	14453
68808	14454
68809	14454
68810	14455
68811	14455
68812	14456
68813	14456
68814	14457
68815	14457
68816	14458
68817	14458
68818	14459
68819	14459
68820	14460
68821	14460
68822	14461
68823	14461
68824	14462
68825	14462
68826	14463
68827	14463
68828	14464
68829	14464
68830	14465
68831	14465
68832	14466
68833	14466
68834	14467
68835	14467
68836	14468
68837	14468
68838	14469
68839	14469
68840	14470
68841	14470
68842	14471
68843	14471
68844	14472
68845	14472
68846	14473
68847	14473
68848	14474
68849	14474
68850	14475
68851	14475
68852	14476
68853	14476
68854	14477
68855	14477
68856	14478
68857	14478
68858	14479
68859	14479
68860	14480
68861	14480
68862	14481
68863	14481
68864	14482
68865	14482
68866	14483
68867	14483
68868	14484
68869	14484
68870	14485
68871	14485
68872	14486
68873	14486
68874	14487
68875	14487
68876	14488
68877	14488
68878	14489
68879	14489
68880	14490
68881	14490
68882	14491
68883	14491
68884	14492
68885	14492
68886	14493
68887	14493
68888	14494
68889	14494
68890	14495
68891	14495
68892	14496
68893	14496
68894	14497
68895	14497
68896	14498
68897	14498
68898	14499
68899	14499
68900	14500
68901	14500
68902	14501
68903	14501
68904	14502
68905	14502
68906	14503
68907	14503
68908	14504
68909	14504
68910	14505
68911	14505
68912	14506
68913	14506
68914	14507
68915	14507
68916	14508
68917	14508
68918	14509
68919	14509
68920	14510
68921	14510
68922	14511
68923	14511
68924	14512
68925	14512
68926	14513
68927	14513
68928	14514
68929	14514
68930	14515
68931	14515
68932	14516
68933	14516
68934	14517
68935	14517
68936	14518
68937	14518
68938	14519
68939	14519
68940	14520
68941	14520
68942	14521
68943	14521
68944	14522
68945	14522
68946	14523
68947	14523
68948	14524
68949	14524
68950	14525
68951	14525
68952	14526
68953	14526
68954	14527
68955	14527
68956	14528
68957	14528
68958	14529
68959	14529
68960	14530
68961	14530
68962	14531
68963	14531
68964	14532
68965	14532
68966	14533
68967	14533
68968	14534
68969	14534
68970	14535
68971	14535
68972	14536
68973	14536
68974	14537
68975	14537
68976	14538
68977	14538
68978	14539
68979	14539
68980	14540
68981	14540
68982	14541
68983	14541
68984	14542
68985	14542
68986	14543
68987	14543
68988	14544
68989	14544
68990	14545
68991	14545
68992	14546
68993	14546
68994	14547
68995	14547
68996	14548
68997	14548
68998	14549
68999	14549
69000	14450
69001	14450
69002	14451
69003	14451
69004	14452
69005	14452
69006	14453
69007	14453
69008	14454
69009	14454
69010	14455
69011	14455
69012	14456
69013	14456
69014	14457
69015	14457
69016	14458
69017	14458
69018	14459
69019	14459
69020	14460
69021	14460
69022	14461
69023	14461
69024	14462
69025	14462
69026	14463
69027	14463
69028	14464
69029	14464
69030	14465
69031	14465
69032	14466
69033	14466
69034	14467
69035	14467
69036	14468
69037	14468
69038	14469
69039	14469
69040	14470
69041	14470
69042	14471
69043	14471
69044	14472
69045	14472
69046	14473
69047	14473
69048	14474
69049	14474
69050	14475
69051	14475
69052	14476
69053	14476
69054	14477
69055	14477
69056	14478
69057	14478
69058	14479
69059	14479
69060	14480
69061	14480
69062	14481
69063	14481
69064	14482
69065	14482
69066	14483
69067	14483
69068	14484
69069	14484
69070	14485
69071	14485
69072	14486
69073	14486
69074	14487
69075	14487
69076	14488
69077	14488
69078	14489
69079	14489
69080	14490
69081	14490
69082	14491
69083	14491
69084	14492
69085	14492
69086	14493
69087	14493
69088	14494
69089	14494
69090	14495
69091	14495
69092	14496
69093	14496
69094	14497
69095	14497
69096	14498
69097	14498
69098	14499
69099	14499
69100	14500
69101	14500
69102	14501
69103	14501
69104	14502
69105	14502
69106	14503
69107	14503
69108	14504
69109	14504
69110	14505
69111	14505
69112	14506
69113	14506
69114	14507
69115	14507
69116	14508
69117	14508
69118	14509
69119	14509
69120	14510
69121	14510
69122	14511
69123	14511
69124	14512
69125	14512
69126	14513
69127	14513
69128	14514
69129	14514
69130	14515
69131	14515
69132	14516
69133	14516
69134	14517
69135	14517
69136	14518
69137	14518
69138	14519
69139	14519
69140	14520
69141	14520
69142	14521
69143	14521
69144	14522
69145	14522
69146	14523
69147	14523
69148	14524
69149	14524
69150	14525
69151	14525
69152	14526
69153	14526
69154	14527
69155	14527
69156	14528
69157	14528
69158	14529
69159	14529
69160	14530
69161	14530
69162	14531
69163	14531
69164	14532
69165	14532
69166	14533
69167	14533
69168	14534
69169	14534
69170	14535
69171	14535
69172	14536
69173	14536
69174	14537
69175	14537
69176	14538
69177	14538
69178	14539
69179	14539
69180	14540
69181	14540
69182	14541
69183	14541
69184	14542
69185	14542
69186	14543
69187	14543
69188	14544
69189	14544
69190	14545
69191	14545
69192	14546
69193	14546
69194	14547
69195	14547
69196	14548
69197	14548
69198	14549
69199	14549
69200	14650
69201	14650
69202	14651
69203	14651
69204	14652
69205	14652
69206	14653
69207	14653
69208	14654
69209	14654
69210	14655
69211	14655
69212	14656
69213	14656
69214	14657
69215	14657
69216	14658
69217	14658
69218	14659
69219	14659
69220	14660
69221	14660
69222	14661
69223	14661
69224	14662
69225	14662
69226	14663
69227	14663
69228	14664
69229	14664
69230	14665
69231	14665
69232	14666
69233	14666
69234	14667
69235	14667
69236	14668
69237	14668
69238	14669
69239	14669
69240	14670
69241	14670
69242	14671
69243	14671
69244	14672
69245	14672
69246	14673
69247	14673
69248	14674
69249	14674
69250	14675
69251	14675
69252	14676
69253	14676
69254	14677
69255	14677
69256	14678
69257	14678
69258	14679
69259	14679
69260	14680
69261	14680
69262	14681
69263	14681
69264	14682
69265	14682
69266	14683
69267	14683
69268	14684
69269	14684
69270	14685
69271	14685
69272	14686
69273	14686
69274	14687
69275	14687
69276	14688
69277	14688
69278	14689
69279	14689
69280	14690
69281	14690
69282	14691
69283	14691
69284	14692
69285	14692
69286	14693
69287	14693
69288	14694
69289	14694
69290	14695
69291	14695
69292	14696
69293	14696
69294	14697
69295	14697
69296	14698
69297	14698
69298	14699
69299	14699
69300	14700
69301	14700
69302	14701
69303	14701
69304	14702
69305	14702
69306	14703
69307	14703
69308	14704
69309	14704
69310	14705
69311	14705
69312	14706
69313	14706
69314	14707
69315	14707
69316	14708
69317	14708
69318	14709
69319	14709
69320	14710
69321	14710
69322	14711
69323	14711
69324	14712
69325	14712
69326	14713
69327	14713
69328	14714
69329	14714
69330	14715
69331	14715
69332	14716
69333	14716
69334	14717
69335	14717
69336	14718
69337	14718
69338	14719
69339	14719
69340	14720
69341	14720
69342	14721
69343	14721
69344	14722
69345	14722
69346	14723
69347	14723
69348	14724
69349	14724
69350	14725
69351	14725
69352	14726
69353	14726
69354	14727
69355	14727
69356	14728
69357	14728
69358	14729
69359	14729
69360	14730
69361	14730
69362	14731
69363	14731
69364	14732
69365	14732
69366	14733
69367	14733
69368	14734
69369	14734
69370	14735
69371	14735
69372	14736
69373	14736
69374	14737
69375	14737
69376	14738
69377	14738
69378	14739
69379	14739
69380	14740
69381	14740
69382	14741
69383	14741
69384	14742
69385	14742
69386	14743
69387	14743
69388	14744
69389	14744
69390	14745
69391	14745
69392	14746
69393	14746
69394	14747
69395	14747
69396	14748
69397	14748
69398	14749
69399	14749
69400	14650
69401	14650
69402	14651
69403	14651
69404	14652
69405	14652
69406	14653
69407	14653
69408	14654
69409	14654
69410	14655
69411	14655
69412	14656
69413	14656
69414	14657
69415	14657
69416	14658
69417	14658
69418	14659
69419	14659
69420	14660
69421	14660
69422	14661
69423	14661
69424	14662
69425	14662
69426	14663
69427	14663
69428	14664
69429	14664
69430	14665
69431	14665
69432	14666
69433	14666
69434	14667
69435	14667
69436	14668
69437	14668
69438	14669
69439	14669
69440	14670
69441	14670
69442	14671
69443	14671
69444	14672
69445	14672
69446	14673
69447	14673
69448	14674
69449	14674
69450	14675
69451	14675
69452	14676
69453	14676
69454	14677
69455	14677
69456	14678
69457	14678
69458	14679
69459	14679
69460	14680
69461	14680
69462	14681
69463	14681
69464	14682
69465	14682
69466	14683
69467	14683
69468	14684
69469	14684
69470	14685
69471	14685
69472	14686
69473	14686
69474	14687
69475	14687
69476	14688
69477	14688
69478	14689
69479	14689
69480	14690
69481	14690
69482	14691
69483	14691
69484	14692
69485	14692
69486	14693
69487	14693
69488	14694
69489	14694
69490	14695
69491	14695
69492	14696
69493	14696
69494	14697
69495	14697
69496	14698
69497	14698
69498	14699
69499	14699
69500	14700
69501	14700
69502	14701
69503	14701
69504	14702
69505	14702
69506	14703
69507	14703
69508	14704
69509	14704
69510	14705
69511	14705
69512	14706
69513	14706
69514	14707
69515	14707
69516	14708
69517	14708
69518	14709
69519	14709
69520	14710
69521	14710
69522	14711
69523	14711
69524	14712
69525	14712
69526	14713
69527	14713
69528	14714
69529	14714
69530	14715
69531	14715
69532	14716
69533	14716
69534	14717
69535	14717
69536	14718
69537	14718
69538	14719
69539	14719
69540	14720
69541	14720
69542	14721
69543	14721
69544	14722
69545	14722
69546	14723
69547	14723
69548	14724
69549	14724
69550	14725
69551	14725
69552	14726
69553	14726
69554	14727
69555	14727
69556	14728
69557	14728
69558	14729
69559	14729
69560	14730
69561	14730
69562	14731
69563	14731
69564	14732
69565	14732
69566	14733
69567	14733
69568	14734
69569	14734
69570	14735
69571	14735
69572	14736
69573	14736
69574	14737
69575	14737
69576	14738
69577	14738
69578	14739
69579	14739
69580	14740
69581	14740
69582	14741
69583	14741
69584	14742
69585	14742
69586	14743
69587	14743
69588	14744
69589	14744
69590	14745
69591	14745
69592	14746
69593	14746
69594	14747
69595	14747
69596	14748
69597	14748
69598	14749
69599	14749
69600	14850
69601	14850
69602	14851
69603	14851
69604	14852
69605	14852
69606	14853
69607	14853
69608	14854
69609	14854
69610	14855
69611	14855
69612	14856
69613	14856
69614	14857
69615	14857
69616	14858
69617	14858
69618	14859
69619	14859
69620	14860
69621	14860
69622	14861
69623	14861
69624	14862
69625	14862
69626	14863
69627	14863
69628	14864
69629	14864
69630	14865
69631	14865
69632	14866
69633	14866
69634	14867
69635	14867
69636	14868
69637	14868
69638	14869
69639	14869
69640	14870
69641	14870
69642	14871
69643	14871
69644	14872
69645	14872
69646	14873
69647	14873
69648	14874
69649	14874
69650	14875
69651	14875
69652	14876
69653	14876
69654	14877
69655	14877
69656	14878
69657	14878
69658	14879
69659	14879
69660	14880
69661	14880
69662	14881
69663	14881
69664	14882
69665	14882
69666	14883
69667	14883
69668	14884
69669	14884
69670	14885
69671	14885
69672	14886
69673	14886
69674	14887
69675	14887
69676	14888
69677	14888
69678	14889
69679	14889
69680	14890
69681	14890
69682	14891
69683	14891
69684	14892
69685	14892
69686	14893
69687	14893
69688	14894
69689	14894
69690	14895
69691	14895
69692	14896
69693	14896
69694	14897
69695	14897
69696	14898
69697	14898
69698	14899
69699	14899
69700	14900
69701	14900
69702	14901
69703	14901
69704	14902
69705	14902
69706	14903
69707	14903
69708	14904
69709	14904
69710	14905
69711	14905
69712	14906
69713	14906
69714	14907
69715	14907
69716	14908
69717	14908
69718	14909
69719	14909
69720	14910
69721	14910
69722	14911
69723	14911
69724	14912
69725	14912
69726	14913
69727	14913
69728	14914
69729	14914
69730	14915
69731	14915
69732	14916
69733	14916
69734	14917
69735	14917
69736	14918
69737	14918
69738	14919
69739	14919
69740	14920
69741	14920
69742	14921
69743	14921
69744	14922
69745	14922
69746	14923
69747	14923
69748	14924
69749	14924
69750	14925
69751	14925
69752	14926
69753	14926
69754	14927
69755	14927
69756	14928
69757	14928
69758	14929
69759	14929
69760	14930
69761	14930
69762	14931
69763	14931
69764	14932
69765	14932
69766	14933
69767	14933
69768	14934
69769	14934
69770	14935
69771	14935
69772	14936
69773	14936
69774	14937
69775	14937
69776	14938
69777	14938
69778	14939
69779	14939
69780	14940
69781	14940
69782	14941
69783	14941
69784	14942
69785	14942
69786	14943
69787	14943
69788	14944
69789	14944
69790	14945
69791	14945
69792	14946
69793	14946
69794	14947
69795	14947
69796	14948
69797	14948
69798	14949
69799	14949
69800	14850
69801	14850
69802	14851
69803	14851
69804	14852
69805	14852
69806	14853
69807	14853
69808	14854
69809	14854
69810	14855
69811	14855
69812	14856
69813	14856
69814	14857
69815	14857
69816	14858
69817	14858
69818	14859
69819	14859
69820	14860
69821	14860
69822	14861
69823	14861
69824	14862
69825	14862
69826	14863
69827	14863
69828	14864
69829	14864
69830	14865
69831	14865
69832	14866
69833	14866
69834	14867
69835	14867
69836	14868
69837	14868
69838	14869
69839	14869
69840	14870
69841	14870
69842	14871
69843	14871
69844	14872
69845	14872
69846	14873
69847	14873
69848	14874
69849	14874
69850	14875
69851	14875
69852	14876
69853	14876
69854	14877
69855	14877
69856	14878
69857	14878
69858	14879
69859	14879
69860	14880
69861	14880
69862	14881
69863	14881
69864	14882
69865	14882
69866	14883
69867	14883
69868	14884
69869	14884
69870	14885
69871	14885
69872	14886
69873	14886
69874	14887
69875	14887
69876	14888
69877	14888
69878	14889
69879	14889
69880	14890
69881	14890
69882	14891
69883	14891
69884	14892
69885	14892
69886	14893
69887	14893
69888	14894
69889	14894
69890	14895
69891	14895
69892	14896
69893	14896
69894	14897
69895	14897
69896	14898
69897	14898
69898	14899
69899	14899
69900	14900
69901	14900
69902	14901
69903	14901
69904	14902
69905	14902
69906	14903
69907	14903
69908	14904
69909	14904
69910	14905
69911	14905
69912	14906
69913	14906
69914	14907
69915	14907
69916	14908
69917	14908
69918	14909
69919	14909
69920	14910
69921	14910
69922	14911
69923	14911
69924	14912
69925	14912
69926	14913
69927	14913
69928	14914
69929	14914
69930	14915
69931	14915
69932	14916
69933	14916
69934	14917
69935	14917
69936	14918
69937	14918
69938	14919
69939	14919
69940	14920
69941	14920
69942	14921
69943	14921
69944	14922
69945	14922
69946	14923
69947	14923
69948	14924
69949	14924
69950	14925
69951	14925
69952	14926
69953	14926
69954	14927
69955	14927
69956	14928
69957	14928
69958	14929
69959	14929
69960	14930
69961	14930
69962	14931
69963	14931
69964	14932
69965	14932
69966	14933
69967	14933
69968	14934
69969	14934
69970	14935
69971	14935
69972	14936
69973	14936
69974	14937
69975	14937
69976	14938
69977	14938
69978	14939
69979	14939
69980	14940
69981	14940
69982	14941
69983	14941
69984	14942
69985	14942
69986	14943
69987	14943
69988	14944
69989	14944
69990	14945
69991	14945
69992	14946
69993	14946
69994	14947
69995	14947
69996	14948
69997	14948
69998	14949
69999	14949
70000	15050
70001	15050
70002	15051
70003	15051
70004	15052
70005	15052
70006	15053
70007	15053
70008	15054
70009	15054
70010	15055
70011	15055
70012	15056
70013	15056
70014	15057
70015	15057
70016	15058
70017	15058
70018	15059
70019	15059
70020	15060
70021	15060
70022	15061
70023	15061
70024	15062
70025	15062
70026	15063
70027	15063
70028	15064
70029	15064
70030	15065
70031	15065
70032	15066
70033	15066
70034	15067
70035	15067
70036	15068
70037	15068
70038	15069
70039	15069
70040	15070
70041	15070
70042	15071
70043	15071
70044	15072
70045	15072
70046	15073
70047	15073
70048	15074
70049	15074
70050	15075
70051	15075
70052	15076
70053	15076
70054	15077
70055	15077
70056	15078
70057	15078
70058	15079
70059	15079
70060	15080
70061	15080
70062	15081
70063	15081
70064	15082
70065	15082
70066	15083
70067	15083
70068	15084
70069	15084
70070	15085
70071	15085
70072	15086
70073	15086
70074	15087
70075	15087
70076	15088
70077	15088
70078	15089
70079	15089
70080	15090
70081	15090
70082	15091
70083	15091
70084	15092
70085	15092
70086	15093
70087	15093
70088	15094
70089	15094
70090	15095
70091	15095
70092	15096
70093	15096
70094	15097
70095	15097
70096	15098
70097	15098
70098	15099
70099	15099
70100	15100
70101	15100
70102	15101
70103	15101
70104	15102
70105	15102
70106	15103
70107	15103
70108	15104
70109	15104
70110	15105
70111	15105
70112	15106
70113	15106
70114	15107
70115	15107
70116	15108
70117	15108
70118	15109
70119	15109
70120	15110
70121	15110
70122	15111
70123	15111
70124	15112
70125	15112
70126	15113
70127	15113
70128	15114
70129	15114
70130	15115
70131	15115
70132	15116
70133	15116
70134	15117
70135	15117
70136	15118
70137	15118
70138	15119
70139	15119
70140	15120
70141	15120
70142	15121
70143	15121
70144	15122
70145	15122
70146	15123
70147	15123
70148	15124
70149	15124
70150	15125
70151	15125
70152	15126
70153	15126
70154	15127
70155	15127
70156	15128
70157	15128
70158	15129
70159	15129
70160	15130
70161	15130
70162	15131
70163	15131
70164	15132
70165	15132
70166	15133
70167	15133
70168	15134
70169	15134
70170	15135
70171	15135
70172	15136
70173	15136
70174	15137
70175	15137
70176	15138
70177	15138
70178	15139
70179	15139
70180	15140
70181	15140
70182	15141
70183	15141
70184	15142
70185	15142
70186	15143
70187	15143
70188	15144
70189	15144
70190	15145
70191	15145
70192	15146
70193	15146
70194	15147
70195	15147
70196	15148
70197	15148
70198	15149
70199	15149
70200	15050
70201	15050
70202	15051
70203	15051
70204	15052
70205	15052
70206	15053
70207	15053
70208	15054
70209	15054
70210	15055
70211	15055
70212	15056
70213	15056
70214	15057
70215	15057
70216	15058
70217	15058
70218	15059
70219	15059
70220	15060
70221	15060
70222	15061
70223	15061
70224	15062
70225	15062
70226	15063
70227	15063
70228	15064
70229	15064
70230	15065
70231	15065
70232	15066
70233	15066
70234	15067
70235	15067
70236	15068
70237	15068
70238	15069
70239	15069
70240	15070
70241	15070
70242	15071
70243	15071
70244	15072
70245	15072
70246	15073
70247	15073
70248	15074
70249	15074
70250	15075
70251	15075
70252	15076
70253	15076
70254	15077
70255	15077
70256	15078
70257	15078
70258	15079
70259	15079
70260	15080
70261	15080
70262	15081
70263	15081
70264	15082
70265	15082
70266	15083
70267	15083
70268	15084
70269	15084
70270	15085
70271	15085
70272	15086
70273	15086
70274	15087
70275	15087
70276	15088
70277	15088
70278	15089
70279	15089
70280	15090
70281	15090
70282	15091
70283	15091
70284	15092
70285	15092
70286	15093
70287	15093
70288	15094
70289	15094
70290	15095
70291	15095
70292	15096
70293	15096
70294	15097
70295	15097
70296	15098
70297	15098
70298	15099
70299	15099
70300	15100
70301	15100
70302	15101
70303	15101
70304	15102
70305	15102
70306	15103
70307	15103
70308	15104
70309	15104
70310	15105
70311	15105
70312	15106
70313	15106
70314	15107
70315	15107
70316	15108
70317	15108
70318	15109
70319	15109
70320	15110
70321	15110
70322	15111
70323	15111
70324	15112
70325	15112
70326	15113
70327	15113
70328	15114
70329	15114
70330	15115
70331	15115
70332	15116
70333	15116
70334	15117
70335	15117
70336	15118
70337	15118
70338	15119
70339	15119
70340	15120
70341	15120
70342	15121
70343	15121
70344	15122
70345	15122
70346	15123
70347	15123
70348	15124
70349	15124
70350	15125
70351	15125
70352	15126
70353	15126
70354	15127
70355	15127
70356	15128
70357	15128
70358	15129
70359	15129
70360	15130
70361	15130
70362	15131
70363	15131
70364	15132
70365	15132
70366	15133
70367	15133
70368	15134
70369	15134
70370	15135
70371	15135
70372	15136
70373	15136
70374	15137
70375	15137
70376	15138
70377	15138
70378	15139
70379	15139
70380	15140
70381	15140
70382	15141
70383	15141
70384	15142
70385	15142
70386	15143
70387	15143
70388	15144
70389	15144
70390	15145
70391	15145
70392	15146
70393	15146
70394	15147
70395	15147
70396	15148
70397	15148
70398	15149
70399	15149
70400	15250
70401	15250
70402	15251
70403	15251
70404	15252
70405	15252
70406	15253
70407	15253
70408	15254
70409	15254
70410	15255
70411	15255
70412	15256
70413	15256
70414	15257
70415	15257
70416	15258
70417	15258
70418	15259
70419	15259
70420	15260
70421	15260
70422	15261
70423	15261
70424	15262
70425	15262
70426	15263
70427	15263
70428	15264
70429	15264
70430	15265
70431	15265
70432	15266
70433	15266
70434	15267
70435	15267
70436	15268
70437	15268
70438	15269
70439	15269
70440	15270
70441	15270
70442	15271
70443	15271
70444	15272
70445	15272
70446	15273
70447	15273
70448	15274
70449	15274
70450	15275
70451	15275
70452	15276
70453	15276
70454	15277
70455	15277
70456	15278
70457	15278
70458	15279
70459	15279
70460	15280
70461	15280
70462	15281
70463	15281
70464	15282
70465	15282
70466	15283
70467	15283
70468	15284
70469	15284
70470	15285
70471	15285
70472	15286
70473	15286
70474	15287
70475	15287
70476	15288
70477	15288
70478	15289
70479	15289
70480	15290
70481	15290
70482	15291
70483	15291
70484	15292
70485	15292
70486	15293
70487	15293
70488	15294
70489	15294
70490	15295
70491	15295
70492	15296
70493	15296
70494	15297
70495	15297
70496	15298
70497	15298
70498	15299
70499	15299
70500	15300
70501	15300
70502	15301
70503	15301
70504	15302
70505	15302
70506	15303
70507	15303
70508	15304
70509	15304
70510	15305
70511	15305
70512	15306
70513	15306
70514	15307
70515	15307
70516	15308
70517	15308
70518	15309
70519	15309
70520	15310
70521	15310
70522	15311
70523	15311
70524	15312
70525	15312
70526	15313
70527	15313
70528	15314
70529	15314
70530	15315
70531	15315
70532	15316
70533	15316
70534	15317
70535	15317
70536	15318
70537	15318
70538	15319
70539	15319
70540	15320
70541	15320
70542	15321
70543	15321
70544	15322
70545	15322
70546	15323
70547	15323
70548	15324
70549	15324
70550	15325
70551	15325
70552	15326
70553	15326
70554	15327
70555	15327
70556	15328
70557	15328
70558	15329
70559	15329
70560	15330
70561	15330
70562	15331
70563	15331
70564	15332
70565	15332
70566	15333
70567	15333
70568	15334
70569	15334
70570	15335
70571	15335
70572	15336
70573	15336
70574	15337
70575	15337
70576	15338
70577	15338
70578	15339
70579	15339
70580	15340
70581	15340
70582	15341
70583	15341
70584	15342
70585	15342
70586	15343
70587	15343
70588	15344
70589	15344
70590	15345
70591	15345
70592	15346
70593	15346
70594	15347
70595	15347
70596	15348
70597	15348
70598	15349
70599	15349
70600	15250
70601	15250
70602	15251
70603	15251
70604	15252
70605	15252
70606	15253
70607	15253
70608	15254
70609	15254
70610	15255
70611	15255
70612	15256
70613	15256
70614	15257
70615	15257
70616	15258
70617	15258
70618	15259
70619	15259
70620	15260
70621	15260
70622	15261
70623	15261
70624	15262
70625	15262
70626	15263
70627	15263
70628	15264
70629	15264
70630	15265
70631	15265
70632	15266
70633	15266
70634	15267
70635	15267
70636	15268
70637	15268
70638	15269
70639	15269
70640	15270
70641	15270
70642	15271
70643	15271
70644	15272
70645	15272
70646	15273
70647	15273
70648	15274
70649	15274
70650	15275
70651	15275
70652	15276
70653	15276
70654	15277
70655	15277
70656	15278
70657	15278
70658	15279
70659	15279
70660	15280
70661	15280
70662	15281
70663	15281
70664	15282
70665	15282
70666	15283
70667	15283
70668	15284
70669	15284
70670	15285
70671	15285
70672	15286
70673	15286
70674	15287
70675	15287
70676	15288
70677	15288
70678	15289
70679	15289
70680	15290
70681	15290
70682	15291
70683	15291
70684	15292
70685	15292
70686	15293
70687	15293
70688	15294
70689	15294
70690	15295
70691	15295
70692	15296
70693	15296
70694	15297
70695	15297
70696	15298
70697	15298
70698	15299
70699	15299
70700	15300
70701	15300
70702	15301
70703	15301
70704	15302
70705	15302
70706	15303
70707	15303
70708	15304
70709	15304
70710	15305
70711	15305
70712	15306
70713	15306
70714	15307
70715	15307
70716	15308
70717	15308
70718	15309
70719	15309
70720	15310
70721	15310
70722	15311
70723	15311
70724	15312
70725	15312
70726	15313
70727	15313
70728	15314
70729	15314
70730	15315
70731	15315
70732	15316
70733	15316
70734	15317
70735	15317
70736	15318
70737	15318
70738	15319
70739	15319
70740	15320
70741	15320
70742	15321
70743	15321
70744	15322
70745	15322
70746	15323
70747	15323
70748	15324
70749	15324
70750	15325
70751	15325
70752	15326
70753	15326
70754	15327
70755	15327
70756	15328
70757	15328
70758	15329
70759	15329
70760	15330
70761	15330
70762	15331
70763	15331
70764	15332
70765	15332
70766	15333
70767	15333
70768	15334
70769	15334
70770	15335
70771	15335
70772	15336
70773	15336
70774	15337
70775	15337
70776	15338
70777	15338
70778	15339
70779	15339
70780	15340
70781	15340
70782	15341
70783	15341
70784	15342
70785	15342
70786	15343
70787	15343
70788	15344
70789	15344
70790	15345
70791	15345
70792	15346
70793	15346
70794	15347
70795	15347
70796	15348
70797	15348
70798	15349
70799	15349
70800	15450
70801	15450
70802	15451
70803	15451
70804	15452
70805	15452
70806	15453
70807	15453
70808	15454
70809	15454
70810	15455
70811	15455
70812	15456
70813	15456
70814	15457
70815	15457
70816	15458
70817	15458
70818	15459
70819	15459
70820	15460
70821	15460
70822	15461
70823	15461
70824	15462
70825	15462
70826	15463
70827	15463
70828	15464
70829	15464
70830	15465
70831	15465
70832	15466
70833	15466
70834	15467
70835	15467
70836	15468
70837	15468
70838	15469
70839	15469
70840	15470
70841	15470
70842	15471
70843	15471
70844	15472
70845	15472
70846	15473
70847	15473
70848	15474
70849	15474
70850	15475
70851	15475
70852	15476
70853	15476
70854	15477
70855	15477
70856	15478
70857	15478
70858	15479
70859	15479
70860	15480
70861	15480
70862	15481
70863	15481
70864	15482
70865	15482
70866	15483
70867	15483
70868	15484
70869	15484
70870	15485
70871	15485
70872	15486
70873	15486
70874	15487
70875	15487
70876	15488
70877	15488
70878	15489
70879	15489
70880	15490
70881	15490
70882	15491
70883	15491
70884	15492
70885	15492
70886	15493
70887	15493
70888	15494
70889	15494
70890	15495
70891	15495
70892	15496
70893	15496
70894	15497
70895	15497
70896	15498
70897	15498
70898	15499
70899	15499
70900	15500
70901	15500
70902	15501
70903	15501
70904	15502
70905	15502
70906	15503
70907	15503
70908	15504
70909	15504
70910	15505
70911	15505
70912	15506
70913	15506
70914	15507
70915	15507
70916	15508
70917	15508
70918	15509
70919	15509
70920	15510
70921	15510
70922	15511
70923	15511
70924	15512
70925	15512
70926	15513
70927	15513
70928	15514
70929	15514
70930	15515
70931	15515
70932	15516
70933	15516
70934	15517
70935	15517
70936	15518
70937	15518
70938	15519
70939	15519
70940	15520
70941	15520
70942	15521
70943	15521
70944	15522
70945	15522
70946	15523
70947	15523
70948	15524
70949	15524
70950	15525
70951	15525
70952	15526
70953	15526
70954	15527
70955	15527
70956	15528
70957	15528
70958	15529
70959	15529
70960	15530
70961	15530
70962	15531
70963	15531
70964	15532
70965	15532
70966	15533
70967	15533
70968	15534
70969	15534
70970	15535
70971	15535
70972	15536
70973	15536
70974	15537
70975	15537
70976	15538
70977	15538
70978	15539
70979	15539
70980	15540
70981	15540
70982	15541
70983	15541
70984	15542
70985	15542
70986	15543
70987	15543
70988	15544
70989	15544
70990	15545
70991	15545
70992	15546
70993	15546
70994	15547
70995	15547
70996	15548
70997	15548
70998	15549
70999	15549
71000	15450
71001	15450
71002	15451
71003	15451
71004	15452
71005	15452
71006	15453
71007	15453
71008	15454
71009	15454
71010	15455
71011	15455
71012	15456
71013	15456
71014	15457
71015	15457
71016	15458
71017	15458
71018	15459
71019	15459
71020	15460
71021	15460
71022	15461
71023	15461
71024	15462
71025	15462
71026	15463
71027	15463
71028	15464
71029	15464
71030	15465
71031	15465
71032	15466
71033	15466
71034	15467
71035	15467
71036	15468
71037	15468
71038	15469
71039	15469
71040	15470
71041	15470
71042	15471
71043	15471
71044	15472
71045	15472
71046	15473
71047	15473
71048	15474
71049	15474
71050	15475
71051	15475
71052	15476
71053	15476
71054	15477
71055	15477
71056	15478
71057	15478
71058	15479
71059	15479
71060	15480
71061	15480
71062	15481
71063	15481
71064	15482
71065	15482
71066	15483
71067	15483
71068	15484
71069	15484
71070	15485
71071	15485
71072	15486
71073	15486
71074	15487
71075	15487
71076	15488
71077	15488
71078	15489
71079	15489
71080	15490
71081	15490
71082	15491
71083	15491
71084	15492
71085	15492
71086	15493
71087	15493
71088	15494
71089	15494
71090	15495
71091	15495
71092	15496
71093	15496
71094	15497
71095	15497
71096	15498
71097	15498
71098	15499
71099	15499
71100	15500
71101	15500
71102	15501
71103	15501
71104	15502
71105	15502
71106	15503
71107	15503
71108	15504
71109	15504
71110	15505
71111	15505
71112	15506
71113	15506
71114	15507
71115	15507
71116	15508
71117	15508
71118	15509
71119	15509
71120	15510
71121	15510
71122	15511
71123	15511
71124	15512
71125	15512
71126	15513
71127	15513
71128	15514
71129	15514
71130	15515
71131	15515
71132	15516
71133	15516
71134	15517
71135	15517
71136	15518
71137	15518
71138	15519
71139	15519
71140	15520
71141	15520
71142	15521
71143	15521
71144	15522
71145	15522
71146	15523
71147	15523
71148	15524
71149	15524
71150	15525
71151	15525
71152	15526
71153	15526
71154	15527
71155	15527
71156	15528
71157	15528
71158	15529
71159	15529
71160	15530
71161	15530
71162	15531
71163	15531
71164	15532
71165	15532
71166	15533
71167	15533
71168	15534
71169	15534
71170	15535
71171	15535
71172	15536
71173	15536
71174	15537
71175	15537
71176	15538
71177	15538
71178	15539
71179	15539
71180	15540
71181	15540
71182	15541
71183	15541
71184	15542
71185	15542
71186	15543
71187	15543
71188	15544
71189	15544
71190	15545
71191	15545
71192	15546
71193	15546
71194	15547
71195	15547
71196	15548
71197	15548
71198	15549
71199	15549
71200	15650
71201	15650
71202	15651
71203	15651
71204	15652
71205	15652
71206	15653
71207	15653
71208	15654
71209	15654
71210	15655
71211	15655
71212	15656
71213	15656
71214	15657
71215	15657
71216	15658
71217	15658
71218	15659
71219	15659
71220	15660
71221	15660
71222	15661
71223	15661
71224	15662
71225	15662
71226	15663
71227	15663
71228	15664
71229	15664
71230	15665
71231	15665
71232	15666
71233	15666
71234	15667
71235	15667
71236	15668
71237	15668
71238	15669
71239	15669
71240	15670
71241	15670
71242	15671
71243	15671
71244	15672
71245	15672
71246	15673
71247	15673
71248	15674
71249	15674
71250	15675
71251	15675
71252	15676
71253	15676
71254	15677
71255	15677
71256	15678
71257	15678
71258	15679
71259	15679
71260	15680
71261	15680
71262	15681
71263	15681
71264	15682
71265	15682
71266	15683
71267	15683
71268	15684
71269	15684
71270	15685
71271	15685
71272	15686
71273	15686
71274	15687
71275	15687
71276	15688
71277	15688
71278	15689
71279	15689
71280	15690
71281	15690
71282	15691
71283	15691
71284	15692
71285	15692
71286	15693
71287	15693
71288	15694
71289	15694
71290	15695
71291	15695
71292	15696
71293	15696
71294	15697
71295	15697
71296	15698
71297	15698
71298	15699
71299	15699
71300	15700
71301	15700
71302	15701
71303	15701
71304	15702
71305	15702
71306	15703
71307	15703
71308	15704
71309	15704
71310	15705
71311	15705
71312	15706
71313	15706
71314	15707
71315	15707
71316	15708
71317	15708
71318	15709
71319	15709
71320	15710
71321	15710
71322	15711
71323	15711
71324	15712
71325	15712
71326	15713
71327	15713
71328	15714
71329	15714
71330	15715
71331	15715
71332	15716
71333	15716
71334	15717
71335	15717
71336	15718
71337	15718
71338	15719
71339	15719
71340	15720
71341	15720
71342	15721
71343	15721
71344	15722
71345	15722
71346	15723
71347	15723
71348	15724
71349	15724
71350	15725
71351	15725
71352	15726
71353	15726
71354	15727
71355	15727
71356	15728
71357	15728
71358	15729
71359	15729
71360	15730
71361	15730
71362	15731
71363	15731
71364	15732
71365	15732
71366	15733
71367	15733
71368	15734
71369	15734
71370	15735
71371	15735
71372	15736
71373	15736
71374	15737
71375	15737
71376	15738
71377	15738
71378	15739
71379	15739
71380	15740
71381	15740
71382	15741
71383	15741
71384	15742
71385	15742
71386	15743
71387	15743
71388	15744
71389	15744
71390	15745
71391	15745
71392	15746
71393	15746
71394	15747
71395	15747
71396	15748
71397	15748
71398	15749
71399	15749
71400	15650
71401	15650
71402	15651
71403	15651
71404	15652
71405	15652
71406	15653
71407	15653
71408	15654
71409	15654
71410	15655
71411	15655
71412	15656
71413	15656
71414	15657
71415	15657
71416	15658
71417	15658
71418	15659
71419	15659
71420	15660
71421	15660
71422	15661
71423	15661
71424	15662
71425	15662
71426	15663
71427	15663
71428	15664
71429	15664
71430	15665
71431	15665
71432	15666
71433	15666
71434	15667
71435	15667
71436	15668
71437	15668
71438	15669
71439	15669
71440	15670
71441	15670
71442	15671
71443	15671
71444	15672
71445	15672
71446	15673
71447	15673
71448	15674
71449	15674
71450	15675
71451	15675
71452	15676
71453	15676
71454	15677
71455	15677
71456	15678
71457	15678
71458	15679
71459	15679
71460	15680
71461	15680
71462	15681
71463	15681
71464	15682
71465	15682
71466	15683
71467	15683
71468	15684
71469	15684
71470	15685
71471	15685
71472	15686
71473	15686
71474	15687
71475	15687
71476	15688
71477	15688
71478	15689
71479	15689
71480	15690
71481	15690
71482	15691
71483	15691
71484	15692
71485	15692
71486	15693
71487	15693
71488	15694
71489	15694
71490	15695
71491	15695
71492	15696
71493	15696
71494	15697
71495	15697
71496	15698
71497	15698
71498	15699
71499	15699
71500	15700
71501	15700
71502	15701
71503	15701
71504	15702
71505	15702
71506	15703
71507	15703
71508	15704
71509	15704
71510	15705
71511	15705
71512	15706
71513	15706
71514	15707
71515	15707
71516	15708
71517	15708
71518	15709
71519	15709
71520	15710
71521	15710
71522	15711
71523	15711
71524	15712
71525	15712
71526	15713
71527	15713
71528	15714
71529	15714
71530	15715
71531	15715
71532	15716
71533	15716
71534	15717
71535	15717
71536	15718
71537	15718
71538	15719
71539	15719
71540	15720
71541	15720
71542	15721
71543	15721
71544	15722
71545	15722
71546	15723
71547	15723
71548	15724
71549	15724
71550	15725
71551	15725
71552	15726
71553	15726
71554	15727
71555	15727
71556	15728
71557	15728
71558	15729
71559	15729
71560	15730
71561	15730
71562	15731
71563	15731
71564	15732
71565	15732
71566	15733
71567	15733
71568	15734
71569	15734
71570	15735
71571	15735
71572	15736
71573	15736
71574	15737
71575	15737
71576	15738
71577	15738
71578	15739
71579	15739
71580	15740
71581	15740
71582	15741
71583	15741
71584	15742
71585	15742
71586	15743
71587	15743
71588	15744
71589	15744
71590	15745
71591	15745
71592	15746
71593	15746
71594	15747
71595	15747
71596	15748
71597	15748
71598	15749
71599	15749
71600	15850
71601	15850
71602	15851
71603	15851
71604	15852
71605	15852
71606	15853
71607	15853
71608	15854
71609	15854
71610	15855
71611	15855
71612	15856
71613	15856
71614	15857
71615	15857
71616	15858
71617	15858
71618	15859
71619	15859
71620	15860
71621	15860
71622	15861
71623	15861
71624	15862
71625	15862
71626	15863
71627	15863
71628	15864
71629	15864
71630	15865
71631	15865
71632	15866
71633	15866
71634	15867
71635	15867
71636	15868
71637	15868
71638	15869
71639	15869
71640	15870
71641	15870
71642	15871
71643	15871
71644	15872
71645	15872
71646	15873
71647	15873
71648	15874
71649	15874
71650	15875
71651	15875
71652	15876
71653	15876
71654	15877
71655	15877
71656	15878
71657	15878
71658	15879
71659	15879
71660	15880
71661	15880
71662	15881
71663	15881
71664	15882
71665	15882
71666	15883
71667	15883
71668	15884
71669	15884
71670	15885
71671	15885
71672	15886
71673	15886
71674	15887
71675	15887
71676	15888
71677	15888
71678	15889
71679	15889
71680	15890
71681	15890
71682	15891
71683	15891
71684	15892
71685	15892
71686	15893
71687	15893
71688	15894
71689	15894
71690	15895
71691	15895
71692	15896
71693	15896
71694	15897
71695	15897
71696	15898
71697	15898
71698	15899
71699	15899
71700	15900
71701	15900
71702	15901
71703	15901
71704	15902
71705	15902
71706	15903
71707	15903
71708	15904
71709	15904
71710	15905
71711	15905
71712	15906
71713	15906
71714	15907
71715	15907
71716	15908
71717	15908
71718	15909
71719	15909
71720	15910
71721	15910
71722	15911
71723	15911
71724	15912
71725	15912
71726	15913
71727	15913
71728	15914
71729	15914
71730	15915
71731	15915
71732	15916
71733	15916
71734	15917
71735	15917
71736	15918
71737	15918
71738	15919
71739	15919
71740	15920
71741	15920
71742	15921
71743	15921
71744	15922
71745	15922
71746	15923
71747	15923
71748	15924
71749	15924
71750	15925
71751	15925
71752	15926
71753	15926
71754	15927
71755	15927
71756	15928
71757	15928
71758	15929
71759	15929
71760	15930
71761	15930
71762	15931
71763	15931
71764	15932
71765	15932
71766	15933
71767	15933
71768	15934
71769	15934
71770	15935
71771	15935
71772	15936
71773	15936
71774	15937
71775	15937
71776	15938
71777	15938
71778	15939
71779	15939
71780	15940
71781	15940
71782	15941
71783	15941
71784	15942
71785	15942
71786	15943
71787	15943
71788	15944
71789	15944
71790	15945
71791	15945
71792	15946
71793	15946
71794	15947
71795	15947
71796	15948
71797	15948
71798	15949
71799	15949
71800	15850
71801	15850
71802	15851
71803	15851
71804	15852
71805	15852
71806	15853
71807	15853
71808	15854
71809	15854
71810	15855
71811	15855
71812	15856
71813	15856
71814	15857
71815	15857
71816	15858
71817	15858
71818	15859
71819	15859
71820	15860
71821	15860
71822	15861
71823	15861
71824	15862
71825	15862
71826	15863
71827	15863
71828	15864
71829	15864
71830	15865
71831	15865
71832	15866
71833	15866
71834	15867
71835	15867
71836	15868
71837	15868
71838	15869
71839	15869
71840	15870
71841	15870
71842	15871
71843	15871
71844	15872
71845	15872
71846	15873
71847	15873
71848	15874
71849	15874
71850	15875
71851	15875
71852	15876
71853	15876
71854	15877
71855	15877
71856	15878
71857	15878
71858	15879
71859	15879
71860	15880
71861	15880
71862	15881
71863	15881
71864	15882
71865	15882
71866	15883
71867	15883
71868	15884
71869	15884
71870	15885
71871	15885
71872	15886
71873	15886
71874	15887
71875	15887
71876	15888
71877	15888
71878	15889
71879	15889
71880	15890
71881	15890
71882	15891
71883	15891
71884	15892
71885	15892
71886	15893
71887	15893
71888	15894
71889	15894
71890	15895
71891	15895
71892	15896
71893	15896
71894	15897
71895	15897
71896	15898
71897	15898
71898	15899
71899	15899
71900	15900
71901	15900
71902	15901
71903	15901
71904	15902
71905	15902
71906	15903
71907	15903
71908	15904
71909	15904
71910	15905
71911	15905
71912	15906
71913	15906
71914	15907
71915	15907
71916	15908
71917	15908
71918	15909
71919	15909
71920	15910
71921	15910
71922	15911
71923	15911
71924	15912
71925	15912
71926	15913
71927	15913
71928	15914
71929	15914
71930	15915
71931	15915
71932	15916
71933	15916
71934	15917
71935	15917
71936	15918
71937	15918
71938	15919
71939	15919
71940	15920
71941	15920
71942	15921
71943	15921
71944	15922
71945	15922
71946	15923
71947	15923
71948	15924
71949	15924
71950	15925
71951	15925
71952	15926
71953	15926
71954	15927
71955	15927
71956	15928
71957	15928
71958	15929
71959	15929
71960	15930
71961	15930
71962	15931
71963	15931
71964	15932
71965	15932
71966	15933
71967	15933
71968	15934
71969	15934
71970	15935
71971	15935
71972	15936
71973	15936
71974	15937
71975	15937
71976	15938
71977	15938
71978	15939
71979	15939
71980	15940
71981	15940
71982	15941
71983	15941
71984	15942
71985	15942
71986	15943
71987	15943
71988	15944
71989	15944
71990	15945
71991	15945
71992	15946
71993	15946
71994	15947
71995	15947
71996	15948
71997	15948
71998	15949
71999	15949
72000	16050
72001	16050
72002	16051
72003	16051
72004	16052
72005	16052
72006	16053
72007	16053
72008	16054
72009	16054
72010	16055
72011	16055
72012	16056
72013	16056
72014	16057
72015	16057
72016	16058
72017	16058
72018	16059
72019	16059
72020	16060
72021	16060
72022	16061
72023	16061
72024	16062
72025	16062
72026	16063
72027	16063
72028	16064
72029	16064
72030	16065
72031	16065
72032	16066
72033	16066
72034	16067
72035	16067
72036	16068
72037	16068
72038	16069
72039	16069
72040	16070
72041	16070
72042	16071
72043	16071
72044	16072
72045	16072
72046	16073
72047	16073
72048	16074
72049	16074
72050	16075
72051	16075
72052	16076
72053	16076
72054	16077
72055	16077
72056	16078
72057	16078
72058	16079
72059	16079
72060	16080
72061	16080
72062	16081
72063	16081
72064	16082
72065	16082
72066	16083
72067	16083
72068	16084
72069	16084
72070	16085
72071	16085
72072	16086
72073	16086
72074	16087
72075	16087
72076	16088
72077	16088
72078	16089
72079	16089
72080	16090
72081	16090
72082	16091
72083	16091
72084	16092
72085	16092
72086	16093
72087	16093
72088	16094
72089	16094
72090	16095
72091	16095
72092	16096
72093	16096
72094	16097
72095	16097
72096	16098
72097	16098
72098	16099
72099	16099
72100	16100
72101	16100
72102	16101
72103	16101
72104	16102
72105	16102
72106	16103
72107	16103
72108	16104
72109	16104
72110	16105
72111	16105
72112	16106
72113	16106
72114	16107
72115	16107
72116	16108
72117	16108
72118	16109
72119	16109
72120	16110
72121	16110
72122	16111
72123	16111
72124	16112
72125	16112
72126	16113
72127	16113
72128	16114
72129	16114
72130	16115
72131	16115
72132	16116
72133	16116
72134	16117
72135	16117
72136	16118
72137	16118
72138	16119
72139	16119
72140	16120
72141	16120
72142	16121
72143	16121
72144	16122
72145	16122
72146	16123
72147	16123
72148	16124
72149	16124
72150	16125
72151	16125
72152	16126
72153	16126
72154	16127
72155	16127
72156	16128
72157	16128
72158	16129
72159	16129
72160	16130
72161	16130
72162	16131
72163	16131
72164	16132
72165	16132
72166	16133
72167	16133
72168	16134
72169	16134
72170	16135
72171	16135
72172	16136
72173	16136
72174	16137
72175	16137
72176	16138
72177	16138
72178	16139
72179	16139
72180	16140
72181	16140
72182	16141
72183	16141
72184	16142
72185	16142
72186	16143
72187	16143
72188	16144
72189	16144
72190	16145
72191	16145
72192	16146
72193	16146
72194	16147
72195	16147
72196	16148
72197	16148
72198	16149
72199	16149
72200	16050
72201	16050
72202	16051
72203	16051
72204	16052
72205	16052
72206	16053
72207	16053
72208	16054
72209	16054
72210	16055
72211	16055
72212	16056
72213	16056
72214	16057
72215	16057
72216	16058
72217	16058
72218	16059
72219	16059
72220	16060
72221	16060
72222	16061
72223	16061
72224	16062
72225	16062
72226	16063
72227	16063
72228	16064
72229	16064
72230	16065
72231	16065
72232	16066
72233	16066
72234	16067
72235	16067
72236	16068
72237	16068
72238	16069
72239	16069
72240	16070
72241	16070
72242	16071
72243	16071
72244	16072
72245	16072
72246	16073
72247	16073
72248	16074
72249	16074
72250	16075
72251	16075
72252	16076
72253	16076
72254	16077
72255	16077
72256	16078
72257	16078
72258	16079
72259	16079
72260	16080
72261	16080
72262	16081
72263	16081
72264	16082
72265	16082
72266	16083
72267	16083
72268	16084
72269	16084
72270	16085
72271	16085
72272	16086
72273	16086
72274	16087
72275	16087
72276	16088
72277	16088
72278	16089
72279	16089
72280	16090
72281	16090
72282	16091
72283	16091
72284	16092
72285	16092
72286	16093
72287	16093
72288	16094
72289	16094
72290	16095
72291	16095
72292	16096
72293	16096
72294	16097
72295	16097
72296	16098
72297	16098
72298	16099
72299	16099
72300	16100
72301	16100
72302	16101
72303	16101
72304	16102
72305	16102
72306	16103
72307	16103
72308	16104
72309	16104
72310	16105
72311	16105
72312	16106
72313	16106
72314	16107
72315	16107
72316	16108
72317	16108
72318	16109
72319	16109
72320	16110
72321	16110
72322	16111
72323	16111
72324	16112
72325	16112
72326	16113
72327	16113
72328	16114
72329	16114
72330	16115
72331	16115
72332	16116
72333	16116
72334	16117
72335	16117
72336	16118
72337	16118
72338	16119
72339	16119
72340	16120
72341	16120
72342	16121
72343	16121
72344	16122
72345	16122
72346	16123
72347	16123
72348	16124
72349	16124
72350	16125
72351	16125
72352	16126
72353	16126
72354	16127
72355	16127
72356	16128
72357	16128
72358	16129
72359	16129
72360	16130
72361	16130
72362	16131
72363	16131
72364	16132
72365	16132
72366	16133
72367	16133
72368	16134
72369	16134
72370	16135
72371	16135
72372	16136
72373	16136
72374	16137
72375	16137
72376	16138
72377	16138
72378	16139
72379	16139
72380	16140
72381	16140
72382	16141
72383	16141
72384	16142
72385	16142
72386	16143
72387	16143
72388	16144
72389	16144
72390	16145
72391	16145
72392	16146
72393	16146
72394	16147
72395	16147
72396	16148
72397	16148
72398	16149
72399	16149
72400	16250
72401	16250
72402	16251
72403	16251
72404	16252
72405	16252
72406	16253
72407	16253
72408	16254
72409	16254
72410	16255
72411	16255
72412	16256
72413	16256
72414	16257
72415	16257
72416	16258
72417	16258
72418	16259
72419	16259
72420	16260
72421	16260
72422	16261
72423	16261
72424	16262
72425	16262
72426	16263
72427	16263
72428	16264
72429	16264
72430	16265
72431	16265
72432	16266
72433	16266
72434	16267
72435	16267
72436	16268
72437	16268
72438	16269
72439	16269
72440	16270
72441	16270
72442	16271
72443	16271
72444	16272
72445	16272
72446	16273
72447	16273
72448	16274
72449	16274
72450	16275
72451	16275
72452	16276
72453	16276
72454	16277
72455	16277
72456	16278
72457	16278
72458	16279
72459	16279
72460	16280
72461	16280
72462	16281
72463	16281
72464	16282
72465	16282
72466	16283
72467	16283
72468	16284
72469	16284
72470	16285
72471	16285
72472	16286
72473	16286
72474	16287
72475	16287
72476	16288
72477	16288
72478	16289
72479	16289
72480	16290
72481	16290
72482	16291
72483	16291
72484	16292
72485	16292
72486	16293
72487	16293
72488	16294
72489	16294
72490	16295
72491	16295
72492	16296
72493	16296
72494	16297
72495	16297
72496	16298
72497	16298
72498	16299
72499	16299
72500	16300
72501	16300
72502	16301
72503	16301
72504	16302
72505	16302
72506	16303
72507	16303
72508	16304
72509	16304
72510	16305
72511	16305
72512	16306
72513	16306
72514	16307
72515	16307
72516	16308
72517	16308
72518	16309
72519	16309
72520	16310
72521	16310
72522	16311
72523	16311
72524	16312
72525	16312
72526	16313
72527	16313
72528	16314
72529	16314
72530	16315
72531	16315
72532	16316
72533	16316
72534	16317
72535	16317
72536	16318
72537	16318
72538	16319
72539	16319
72540	16320
72541	16320
72542	16321
72543	16321
72544	16322
72545	16322
72546	16323
72547	16323
72548	16324
72549	16324
72550	16325
72551	16325
72552	16326
72553	16326
72554	16327
72555	16327
72556	16328
72557	16328
72558	16329
72559	16329
72560	16330
72561	16330
72562	16331
72563	16331
72564	16332
72565	16332
72566	16333
72567	16333
72568	16334
72569	16334
72570	16335
72571	16335
72572	16336
72573	16336
72574	16337
72575	16337
72576	16338
72577	16338
72578	16339
72579	16339
72580	16340
72581	16340
72582	16341
72583	16341
72584	16342
72585	16342
72586	16343
72587	16343
72588	16344
72589	16344
72590	16345
72591	16345
72592	16346
72593	16346
72594	16347
72595	16347
72596	16348
72597	16348
72598	16349
72599	16349
72600	16250
72601	16250
72602	16251
72603	16251
72604	16252
72605	16252
72606	16253
72607	16253
72608	16254
72609	16254
72610	16255
72611	16255
72612	16256
72613	16256
72614	16257
72615	16257
72616	16258
72617	16258
72618	16259
72619	16259
72620	16260
72621	16260
72622	16261
72623	16261
72624	16262
72625	16262
72626	16263
72627	16263
72628	16264
72629	16264
72630	16265
72631	16265
72632	16266
72633	16266
72634	16267
72635	16267
72636	16268
72637	16268
72638	16269
72639	16269
72640	16270
72641	16270
72642	16271
72643	16271
72644	16272
72645	16272
72646	16273
72647	16273
72648	16274
72649	16274
72650	16275
72651	16275
72652	16276
72653	16276
72654	16277
72655	16277
72656	16278
72657	16278
72658	16279
72659	16279
72660	16280
72661	16280
72662	16281
72663	16281
72664	16282
72665	16282
72666	16283
72667	16283
72668	16284
72669	16284
72670	16285
72671	16285
72672	16286
72673	16286
72674	16287
72675	16287
72676	16288
72677	16288
72678	16289
72679	16289
72680	16290
72681	16290
72682	16291
72683	16291
72684	16292
72685	16292
72686	16293
72687	16293
72688	16294
72689	16294
72690	16295
72691	16295
72692	16296
72693	16296
72694	16297
72695	16297
72696	16298
72697	16298
72698	16299
72699	16299
72700	16300
72701	16300
72702	16301
72703	16301
72704	16302
72705	16302
72706	16303
72707	16303
72708	16304
72709	16304
72710	16305
72711	16305
72712	16306
72713	16306
72714	16307
72715	16307
72716	16308
72717	16308
72718	16309
72719	16309
72720	16310
72721	16310
72722	16311
72723	16311
72724	16312
72725	16312
72726	16313
72727	16313
72728	16314
72729	16314
72730	16315
72731	16315
72732	16316
72733	16316
72734	16317
72735	16317
72736	16318
72737	16318
72738	16319
72739	16319
72740	16320
72741	16320
72742	16321
72743	16321
72744	16322
72745	16322
72746	16323
72747	16323
72748	16324
72749	16324
72750	16325
72751	16325
72752	16326
72753	16326
72754	16327
72755	16327
72756	16328
72757	16328
72758	16329
72759	16329
72760	16330
72761	16330
72762	16331
72763	16331
72764	16332
72765	16332
72766	16333
72767	16333
72768	16334
72769	16334
72770	16335
72771	16335
72772	16336
72773	16336
72774	16337
72775	16337
72776	16338
72777	16338
72778	16339
72779	16339
72780	16340
72781	16340
72782	16341
72783	16341
72784	16342
72785	16342
72786	16343
72787	16343
72788	16344
72789	16344
72790	16345
72791	16345
72792	16346
72793	16346
72794	16347
72795	16347
72796	16348
72797	16348
72798	16349
72799	16349
72800	16450
72801	16450
72802	16451
72803	16451
72804	16452
72805	16452
72806	16453
72807	16453
72808	16454
72809	16454
72810	16455
72811	16455
72812	16456
72813	16456
72814	16457
72815	16457
72816	16458
72817	16458
72818	16459
72819	16459
72820	16460
72821	16460
72822	16461
72823	16461
72824	16462
72825	16462
72826	16463
72827	16463
72828	16464
72829	16464
72830	16465
72831	16465
72832	16466
72833	16466
72834	16467
72835	16467
72836	16468
72837	16468
72838	16469
72839	16469
72840	16470
72841	16470
72842	16471
72843	16471
72844	16472
72845	16472
72846	16473
72847	16473
72848	16474
72849	16474
72850	16475
72851	16475
72852	16476
72853	16476
72854	16477
72855	16477
72856	16478
72857	16478
72858	16479
72859	16479
72860	16480
72861	16480
72862	16481
72863	16481
72864	16482
72865	16482
72866	16483
72867	16483
72868	16484
72869	16484
72870	16485
72871	16485
72872	16486
72873	16486
72874	16487
72875	16487
72876	16488
72877	16488
72878	16489
72879	16489
72880	16490
72881	16490
72882	16491
72883	16491
72884	16492
72885	16492
72886	16493
72887	16493
72888	16494
72889	16494
72890	16495
72891	16495
72892	16496
72893	16496
72894	16497
72895	16497
72896	16498
72897	16498
72898	16499
72899	16499
72900	16500
72901	16500
72902	16501
72903	16501
72904	16502
72905	16502
72906	16503
72907	16503
72908	16504
72909	16504
72910	16505
72911	16505
72912	16506
72913	16506
72914	16507
72915	16507
72916	16508
72917	16508
72918	16509
72919	16509
72920	16510
72921	16510
72922	16511
72923	16511
72924	16512
72925	16512
72926	16513
72927	16513
72928	16514
72929	16514
72930	16515
72931	16515
72932	16516
72933	16516
72934	16517
72935	16517
72936	16518
72937	16518
72938	16519
72939	16519
72940	16520
72941	16520
72942	16521
72943	16521
72944	16522
72945	16522
72946	16523
72947	16523
72948	16524
72949	16524
72950	16525
72951	16525
72952	16526
72953	16526
72954	16527
72955	16527
72956	16528
72957	16528
72958	16529
72959	16529
72960	16530
72961	16530
72962	16531
72963	16531
72964	16532
72965	16532
72966	16533
72967	16533
72968	16534
72969	16534
72970	16535
72971	16535
72972	16536
72973	16536
72974	16537
72975	16537
72976	16538
72977	16538
72978	16539
72979	16539
72980	16540
72981	16540
72982	16541
72983	16541
72984	16542
72985	16542
72986	16543
72987	16543
72988	16544
72989	16544
72990	16545
72991	16545
72992	16546
72993	16546
72994	16547
72995	16547
72996	16548
72997	16548
72998	16549
72999	16549
73000	16450
73001	16450
73002	16451
73003	16451
73004	16452
73005	16452
73006	16453
73007	16453
73008	16454
73009	16454
73010	16455
73011	16455
73012	16456
73013	16456
73014	16457
73015	16457
73016	16458
73017	16458
73018	16459
73019	16459
73020	16460
73021	16460
73022	16461
73023	16461
73024	16462
73025	16462
73026	16463
73027	16463
73028	16464
73029	16464
73030	16465
73031	16465
73032	16466
73033	16466
73034	16467
73035	16467
73036	16468
73037	16468
73038	16469
73039	16469
73040	16470
73041	16470
73042	16471
73043	16471
73044	16472
73045	16472
73046	16473
73047	16473
73048	16474
73049	16474
73050	16475
73051	16475
73052	16476
73053	16476
73054	16477
73055	16477
73056	16478
73057	16478
73058	16479
73059	16479
73060	16480
73061	16480
73062	16481
73063	16481
73064	16482
73065	16482
73066	16483
73067	16483
73068	16484
73069	16484
73070	16485
73071	16485
73072	16486
73073	16486
73074	16487
73075	16487
73076	16488
73077	16488
73078	16489
73079	16489
73080	16490
73081	16490
73082	16491
73083	16491
73084	16492
73085	16492
73086	16493
73087	16493
73088	16494
73089	16494
73090	16495
73091	16495
73092	16496
73093	16496
73094	16497
73095	16497
73096	16498
73097	16498
73098	16499
73099	16499
73100	16500
73101	16500
73102	16501
73103	16501
73104	16502
73105	16502
73106	16503
73107	16503
73108	16504
73109	16504
73110	16505
73111	16505
73112	16506
73113	16506
73114	16507
73115	16507
73116	16508
73117	16508
73118	16509
73119	16509
73120	16510
73121	16510
73122	16511
73123	16511
73124	16512
73125	16512
73126	16513
73127	16513
73128	16514
73129	16514
73130	16515
73131	16515
73132	16516
73133	16516
73134	16517
73135	16517
73136	16518
73137	16518
73138	16519
73139	16519
73140	16520
73141	16520
73142	16521
73143	16521
73144	16522
73145	16522
73146	16523
73147	16523
73148	16524
73149	16524
73150	16525
73151	16525
73152	16526
73153	16526
73154	16527
73155	16527
73156	16528
73157	16528
73158	16529
73159	16529
73160	16530
73161	16530
73162	16531
73163	16531
73164	16532
73165	16532
73166	16533
73167	16533
73168	16534
73169	16534
73170	16535
73171	16535
73172	16536
73173	16536
73174	16537
73175	16537
73176	16538
73177	16538
73178	16539
73179	16539
73180	16540
73181	16540
73182	16541
73183	16541
73184	16542
73185	16542
73186	16543
73187	16543
73188	16544
73189	16544
73190	16545
73191	16545
73192	16546
73193	16546
73194	16547
73195	16547
73196	16548
73197	16548
73198	16549
73199	16549
73200	16650
73201	16650
73202	16651
73203	16651
73204	16652
73205	16652
73206	16653
73207	16653
73208	16654
73209	16654
73210	16655
73211	16655
73212	16656
73213	16656
73214	16657
73215	16657
73216	16658
73217	16658
73218	16659
73219	16659
73220	16660
73221	16660
73222	16661
73223	16661
73224	16662
73225	16662
73226	16663
73227	16663
73228	16664
73229	16664
73230	16665
73231	16665
73232	16666
73233	16666
73234	16667
73235	16667
73236	16668
73237	16668
73238	16669
73239	16669
73240	16670
73241	16670
73242	16671
73243	16671
73244	16672
73245	16672
73246	16673
73247	16673
73248	16674
73249	16674
73250	16675
73251	16675
73252	16676
73253	16676
73254	16677
73255	16677
73256	16678
73257	16678
73258	16679
73259	16679
73260	16680
73261	16680
73262	16681
73263	16681
73264	16682
73265	16682
73266	16683
73267	16683
73268	16684
73269	16684
73270	16685
73271	16685
73272	16686
73273	16686
73274	16687
73275	16687
73276	16688
73277	16688
73278	16689
73279	16689
73280	16690
73281	16690
73282	16691
73283	16691
73284	16692
73285	16692
73286	16693
73287	16693
73288	16694
73289	16694
73290	16695
73291	16695
73292	16696
73293	16696
73294	16697
73295	16697
73296	16698
73297	16698
73298	16699
73299	16699
73300	16700
73301	16700
73302	16701
73303	16701
73304	16702
73305	16702
73306	16703
73307	16703
73308	16704
73309	16704
73310	16705
73311	16705
73312	16706
73313	16706
73314	16707
73315	16707
73316	16708
73317	16708
73318	16709
73319	16709
73320	16710
73321	16710
73322	16711
73323	16711
73324	16712
73325	16712
73326	16713
73327	16713
73328	16714
73329	16714
73330	16715
73331	16715
73332	16716
73333	16716
73334	16717
73335	16717
73336	16718
73337	16718
73338	16719
73339	16719
73340	16720
73341	16720
73342	16721
73343	16721
73344	16722
73345	16722
73346	16723
73347	16723
73348	16724
73349	16724
73350	16725
73351	16725
73352	16726
73353	16726
73354	16727
73355	16727
73356	16728
73357	16728
73358	16729
73359	16729
73360	16730
73361	16730
73362	16731
73363	16731
73364	16732
73365	16732
73366	16733
73367	16733
73368	16734
73369	16734
73370	16735
73371	16735
73372	16736
73373	16736
73374	16737
73375	16737
73376	16738
73377	16738
73378	16739
73379	16739
73380	16740
73381	16740
73382	16741
73383	16741
73384	16742
73385	16742
73386	16743
73387	16743
73388	16744
73389	16744
73390	16745
73391	16745
73392	16746
73393	16746
73394	16747
73395	16747
73396	16748
73397	16748
73398	16749
73399	16749
73400	16650
73401	16650
73402	16651
73403	16651
73404	16652
73405	16652
73406	16653
73407	16653
73408	16654
73409	16654
73410	16655
73411	16655
73412	16656
73413	16656
73414	16657
73415	16657
73416	16658
73417	16658
73418	16659
73419	16659
73420	16660
73421	16660
73422	16661
73423	16661
73424	16662
73425	16662
73426	16663
73427	16663
73428	16664
73429	16664
73430	16665
73431	16665
73432	16666
73433	16666
73434	16667
73435	16667
73436	16668
73437	16668
73438	16669
73439	16669
73440	16670
73441	16670
73442	16671
73443	16671
73444	16672
73445	16672
73446	16673
73447	16673
73448	16674
73449	16674
73450	16675
73451	16675
73452	16676
73453	16676
73454	16677
73455	16677
73456	16678
73457	16678
73458	16679
73459	16679
73460	16680
73461	16680
73462	16681
73463	16681
73464	16682
73465	16682
73466	16683
73467	16683
73468	16684
73469	16684
73470	16685
73471	16685
73472	16686
73473	16686
73474	16687
73475	16687
73476	16688
73477	16688
73478	16689
73479	16689
73480	16690
73481	16690
73482	16691
73483	16691
73484	16692
73485	16692
73486	16693
73487	16693
73488	16694
73489	16694
73490	16695
73491	16695
73492	16696
73493	16696
73494	16697
73495	16697
73496	16698
73497	16698
73498	16699
73499	16699
73500	16700
73501	16700
73502	16701
73503	16701
73504	16702
73505	16702
73506	16703
73507	16703
73508	16704
73509	16704
73510	16705
73511	16705
73512	16706
73513	16706
73514	16707
73515	16707
73516	16708
73517	16708
73518	16709
73519	16709
73520	16710
73521	16710
73522	16711
73523	16711
73524	16712
73525	16712
73526	16713
73527	16713
73528	16714
73529	16714
73530	16715
73531	16715
73532	16716
73533	16716
73534	16717
73535	16717
73536	16718
73537	16718
73538	16719
73539	16719
73540	16720
73541	16720
73542	16721
73543	16721
73544	16722
73545	16722
73546	16723
73547	16723
73548	16724
73549	16724
73550	16725
73551	16725
73552	16726
73553	16726
73554	16727
73555	16727
73556	16728
73557	16728
73558	16729
73559	16729
73560	16730
73561	16730
73562	16731
73563	16731
73564	16732
73565	16732
73566	16733
73567	16733
73568	16734
73569	16734
73570	16735
73571	16735
73572	16736
73573	16736
73574	16737
73575	16737
73576	16738
73577	16738
73578	16739
73579	16739
73580	16740
73581	16740
73582	16741
73583	16741
73584	16742
73585	16742
73586	16743
73587	16743
73588	16744
73589	16744
73590	16745
73591	16745
73592	16746
73593	16746
73594	16747
73595	16747
73596	16748
73597	16748
73598	16749
73599	16749
73600	16850
73601	16850
73602	16851
73603	16851
73604	16852
73605	16852
73606	16853
73607	16853
73608	16854
73609	16854
73610	16855
73611	16855
73612	16856
73613	16856
73614	16857
73615	16857
73616	16858
73617	16858
73618	16859
73619	16859
73620	16860
73621	16860
73622	16861
73623	16861
73624	16862
73625	16862
73626	16863
73627	16863
73628	16864
73629	16864
73630	16865
73631	16865
73632	16866
73633	16866
73634	16867
73635	16867
73636	16868
73637	16868
73638	16869
73639	16869
73640	16870
73641	16870
73642	16871
73643	16871
73644	16872
73645	16872
73646	16873
73647	16873
73648	16874
73649	16874
73650	16875
73651	16875
73652	16876
73653	16876
73654	16877
73655	16877
73656	16878
73657	16878
73658	16879
73659	16879
73660	16880
73661	16880
73662	16881
73663	16881
73664	16882
73665	16882
73666	16883
73667	16883
73668	16884
73669	16884
73670	16885
73671	16885
73672	16886
73673	16886
73674	16887
73675	16887
73676	16888
73677	16888
73678	16889
73679	16889
73680	16890
73681	16890
73682	16891
73683	16891
73684	16892
73685	16892
73686	16893
73687	16893
73688	16894
73689	16894
73690	16895
73691	16895
73692	16896
73693	16896
73694	16897
73695	16897
73696	16898
73697	16898
73698	16899
73699	16899
73700	16900
73701	16900
73702	16901
73703	16901
73704	16902
73705	16902
73706	16903
73707	16903
73708	16904
73709	16904
73710	16905
73711	16905
73712	16906
73713	16906
73714	16907
73715	16907
73716	16908
73717	16908
73718	16909
73719	16909
73720	16910
73721	16910
73722	16911
73723	16911
73724	16912
73725	16912
73726	16913
73727	16913
73728	16914
73729	16914
73730	16915
73731	16915
73732	16916
73733	16916
73734	16917
73735	16917
73736	16918
73737	16918
73738	16919
73739	16919
73740	16920
73741	16920
73742	16921
73743	16921
73744	16922
73745	16922
73746	16923
73747	16923
73748	16924
73749	16924
73750	16925
73751	16925
73752	16926
73753	16926
73754	16927
73755	16927
73756	16928
73757	16928
73758	16929
73759	16929
73760	16930
73761	16930
73762	16931
73763	16931
73764	16932
73765	16932
73766	16933
73767	16933
73768	16934
73769	16934
73770	16935
73771	16935
73772	16936
73773	16936
73774	16937
73775	16937
73776	16938
73777	16938
73778	16939
73779	16939
73780	16940
73781	16940
73782	16941
73783	16941
73784	16942
73785	16942
73786	16943
73787	16943
73788	16944
73789	16944
73790	16945
73791	16945
73792	16946
73793	16946
73794	16947
73795	16947
73796	16948
73797	16948
73798	16949
73799	16949
73800	16850
73801	16850
73802	16851
73803	16851
73804	16852
73805	16852
73806	16853
73807	16853
73808	16854
73809	16854
73810	16855
73811	16855
73812	16856
73813	16856
73814	16857
73815	16857
73816	16858
73817	16858
73818	16859
73819	16859
73820	16860
73821	16860
73822	16861
73823	16861
73824	16862
73825	16862
73826	16863
73827	16863
73828	16864
73829	16864
73830	16865
73831	16865
73832	16866
73833	16866
73834	16867
73835	16867
73836	16868
73837	16868
73838	16869
73839	16869
73840	16870
73841	16870
73842	16871
73843	16871
73844	16872
73845	16872
73846	16873
73847	16873
73848	16874
73849	16874
73850	16875
73851	16875
73852	16876
73853	16876
73854	16877
73855	16877
73856	16878
73857	16878
73858	16879
73859	16879
73860	16880
73861	16880
73862	16881
73863	16881
73864	16882
73865	16882
73866	16883
73867	16883
73868	16884
73869	16884
73870	16885
73871	16885
73872	16886
73873	16886
73874	16887
73875	16887
73876	16888
73877	16888
73878	16889
73879	16889
73880	16890
73881	16890
73882	16891
73883	16891
73884	16892
73885	16892
73886	16893
73887	16893
73888	16894
73889	16894
73890	16895
73891	16895
73892	16896
73893	16896
73894	16897
73895	16897
73896	16898
73897	16898
73898	16899
73899	16899
73900	16900
73901	16900
73902	16901
73903	16901
73904	16902
73905	16902
73906	16903
73907	16903
73908	16904
73909	16904
73910	16905
73911	16905
73912	16906
73913	16906
73914	16907
73915	16907
73916	16908
73917	16908
73918	16909
73919	16909
73920	16910
73921	16910
73922	16911
73923	16911
73924	16912
73925	16912
73926	16913
73927	16913
73928	16914
73929	16914
73930	16915
73931	16915
73932	16916
73933	16916
73934	16917
73935	16917
73936	16918
73937	16918
73938	16919
73939	16919
73940	16920
73941	16920
73942	16921
73943	16921
73944	16922
73945	16922
73946	16923
73947	16923
73948	16924
73949	16924
73950	16925
73951	16925
73952	16926
73953	16926
73954	16927
73955	16927
73956	16928
73957	16928
73958	16929
73959	16929
73960	16930
73961	16930
73962	16931
73963	16931
73964	16932
73965	16932
73966	16933
73967	16933
73968	16934
73969	16934
73970	16935
73971	16935
73972	16936
73973	16936
73974	16937
73975	16937
73976	16938
73977	16938
73978	16939
73979	16939
73980	16940
73981	16940
73982	16941
73983	16941
73984	16942
73985	16942
73986	16943
73987	16943
73988	16944
73989	16944
73990	16945
73991	16945
73992	16946
73993	16946
73994	16947
73995	16947
73996	16948
73997	16948
73998	16949
73999	16949
74000	17050
74001	17050
74002	17051
74003	17051
74004	17052
74005	17052
74006	17053
74007	17053
74008	17054
74009	17054
74010	17055
74011	17055
74012	17056
74013	17056
74014	17057
74015	17057
74016	17058
74017	17058
74018	17059
74019	17059
74020	17060
74021	17060
74022	17061
74023	17061
74024	17062
74025	17062
74026	17063
74027	17063
74028	17064
74029	17064
74030	17065
74031	17065
74032	17066
74033	17066
74034	17067
74035	17067
74036	17068
74037	17068
74038	17069
74039	17069
74040	17070
74041	17070
74042	17071
74043	17071
74044	17072
74045	17072
74046	17073
74047	17073
74048	17074
74049	17074
74050	17075
74051	17075
74052	17076
74053	17076
74054	17077
74055	17077
74056	17078
74057	17078
74058	17079
74059	17079
74060	17080
74061	17080
74062	17081
74063	17081
74064	17082
74065	17082
74066	17083
74067	17083
74068	17084
74069	17084
74070	17085
74071	17085
74072	17086
74073	17086
74074	17087
74075	17087
74076	17088
74077	17088
74078	17089
74079	17089
74080	17090
74081	17090
74082	17091
74083	17091
74084	17092
74085	17092
74086	17093
74087	17093
74088	17094
74089	17094
74090	17095
74091	17095
74092	17096
74093	17096
74094	17097
74095	17097
74096	17098
74097	17098
74098	17099
74099	17099
74100	17100
74101	17100
74102	17101
74103	17101
74104	17102
74105	17102
74106	17103
74107	17103
74108	17104
74109	17104
74110	17105
74111	17105
74112	17106
74113	17106
74114	17107
74115	17107
74116	17108
74117	17108
74118	17109
74119	17109
74120	17110
74121	17110
74122	17111
74123	17111
74124	17112
74125	17112
74126	17113
74127	17113
74128	17114
74129	17114
74130	17115
74131	17115
74132	17116
74133	17116
74134	17117
74135	17117
74136	17118
74137	17118
74138	17119
74139	17119
74140	17120
74141	17120
74142	17121
74143	17121
74144	17122
74145	17122
74146	17123
74147	17123
74148	17124
74149	17124
74150	17125
74151	17125
74152	17126
74153	17126
74154	17127
74155	17127
74156	17128
74157	17128
74158	17129
74159	17129
74160	17130
74161	17130
74162	17131
74163	17131
74164	17132
74165	17132
74166	17133
74167	17133
74168	17134
74169	17134
74170	17135
74171	17135
74172	17136
74173	17136
74174	17137
74175	17137
74176	17138
74177	17138
74178	17139
74179	17139
74180	17140
74181	17140
74182	17141
74183	17141
74184	17142
74185	17142
74186	17143
74187	17143
74188	17144
74189	17144
74190	17145
74191	17145
74192	17146
74193	17146
74194	17147
74195	17147
74196	17148
74197	17148
74198	17149
74199	17149
74200	17050
74201	17050
74202	17051
74203	17051
74204	17052
74205	17052
74206	17053
74207	17053
74208	17054
74209	17054
74210	17055
74211	17055
74212	17056
74213	17056
74214	17057
74215	17057
74216	17058
74217	17058
74218	17059
74219	17059
74220	17060
74221	17060
74222	17061
74223	17061
74224	17062
74225	17062
74226	17063
74227	17063
74228	17064
74229	17064
74230	17065
74231	17065
74232	17066
74233	17066
74234	17067
74235	17067
74236	17068
74237	17068
74238	17069
74239	17069
74240	17070
74241	17070
74242	17071
74243	17071
74244	17072
74245	17072
74246	17073
74247	17073
74248	17074
74249	17074
74250	17075
74251	17075
74252	17076
74253	17076
74254	17077
74255	17077
74256	17078
74257	17078
74258	17079
74259	17079
74260	17080
74261	17080
74262	17081
74263	17081
74264	17082
74265	17082
74266	17083
74267	17083
74268	17084
74269	17084
74270	17085
74271	17085
74272	17086
74273	17086
74274	17087
74275	17087
74276	17088
74277	17088
74278	17089
74279	17089
74280	17090
74281	17090
74282	17091
74283	17091
74284	17092
74285	17092
74286	17093
74287	17093
74288	17094
74289	17094
74290	17095
74291	17095
74292	17096
74293	17096
74294	17097
74295	17097
74296	17098
74297	17098
74298	17099
74299	17099
74300	17100
74301	17100
74302	17101
74303	17101
74304	17102
74305	17102
74306	17103
74307	17103
74308	17104
74309	17104
74310	17105
74311	17105
74312	17106
74313	17106
74314	17107
74315	17107
74316	17108
74317	17108
74318	17109
74319	17109
74320	17110
74321	17110
74322	17111
74323	17111
74324	17112
74325	17112
74326	17113
74327	17113
74328	17114
74329	17114
74330	17115
74331	17115
74332	17116
74333	17116
74334	17117
74335	17117
74336	17118
74337	17118
74338	17119
74339	17119
74340	17120
74341	17120
74342	17121
74343	17121
74344	17122
74345	17122
74346	17123
74347	17123
74348	17124
74349	17124
74350	17125
74351	17125
74352	17126
74353	17126
74354	17127
74355	17127
74356	17128
74357	17128
74358	17129
74359	17129
74360	17130
74361	17130
74362	17131
74363	17131
74364	17132
74365	17132
74366	17133
74367	17133
74368	17134
74369	17134
74370	17135
74371	17135
74372	17136
74373	17136
74374	17137
74375	17137
74376	17138
74377	17138
74378	17139
74379	17139
74380	17140
74381	17140
74382	17141
74383	17141
74384	17142
74385	17142
74386	17143
74387	17143
74388	17144
74389	17144
74390	17145
74391	17145
74392	17146
74393	17146
74394	17147
74395	17147
74396	17148
74397	17148
74398	17149
74399	17149
74400	17250
74401	17250
74402	17251
74403	17251
74404	17252
74405	17252
74406	17253
74407	17253
74408	17254
74409	17254
74410	17255
74411	17255
74412	17256
74413	17256
74414	17257
74415	17257
74416	17258
74417	17258
74418	17259
74419	17259
74420	17260
74421	17260
74422	17261
74423	17261
74424	17262
74425	17262
74426	17263
74427	17263
74428	17264
74429	17264
74430	17265
74431	17265
74432	17266
74433	17266
74434	17267
74435	17267
74436	17268
74437	17268
74438	17269
74439	17269
74440	17270
74441	17270
74442	17271
74443	17271
74444	17272
74445	17272
74446	17273
74447	17273
74448	17274
74449	17274
74450	17275
74451	17275
74452	17276
74453	17276
74454	17277
74455	17277
74456	17278
74457	17278
74458	17279
74459	17279
74460	17280
74461	17280
74462	17281
74463	17281
74464	17282
74465	17282
74466	17283
74467	17283
74468	17284
74469	17284
74470	17285
74471	17285
74472	17286
74473	17286
74474	17287
74475	17287
74476	17288
74477	17288
74478	17289
74479	17289
74480	17290
74481	17290
74482	17291
74483	17291
74484	17292
74485	17292
74486	17293
74487	17293
74488	17294
74489	17294
74490	17295
74491	17295
74492	17296
74493	17296
74494	17297
74495	17297
74496	17298
74497	17298
74498	17299
74499	17299
74500	17300
74501	17300
74502	17301
74503	17301
74504	17302
74505	17302
74506	17303
74507	17303
74508	17304
74509	17304
74510	17305
74511	17305
74512	17306
74513	17306
74514	17307
74515	17307
74516	17308
74517	17308
74518	17309
74519	17309
74520	17310
74521	17310
74522	17311
74523	17311
74524	17312
74525	17312
74526	17313
74527	17313
74528	17314
74529	17314
74530	17315
74531	17315
74532	17316
74533	17316
74534	17317
74535	17317
74536	17318
74537	17318
74538	17319
74539	17319
74540	17320
74541	17320
74542	17321
74543	17321
74544	17322
74545	17322
74546	17323
74547	17323
74548	17324
74549	17324
74550	17325
74551	17325
74552	17326
74553	17326
74554	17327
74555	17327
74556	17328
74557	17328
74558	17329
74559	17329
74560	17330
74561	17330
74562	17331
74563	17331
74564	17332
74565	17332
74566	17333
74567	17333
74568	17334
74569	17334
74570	17335
74571	17335
74572	17336
74573	17336
74574	17337
74575	17337
74576	17338
74577	17338
74578	17339
74579	17339
74580	17340
74581	17340
74582	17341
74583	17341
74584	17342
74585	17342
74586	17343
74587	17343
74588	17344
74589	17344
74590	17345
74591	17345
74592	17346
74593	17346
74594	17347
74595	17347
74596	17348
74597	17348
74598	17349
74599	17349
74600	17250
74601	17250
74602	17251
74603	17251
74604	17252
74605	17252
74606	17253
74607	17253
74608	17254
74609	17254
74610	17255
74611	17255
74612	17256
74613	17256
74614	17257
74615	17257
74616	17258
74617	17258
74618	17259
74619	17259
74620	17260
74621	17260
74622	17261
74623	17261
74624	17262
74625	17262
74626	17263
74627	17263
74628	17264
74629	17264
74630	17265
74631	17265
74632	17266
74633	17266
74634	17267
74635	17267
74636	17268
74637	17268
74638	17269
74639	17269
74640	17270
74641	17270
74642	17271
74643	17271
74644	17272
74645	17272
74646	17273
74647	17273
74648	17274
74649	17274
74650	17275
74651	17275
74652	17276
74653	17276
74654	17277
74655	17277
74656	17278
74657	17278
74658	17279
74659	17279
74660	17280
74661	17280
74662	17281
74663	17281
74664	17282
74665	17282
74666	17283
74667	17283
74668	17284
74669	17284
74670	17285
74671	17285
74672	17286
74673	17286
74674	17287
74675	17287
74676	17288
74677	17288
74678	17289
74679	17289
74680	17290
74681	17290
74682	17291
74683	17291
74684	17292
74685	17292
74686	17293
74687	17293
74688	17294
74689	17294
74690	17295
74691	17295
74692	17296
74693	17296
74694	17297
74695	17297
74696	17298
74697	17298
74698	17299
74699	17299
74700	17300
74701	17300
74702	17301
74703	17301
74704	17302
74705	17302
74706	17303
74707	17303
74708	17304
74709	17304
74710	17305
74711	17305
74712	17306
74713	17306
74714	17307
74715	17307
74716	17308
74717	17308
74718	17309
74719	17309
74720	17310
74721	17310
74722	17311
74723	17311
74724	17312
74725	17312
74726	17313
74727	17313
74728	17314
74729	17314
74730	17315
74731	17315
74732	17316
74733	17316
74734	17317
74735	17317
74736	17318
74737	17318
74738	17319
74739	17319
74740	17320
74741	17320
74742	17321
74743	17321
74744	17322
74745	17322
74746	17323
74747	17323
74748	17324
74749	17324
74750	17325
74751	17325
74752	17326
74753	17326
74754	17327
74755	17327
74756	17328
74757	17328
74758	17329
74759	17329
74760	17330
74761	17330
74762	17331
74763	17331
74764	17332
74765	17332
74766	17333
74767	17333
74768	17334
74769	17334
74770	17335
74771	17335
74772	17336
74773	17336
74774	17337
74775	17337
74776	17338
74777	17338
74778	17339
74779	17339
74780	17340
74781	17340
74782	17341
74783	17341
74784	17342
74785	17342
74786	17343
74787	17343
74788	17344
74789	17344
74790	17345
74791	17345
74792	17346
74793	17346
74794	17347
74795	17347
74796	17348
74797	17348
74798	17349
74799	17349
74800	17450
74801	17450
74802	17451
74803	17451
74804	17452
74805	17452
74806	17453
74807	17453
74808	17454
74809	17454
74810	17455
74811	17455
74812	17456
74813	17456
74814	17457
74815	17457
74816	17458
74817	17458
74818	17459
74819	17459
74820	17460
74821	17460
74822	17461
74823	17461
74824	17462
74825	17462
74826	17463
74827	17463
74828	17464
74829	17464
74830	17465
74831	17465
74832	17466
74833	17466
74834	17467
74835	17467
74836	17468
74837	17468
74838	17469
74839	17469
74840	17470
74841	17470
74842	17471
74843	17471
74844	17472
74845	17472
74846	17473
74847	17473
74848	17474
74849	17474
74850	17475
74851	17475
74852	17476
74853	17476
74854	17477
74855	17477
74856	17478
74857	17478
74858	17479
74859	17479
74860	17480
74861	17480
74862	17481
74863	17481
74864	17482
74865	17482
74866	17483
74867	17483
74868	17484
74869	17484
74870	17485
74871	17485
74872	17486
74873	17486
74874	17487
74875	17487
74876	17488
74877	17488
74878	17489
74879	17489
74880	17490
74881	17490
74882	17491
74883	17491
74884	17492
74885	17492
74886	17493
74887	17493
74888	17494
74889	17494
74890	17495
74891	17495
74892	17496
74893	17496
74894	17497
74895	17497
74896	17498
74897	17498
74898	17499
74899	17499
74900	17500
74901	17500
74902	17501
74903	17501
74904	17502
74905	17502
74906	17503
74907	17503
74908	17504
74909	17504
74910	17505
74911	17505
74912	17506
74913	17506
74914	17507
74915	17507
74916	17508
74917	17508
74918	17509
74919	17509
74920	17510
74921	17510
74922	17511
74923	17511
74924	17512
74925	17512
74926	17513
74927	17513
74928	17514
74929	17514
74930	17515
74931	17515
74932	17516
74933	17516
74934	17517
74935	17517
74936	17518
74937	17518
74938	17519
74939	17519
74940	17520
74941	17520
74942	17521
74943	17521
74944	17522
74945	17522
74946	17523
74947	17523
74948	17524
74949	17524
74950	17525
74951	17525
74952	17526
74953	17526
74954	17527
74955	17527
74956	17528
74957	17528
74958	17529
74959	17529
74960	17530
74961	17530
74962	17531
74963	17531
74964	17532
74965	17532
74966	17533
74967	17533
74968	17534
74969	17534
74970	17535
74971	17535
74972	17536
74973	17536
74974	17537
74975	17537
74976	17538
74977	17538
74978	17539
74979	17539
74980	17540
74981	17540
74982	17541
74983	17541
74984	17542
74985	17542
74986	17543
74987	17543
74988	17544
74989	17544
74990	17545
74991	17545
74992	17546
74993	17546
74994	17547
74995	17547
74996	17548
74997	17548
74998	17549
74999	17549
75000	17450
75001	17450
75002	17451
75003	17451
75004	17452
75005	17452
75006	17453
75007	17453
75008	17454
75009	17454
75010	17455
75011	17455
75012	17456
75013	17456
75014	17457
75015	17457
75016	17458
75017	17458
75018	17459
75019	17459
75020	17460
75021	17460
75022	17461
75023	17461
75024	17462
75025	17462
75026	17463
75027	17463
75028	17464
75029	17464
75030	17465
75031	17465
75032	17466
75033	17466
75034	17467
75035	17467
75036	17468
75037	17468
75038	17469
75039	17469
75040	17470
75041	17470
75042	17471
75043	17471
75044	17472
75045	17472
75046	17473
75047	17473
75048	17474
75049	17474
75050	17475
75051	17475
75052	17476
75053	17476
75054	17477
75055	17477
75056	17478
75057	17478
75058	17479
75059	17479
75060	17480
75061	17480
75062	17481
75063	17481
75064	17482
75065	17482
75066	17483
75067	17483
75068	17484
75069	17484
75070	17485
75071	17485
75072	17486
75073	17486
75074	17487
75075	17487
75076	17488
75077	17488
75078	17489
75079	17489
75080	17490
75081	17490
75082	17491
75083	17491
75084	17492
75085	17492
75086	17493
75087	17493
75088	17494
75089	17494
75090	17495
75091	17495
75092	17496
75093	17496
75094	17497
75095	17497
75096	17498
75097	17498
75098	17499
75099	17499
75100	17500
75101	17500
75102	17501
75103	17501
75104	17502
75105	17502
75106	17503
75107	17503
75108	17504
75109	17504
75110	17505
75111	17505
75112	17506
75113	17506
75114	17507
75115	17507
75116	17508
75117	17508
75118	17509
75119	17509
75120	17510
75121	17510
75122	17511
75123	17511
75124	17512
75125	17512
75126	17513
75127	17513
75128	17514
75129	17514
75130	17515
75131	17515
75132	17516
75133	17516
75134	17517
75135	17517
75136	17518
75137	17518
75138	17519
75139	17519
75140	17520
75141	17520
75142	17521
75143	17521
75144	17522
75145	17522
75146	17523
75147	17523
75148	17524
75149	17524
75150	17525
75151	17525
75152	17526
75153	17526
75154	17527
75155	17527
75156	17528
75157	17528
75158	17529
75159	17529
75160	17530
75161	17530
75162	17531
75163	17531
75164	17532
75165	17532
75166	17533
75167	17533
75168	17534
75169	17534
75170	17535
75171	17535
75172	17536
75173	17536
75174	17537
75175	17537
75176	17538
75177	17538
75178	17539
75179	17539
75180	17540
75181	17540
75182	17541
75183	17541
75184	17542
75185	17542
75186	17543
75187	17543
75188	17544
75189	17544
75190	17545
75191	17545
75192	17546
75193	17546
75194	17547
75195	17547
75196	17548
75197	17548
75198	17549
75199	17549
75200	17650
75201	17650
75202	17651
75203	17651
75204	17652
75205	17652
75206	17653
75207	17653
75208	17654
75209	17654
75210	17655
75211	17655
75212	17656
75213	17656
75214	17657
75215	17657
75216	17658
75217	17658
75218	17659
75219	17659
75220	17660
75221	17660
75222	17661
75223	17661
75224	17662
75225	17662
75226	17663
75227	17663
75228	17664
75229	17664
75230	17665
75231	17665
75232	17666
75233	17666
75234	17667
75235	17667
75236	17668
75237	17668
75238	17669
75239	17669
75240	17670
75241	17670
75242	17671
75243	17671
75244	17672
75245	17672
75246	17673
75247	17673
75248	17674
75249	17674
75250	17675
75251	17675
75252	17676
75253	17676
75254	17677
75255	17677
75256	17678
75257	17678
75258	17679
75259	17679
75260	17680
75261	17680
75262	17681
75263	17681
75264	17682
75265	17682
75266	17683
75267	17683
75268	17684
75269	17684
75270	17685
75271	17685
75272	17686
75273	17686
75274	17687
75275	17687
75276	17688
75277	17688
75278	17689
75279	17689
75280	17690
75281	17690
75282	17691
75283	17691
75284	17692
75285	17692
75286	17693
75287	17693
75288	17694
75289	17694
75290	17695
75291	17695
75292	17696
75293	17696
75294	17697
75295	17697
75296	17698
75297	17698
75298	17699
75299	17699
75300	17700
75301	17700
75302	17701
75303	17701
75304	17702
75305	17702
75306	17703
75307	17703
75308	17704
75309	17704
75310	17705
75311	17705
75312	17706
75313	17706
75314	17707
75315	17707
75316	17708
75317	17708
75318	17709
75319	17709
75320	17710
75321	17710
75322	17711
75323	17711
75324	17712
75325	17712
75326	17713
75327	17713
75328	17714
75329	17714
75330	17715
75331	17715
75332	17716
75333	17716
75334	17717
75335	17717
75336	17718
75337	17718
75338	17719
75339	17719
75340	17720
75341	17720
75342	17721
75343	17721
75344	17722
75345	17722
75346	17723
75347	17723
75348	17724
75349	17724
75350	17725
75351	17725
75352	17726
75353	17726
75354	17727
75355	17727
75356	17728
75357	17728
75358	17729
75359	17729
75360	17730
75361	17730
75362	17731
75363	17731
75364	17732
75365	17732
75366	17733
75367	17733
75368	17734
75369	17734
75370	17735
75371	17735
75372	17736
75373	17736
75374	17737
75375	17737
75376	17738
75377	17738
75378	17739
75379	17739
75380	17740
75381	17740
75382	17741
75383	17741
75384	17742
75385	17742
75386	17743
75387	17743
75388	17744
75389	17744
75390	17745
75391	17745
75392	17746
75393	17746
75394	17747
75395	17747
75396	17748
75397	17748
75398	17749
75399	17749
75400	17650
75401	17650
75402	17651
75403	17651
75404	17652
75405	17652
75406	17653
75407	17653
75408	17654
75409	17654
75410	17655
75411	17655
75412	17656
75413	17656
75414	17657
75415	17657
75416	17658
75417	17658
75418	17659
75419	17659
75420	17660
75421	17660
75422	17661
75423	17661
75424	17662
75425	17662
75426	17663
75427	17663
75428	17664
75429	17664
75430	17665
75431	17665
75432	17666
75433	17666
75434	17667
75435	17667
75436	17668
75437	17668
75438	17669
75439	17669
75440	17670
75441	17670
75442	17671
75443	17671
75444	17672
75445	17672
75446	17673
75447	17673
75448	17674
75449	17674
75450	17675
75451	17675
75452	17676
75453	17676
75454	17677
75455	17677
75456	17678
75457	17678
75458	17679
75459	17679
75460	17680
75461	17680
75462	17681
75463	17681
75464	17682
75465	17682
75466	17683
75467	17683
75468	17684
75469	17684
75470	17685
75471	17685
75472	17686
75473	17686
75474	17687
75475	17687
75476	17688
75477	17688
75478	17689
75479	17689
75480	17690
75481	17690
75482	17691
75483	17691
75484	17692
75485	17692
75486	17693
75487	17693
75488	17694
75489	17694
75490	17695
75491	17695
75492	17696
75493	17696
75494	17697
75495	17697
75496	17698
75497	17698
75498	17699
75499	17699
75500	17700
75501	17700
75502	17701
75503	17701
75504	17702
75505	17702
75506	17703
75507	17703
75508	17704
75509	17704
75510	17705
75511	17705
75512	17706
75513	17706
75514	17707
75515	17707
75516	17708
75517	17708
75518	17709
75519	17709
75520	17710
75521	17710
75522	17711
75523	17711
75524	17712
75525	17712
75526	17713
75527	17713
75528	17714
75529	17714
75530	17715
75531	17715
75532	17716
75533	17716
75534	17717
75535	17717
75536	17718
75537	17718
75538	17719
75539	17719
75540	17720
75541	17720
75542	17721
75543	17721
75544	17722
75545	17722
75546	17723
75547	17723
75548	17724
75549	17724
75550	17725
75551	17725
75552	17726
75553	17726
75554	17727
75555	17727
75556	17728
75557	17728
75558	17729
75559	17729
75560	17730
75561	17730
75562	17731
75563	17731
75564	17732
75565	17732
75566	17733
75567	17733
75568	17734
75569	17734
75570	17735
75571	17735
75572	17736
75573	17736
75574	17737
75575	17737
75576	17738
75577	17738
75578	17739
75579	17739
75580	17740
75581	17740
75582	17741
75583	17741
75584	17742
75585	17742
75586	17743
75587	17743
75588	17744
75589	17744
75590	17745
75591	17745
75592	17746
75593	17746
75594	17747
75595	17747
75596	17748
75597	17748
75598	17749
75599	17749
75600	17850
75601	17850
75602	17851
75603	17851
75604	17852
75605	17852
75606	17853
75607	17853
75608	17854
75609	17854
75610	17855
75611	17855
75612	17856
75613	17856
75614	17857
75615	17857
75616	17858
75617	17858
75618	17859
75619	17859
75620	17860
75621	17860
75622	17861
75623	17861
75624	17862
75625	17862
75626	17863
75627	17863
75628	17864
75629	17864
75630	17865
75631	17865
75632	17866
75633	17866
75634	17867
75635	17867
75636	17868
75637	17868
75638	17869
75639	17869
75640	17870
75641	17870
75642	17871
75643	17871
75644	17872
75645	17872
75646	17873
75647	17873
75648	17874
75649	17874
75650	17875
75651	17875
75652	17876
75653	17876
75654	17877
75655	17877
75656	17878
75657	17878
75658	17879
75659	17879
75660	17880
75661	17880
75662	17881
75663	17881
75664	17882
75665	17882
75666	17883
75667	17883
75668	17884
75669	17884
75670	17885
75671	17885
75672	17886
75673	17886
75674	17887
75675	17887
75676	17888
75677	17888
75678	17889
75679	17889
75680	17890
75681	17890
75682	17891
75683	17891
75684	17892
75685	17892
75686	17893
75687	17893
75688	17894
75689	17894
75690	17895
75691	17895
75692	17896
75693	17896
75694	17897
75695	17897
75696	17898
75697	17898
75698	17899
75699	17899
75700	17900
75701	17900
75702	17901
75703	17901
75704	17902
75705	17902
75706	17903
75707	17903
75708	17904
75709	17904
75710	17905
75711	17905
75712	17906
75713	17906
75714	17907
75715	17907
75716	17908
75717	17908
75718	17909
75719	17909
75720	17910
75721	17910
75722	17911
75723	17911
75724	17912
75725	17912
75726	17913
75727	17913
75728	17914
75729	17914
75730	17915
75731	17915
75732	17916
75733	17916
75734	17917
75735	17917
75736	17918
75737	17918
75738	17919
75739	17919
75740	17920
75741	17920
75742	17921
75743	17921
75744	17922
75745	17922
75746	17923
75747	17923
75748	17924
75749	17924
75750	17925
75751	17925
75752	17926
75753	17926
75754	17927
75755	17927
75756	17928
75757	17928
75758	17929
75759	17929
75760	17930
75761	17930
75762	17931
75763	17931
75764	17932
75765	17932
75766	17933
75767	17933
75768	17934
75769	17934
75770	17935
75771	17935
75772	17936
75773	17936
75774	17937
75775	17937
75776	17938
75777	17938
75778	17939
75779	17939
75780	17940
75781	17940
75782	17941
75783	17941
75784	17942
75785	17942
75786	17943
75787	17943
75788	17944
75789	17944
75790	17945
75791	17945
75792	17946
75793	17946
75794	17947
75795	17947
75796	17948
75797	17948
75798	17949
75799	17949
75800	17850
75801	17850
75802	17851
75803	17851
75804	17852
75805	17852
75806	17853
75807	17853
75808	17854
75809	17854
75810	17855
75811	17855
75812	17856
75813	17856
75814	17857
75815	17857
75816	17858
75817	17858
75818	17859
75819	17859
75820	17860
75821	17860
75822	17861
75823	17861
75824	17862
75825	17862
75826	17863
75827	17863
75828	17864
75829	17864
75830	17865
75831	17865
75832	17866
75833	17866
75834	17867
75835	17867
75836	17868
75837	17868
75838	17869
75839	17869
75840	17870
75841	17870
75842	17871
75843	17871
75844	17872
75845	17872
75846	17873
75847	17873
75848	17874
75849	17874
75850	17875
75851	17875
75852	17876
75853	17876
75854	17877
75855	17877
75856	17878
75857	17878
75858	17879
75859	17879
75860	17880
75861	17880
75862	17881
75863	17881
75864	17882
75865	17882
75866	17883
75867	17883
75868	17884
75869	17884
75870	17885
75871	17885
75872	17886
75873	17886
75874	17887
75875	17887
75876	17888
75877	17888
75878	17889
75879	17889
75880	17890
75881	17890
75882	17891
75883	17891
75884	17892
75885	17892
75886	17893
75887	17893
75888	17894
75889	17894
75890	17895
75891	17895
75892	17896
75893	17896
75894	17897
75895	17897
75896	17898
75897	17898
75898	17899
75899	17899
75900	17900
75901	17900
75902	17901
75903	17901
75904	17902
75905	17902
75906	17903
75907	17903
75908	17904
75909	17904
75910	17905
75911	17905
75912	17906
75913	17906
75914	17907
75915	17907
75916	17908
75917	17908
75918	17909
75919	17909
75920	17910
75921	17910
75922	17911
75923	17911
75924	17912
75925	17912
75926	17913
75927	17913
75928	17914
75929	17914
75930	17915
75931	17915
75932	17916
75933	17916
75934	17917
75935	17917
75936	17918
75937	17918
75938	17919
75939	17919
75940	17920
75941	17920
75942	17921
75943	17921
75944	17922
75945	17922
75946	17923
75947	17923
75948	17924
75949	17924
75950	17925
75951	17925
75952	17926
75953	17926
75954	17927
75955	17927
75956	17928
75957	17928
75958	17929
75959	17929
75960	17930
75961	17930
75962	17931
75963	17931
75964	17932
75965	17932
75966	17933
75967	17933
75968	17934
75969	17934
75970	17935
75971	17935
75972	17936
75973	17936
75974	17937
75975	17937
75976	17938
75977	17938
75978	17939
75979	17939
75980	17940
75981	17940
75982	17941
75983	17941
75984	17942
75985	17942
75986	17943
75987	17943
75988	17944
75989	17944
75990	17945
75991	17945
75992	17946
75993	17946
75994	17947
75995	17947
75996	17948
75997	17948
75998	17949
75999	17949
76000	18050
76001	18050
76002	18051
76003	18051
76004	18052
76005	18052
76006	18053
76007	18053
76008	18054
76009	18054
76010	18055
76011	18055
76012	18056
76013	18056
76014	18057
76015	18057
76016	18058
76017	18058
76018	18059
76019	18059
76020	18060
76021	18060
76022	18061
76023	18061
76024	18062
76025	18062
76026	18063
76027	18063
76028	18064
76029	18064
76030	18065
76031	18065
76032	18066
76033	18066
76034	18067
76035	18067
76036	18068
76037	18068
76038	18069
76039	18069
76040	18070
76041	18070
76042	18071
76043	18071
76044	18072
76045	18072
76046	18073
76047	18073
76048	18074
76049	18074
76050	18075
76051	18075
76052	18076
76053	18076
76054	18077
76055	18077
76056	18078
76057	18078
76058	18079
76059	18079
76060	18080
76061	18080
76062	18081
76063	18081
76064	18082
76065	18082
76066	18083
76067	18083
76068	18084
76069	18084
76070	18085
76071	18085
76072	18086
76073	18086
76074	18087
76075	18087
76076	18088
76077	18088
76078	18089
76079	18089
76080	18090
76081	18090
76082	18091
76083	18091
76084	18092
76085	18092
76086	18093
76087	18093
76088	18094
76089	18094
76090	18095
76091	18095
76092	18096
76093	18096
76094	18097
76095	18097
76096	18098
76097	18098
76098	18099
76099	18099
76100	18100
76101	18100
76102	18101
76103	18101
76104	18102
76105	18102
76106	18103
76107	18103
76108	18104
76109	18104
76110	18105
76111	18105
76112	18106
76113	18106
76114	18107
76115	18107
76116	18108
76117	18108
76118	18109
76119	18109
76120	18110
76121	18110
76122	18111
76123	18111
76124	18112
76125	18112
76126	18113
76127	18113
76128	18114
76129	18114
76130	18115
76131	18115
76132	18116
76133	18116
76134	18117
76135	18117
76136	18118
76137	18118
76138	18119
76139	18119
76140	18120
76141	18120
76142	18121
76143	18121
76144	18122
76145	18122
76146	18123
76147	18123
76148	18124
76149	18124
76150	18125
76151	18125
76152	18126
76153	18126
76154	18127
76155	18127
76156	18128
76157	18128
76158	18129
76159	18129
76160	18130
76161	18130
76162	18131
76163	18131
76164	18132
76165	18132
76166	18133
76167	18133
76168	18134
76169	18134
76170	18135
76171	18135
76172	18136
76173	18136
76174	18137
76175	18137
76176	18138
76177	18138
76178	18139
76179	18139
76180	18140
76181	18140
76182	18141
76183	18141
76184	18142
76185	18142
76186	18143
76187	18143
76188	18144
76189	18144
76190	18145
76191	18145
76192	18146
76193	18146
76194	18147
76195	18147
76196	18148
76197	18148
76198	18149
76199	18149
76200	18050
76201	18050
76202	18051
76203	18051
76204	18052
76205	18052
76206	18053
76207	18053
76208	18054
76209	18054
76210	18055
76211	18055
76212	18056
76213	18056
76214	18057
76215	18057
76216	18058
76217	18058
76218	18059
76219	18059
76220	18060
76221	18060
76222	18061
76223	18061
76224	18062
76225	18062
76226	18063
76227	18063
76228	18064
76229	18064
76230	18065
76231	18065
76232	18066
76233	18066
76234	18067
76235	18067
76236	18068
76237	18068
76238	18069
76239	18069
76240	18070
76241	18070
76242	18071
76243	18071
76244	18072
76245	18072
76246	18073
76247	18073
76248	18074
76249	18074
76250	18075
76251	18075
76252	18076
76253	18076
76254	18077
76255	18077
76256	18078
76257	18078
76258	18079
76259	18079
76260	18080
76261	18080
76262	18081
76263	18081
76264	18082
76265	18082
76266	18083
76267	18083
76268	18084
76269	18084
76270	18085
76271	18085
76272	18086
76273	18086
76274	18087
76275	18087
76276	18088
76277	18088
76278	18089
76279	18089
76280	18090
76281	18090
76282	18091
76283	18091
76284	18092
76285	18092
76286	18093
76287	18093
76288	18094
76289	18094
76290	18095
76291	18095
76292	18096
76293	18096
76294	18097
76295	18097
76296	18098
76297	18098
76298	18099
76299	18099
76300	18100
76301	18100
76302	18101
76303	18101
76304	18102
76305	18102
76306	18103
76307	18103
76308	18104
76309	18104
76310	18105
76311	18105
76312	18106
76313	18106
76314	18107
76315	18107
76316	18108
76317	18108
76318	18109
76319	18109
76320	18110
76321	18110
76322	18111
76323	18111
76324	18112
76325	18112
76326	18113
76327	18113
76328	18114
76329	18114
76330	18115
76331	18115
76332	18116
76333	18116
76334	18117
76335	18117
76336	18118
76337	18118
76338	18119
76339	18119
76340	18120
76341	18120
76342	18121
76343	18121
76344	18122
76345	18122
76346	18123
76347	18123
76348	18124
76349	18124
76350	18125
76351	18125
76352	18126
76353	18126
76354	18127
76355	18127
76356	18128
76357	18128
76358	18129
76359	18129
76360	18130
76361	18130
76362	18131
76363	18131
76364	18132
76365	18132
76366	18133
76367	18133
76368	18134
76369	18134
76370	18135
76371	18135
76372	18136
76373	18136
76374	18137
76375	18137
76376	18138
76377	18138
76378	18139
76379	18139
76380	18140
76381	18140
76382	18141
76383	18141
76384	18142
76385	18142
76386	18143
76387	18143
76388	18144
76389	18144
76390	18145
76391	18145
76392	18146
76393	18146
76394	18147
76395	18147
76396	18148
76397	18148
76398	18149
76399	18149
76400	18250
76401	18250
76402	18251
76403	18251
76404	18252
76405	18252
76406	18253
76407	18253
76408	18254
76409	18254
76410	18255
76411	18255
76412	18256
76413	18256
76414	18257
76415	18257
76416	18258
76417	18258
76418	18259
76419	18259
76420	18260
76421	18260
76422	18261
76423	18261
76424	18262
76425	18262
76426	18263
76427	18263
76428	18264
76429	18264
76430	18265
76431	18265
76432	18266
76433	18266
76434	18267
76435	18267
76436	18268
76437	18268
76438	18269
76439	18269
76440	18270
76441	18270
76442	18271
76443	18271
76444	18272
76445	18272
76446	18273
76447	18273
76448	18274
76449	18274
76450	18275
76451	18275
76452	18276
76453	18276
76454	18277
76455	18277
76456	18278
76457	18278
76458	18279
76459	18279
76460	18280
76461	18280
76462	18281
76463	18281
76464	18282
76465	18282
76466	18283
76467	18283
76468	18284
76469	18284
76470	18285
76471	18285
76472	18286
76473	18286
76474	18287
76475	18287
76476	18288
76477	18288
76478	18289
76479	18289
76480	18290
76481	18290
76482	18291
76483	18291
76484	18292
76485	18292
76486	18293
76487	18293
76488	18294
76489	18294
76490	18295
76491	18295
76492	18296
76493	18296
76494	18297
76495	18297
76496	18298
76497	18298
76498	18299
76499	18299
76500	18300
76501	18300
76502	18301
76503	18301
76504	18302
76505	18302
76506	18303
76507	18303
76508	18304
76509	18304
76510	18305
76511	18305
76512	18306
76513	18306
76514	18307
76515	18307
76516	18308
76517	18308
76518	18309
76519	18309
76520	18310
76521	18310
76522	18311
76523	18311
76524	18312
76525	18312
76526	18313
76527	18313
76528	18314
76529	18314
76530	18315
76531	18315
76532	18316
76533	18316
76534	18317
76535	18317
76536	18318
76537	18318
76538	18319
76539	18319
76540	18320
76541	18320
76542	18321
76543	18321
76544	18322
76545	18322
76546	18323
76547	18323
76548	18324
76549	18324
76550	18325
76551	18325
76552	18326
76553	18326
76554	18327
76555	18327
76556	18328
76557	18328
76558	18329
76559	18329
76560	18330
76561	18330
76562	18331
76563	18331
76564	18332
76565	18332
76566	18333
76567	18333
76568	18334
76569	18334
76570	18335
76571	18335
76572	18336
76573	18336
76574	18337
76575	18337
76576	18338
76577	18338
76578	18339
76579	18339
76580	18340
76581	18340
76582	18341
76583	18341
76584	18342
76585	18342
76586	18343
76587	18343
76588	18344
76589	18344
76590	18345
76591	18345
76592	18346
76593	18346
76594	18347
76595	18347
76596	18348
76597	18348
76598	18349
76599	18349
76600	18250
76601	18250
76602	18251
76603	18251
76604	18252
76605	18252
76606	18253
76607	18253
76608	18254
76609	18254
76610	18255
76611	18255
76612	18256
76613	18256
76614	18257
76615	18257
76616	18258
76617	18258
76618	18259
76619	18259
76620	18260
76621	18260
76622	18261
76623	18261
76624	18262
76625	18262
76626	18263
76627	18263
76628	18264
76629	18264
76630	18265
76631	18265
76632	18266
76633	18266
76634	18267
76635	18267
76636	18268
76637	18268
76638	18269
76639	18269
76640	18270
76641	18270
76642	18271
76643	18271
76644	18272
76645	18272
76646	18273
76647	18273
76648	18274
76649	18274
76650	18275
76651	18275
76652	18276
76653	18276
76654	18277
76655	18277
76656	18278
76657	18278
76658	18279
76659	18279
76660	18280
76661	18280
76662	18281
76663	18281
76664	18282
76665	18282
76666	18283
76667	18283
76668	18284
76669	18284
76670	18285
76671	18285
76672	18286
76673	18286
76674	18287
76675	18287
76676	18288
76677	18288
76678	18289
76679	18289
76680	18290
76681	18290
76682	18291
76683	18291
76684	18292
76685	18292
76686	18293
76687	18293
76688	18294
76689	18294
76690	18295
76691	18295
76692	18296
76693	18296
76694	18297
76695	18297
76696	18298
76697	18298
76698	18299
76699	18299
76700	18300
76701	18300
76702	18301
76703	18301
76704	18302
76705	18302
76706	18303
76707	18303
76708	18304
76709	18304
76710	18305
76711	18305
76712	18306
76713	18306
76714	18307
76715	18307
76716	18308
76717	18308
76718	18309
76719	18309
76720	18310
76721	18310
76722	18311
76723	18311
76724	18312
76725	18312
76726	18313
76727	18313
76728	18314
76729	18314
76730	18315
76731	18315
76732	18316
76733	18316
76734	18317
76735	18317
76736	18318
76737	18318
76738	18319
76739	18319
76740	18320
76741	18320
76742	18321
76743	18321
76744	18322
76745	18322
76746	18323
76747	18323
76748	18324
76749	18324
76750	18325
76751	18325
76752	18326
76753	18326
76754	18327
76755	18327
76756	18328
76757	18328
76758	18329
76759	18329
76760	18330
76761	18330
76762	18331
76763	18331
76764	18332
76765	18332
76766	18333
76767	18333
76768	18334
76769	18334
76770	18335
76771	18335
76772	18336
76773	18336
76774	18337
76775	18337
76776	18338
76777	18338
76778	18339
76779	18339
76780	18340
76781	18340
76782	18341
76783	18341
76784	18342
76785	18342
76786	18343
76787	18343
76788	18344
76789	18344
76790	18345
76791	18345
76792	18346
76793	18346
76794	18347
76795	18347
76796	18348
76797	18348
76798	18349
76799	18349
76800	18450
76801	18450
76802	18451
76803	18451
76804	18452
76805	18452
76806	18453
76807	18453
76808	18454
76809	18454
76810	18455
76811	18455
76812	18456
76813	18456
76814	18457
76815	18457
76816	18458
76817	18458
76818	18459
76819	18459
76820	18460
76821	18460
76822	18461
76823	18461
76824	18462
76825	18462
76826	18463
76827	18463
76828	18464
76829	18464
76830	18465
76831	18465
76832	18466
76833	18466
76834	18467
76835	18467
76836	18468
76837	18468
76838	18469
76839	18469
76840	18470
76841	18470
76842	18471
76843	18471
76844	18472
76845	18472
76846	18473
76847	18473
76848	18474
76849	18474
76850	18475
76851	18475
76852	18476
76853	18476
76854	18477
76855	18477
76856	18478
76857	18478
76858	18479
76859	18479
76860	18480
76861	18480
76862	18481
76863	18481
76864	18482
76865	18482
76866	18483
76867	18483
76868	18484
76869	18484
76870	18485
76871	18485
76872	18486
76873	18486
76874	18487
76875	18487
76876	18488
76877	18488
76878	18489
76879	18489
76880	18490
76881	18490
76882	18491
76883	18491
76884	18492
76885	18492
76886	18493
76887	18493
76888	18494
76889	18494
76890	18495
76891	18495
76892	18496
76893	18496
76894	18497
76895	18497
76896	18498
76897	18498
76898	18499
76899	18499
76900	18500
76901	18500
76902	18501
76903	18501
76904	18502
76905	18502
76906	18503
76907	18503
76908	18504
76909	18504
76910	18505
76911	18505
76912	18506
76913	18506
76914	18507
76915	18507
76916	18508
76917	18508
76918	18509
76919	18509
76920	18510
76921	18510
76922	18511
76923	18511
76924	18512
76925	18512
76926	18513
76927	18513
76928	18514
76929	18514
76930	18515
76931	18515
76932	18516
76933	18516
76934	18517
76935	18517
76936	18518
76937	18518
76938	18519
76939	18519
76940	18520
76941	18520
76942	18521
76943	18521
76944	18522
76945	18522
76946	18523
76947	18523
76948	18524
76949	18524
76950	18525
76951	18525
76952	18526
76953	18526
76954	18527
76955	18527
76956	18528
76957	18528
76958	18529
76959	18529
76960	18530
76961	18530
76962	18531
76963	18531
76964	18532
76965	18532
76966	18533
76967	18533
76968	18534
76969	18534
76970	18535
76971	18535
76972	18536
76973	18536
76974	18537
76975	18537
76976	18538
76977	18538
76978	18539
76979	18539
76980	18540
76981	18540
76982	18541
76983	18541
76984	18542
76985	18542
76986	18543
76987	18543
76988	18544
76989	18544
76990	18545
76991	18545
76992	18546
76993	18546
76994	18547
76995	18547
76996	18548
76997	18548
76998	18549
76999	18549
77000	18450
77001	18450
77002	18451
77003	18451
77004	18452
77005	18452
77006	18453
77007	18453
77008	18454
77009	18454
77010	18455
77011	18455
77012	18456
77013	18456
77014	18457
77015	18457
77016	18458
77017	18458
77018	18459
77019	18459
77020	18460
77021	18460
77022	18461
77023	18461
77024	18462
77025	18462
77026	18463
77027	18463
77028	18464
77029	18464
77030	18465
77031	18465
77032	18466
77033	18466
77034	18467
77035	18467
77036	18468
77037	18468
77038	18469
77039	18469
77040	18470
77041	18470
77042	18471
77043	18471
77044	18472
77045	18472
77046	18473
77047	18473
77048	18474
77049	18474
77050	18475
77051	18475
77052	18476
77053	18476
77054	18477
77055	18477
77056	18478
77057	18478
77058	18479
77059	18479
77060	18480
77061	18480
77062	18481
77063	18481
77064	18482
77065	18482
77066	18483
77067	18483
77068	18484
77069	18484
77070	18485
77071	18485
77072	18486
77073	18486
77074	18487
77075	18487
77076	18488
77077	18488
77078	18489
77079	18489
77080	18490
77081	18490
77082	18491
77083	18491
77084	18492
77085	18492
77086	18493
77087	18493
77088	18494
77089	18494
77090	18495
77091	18495
77092	18496
77093	18496
77094	18497
77095	18497
77096	18498
77097	18498
77098	18499
77099	18499
77100	18500
77101	18500
77102	18501
77103	18501
77104	18502
77105	18502
77106	18503
77107	18503
77108	18504
77109	18504
77110	18505
77111	18505
77112	18506
77113	18506
77114	18507
77115	18507
77116	18508
77117	18508
77118	18509
77119	18509
77120	18510
77121	18510
77122	18511
77123	18511
77124	18512
77125	18512
77126	18513
77127	18513
77128	18514
77129	18514
77130	18515
77131	18515
77132	18516
77133	18516
77134	18517
77135	18517
77136	18518
77137	18518
77138	18519
77139	18519
77140	18520
77141	18520
77142	18521
77143	18521
77144	18522
77145	18522
77146	18523
77147	18523
77148	18524
77149	18524
77150	18525
77151	18525
77152	18526
77153	18526
77154	18527
77155	18527
77156	18528
77157	18528
77158	18529
77159	18529
77160	18530
77161	18530
77162	18531
77163	18531
77164	18532
77165	18532
77166	18533
77167	18533
77168	18534
77169	18534
77170	18535
77171	18535
77172	18536
77173	18536
77174	18537
77175	18537
77176	18538
77177	18538
77178	18539
77179	18539
77180	18540
77181	18540
77182	18541
77183	18541
77184	18542
77185	18542
77186	18543
77187	18543
77188	18544
77189	18544
77190	18545
77191	18545
77192	18546
77193	18546
77194	18547
77195	18547
77196	18548
77197	18548
77198	18549
77199	18549
77200	18650
77201	18650
77202	18651
77203	18651
77204	18652
77205	18652
77206	18653
77207	18653
77208	18654
77209	18654
77210	18655
77211	18655
77212	18656
77213	18656
77214	18657
77215	18657
77216	18658
77217	18658
77218	18659
77219	18659
77220	18660
77221	18660
77222	18661
77223	18661
77224	18662
77225	18662
77226	18663
77227	18663
77228	18664
77229	18664
77230	18665
77231	18665
77232	18666
77233	18666
77234	18667
77235	18667
77236	18668
77237	18668
77238	18669
77239	18669
77240	18670
77241	18670
77242	18671
77243	18671
77244	18672
77245	18672
77246	18673
77247	18673
77248	18674
77249	18674
77250	18675
77251	18675
77252	18676
77253	18676
77254	18677
77255	18677
77256	18678
77257	18678
77258	18679
77259	18679
77260	18680
77261	18680
77262	18681
77263	18681
77264	18682
77265	18682
77266	18683
77267	18683
77268	18684
77269	18684
77270	18685
77271	18685
77272	18686
77273	18686
77274	18687
77275	18687
77276	18688
77277	18688
77278	18689
77279	18689
77280	18690
77281	18690
77282	18691
77283	18691
77284	18692
77285	18692
77286	18693
77287	18693
77288	18694
77289	18694
77290	18695
77291	18695
77292	18696
77293	18696
77294	18697
77295	18697
77296	18698
77297	18698
77298	18699
77299	18699
77300	18700
77301	18700
77302	18701
77303	18701
77304	18702
77305	18702
77306	18703
77307	18703
77308	18704
77309	18704
77310	18705
77311	18705
77312	18706
77313	18706
77314	18707
77315	18707
77316	18708
77317	18708
77318	18709
77319	18709
77320	18710
77321	18710
77322	18711
77323	18711
77324	18712
77325	18712
77326	18713
77327	18713
77328	18714
77329	18714
77330	18715
77331	18715
77332	18716
77333	18716
77334	18717
77335	18717
77336	18718
77337	18718
77338	18719
77339	18719
77340	18720
77341	18720
77342	18721
77343	18721
77344	18722
77345	18722
77346	18723
77347	18723
77348	18724
77349	18724
77350	18725
77351	18725
77352	18726
77353	18726
77354	18727
77355	18727
77356	18728
77357	18728
77358	18729
77359	18729
77360	18730
77361	18730
77362	18731
77363	18731
77364	18732
77365	18732
77366	18733
77367	18733
77368	18734
77369	18734
77370	18735
77371	18735
77372	18736
77373	18736
77374	18737
77375	18737
77376	18738
77377	18738
77378	18739
77379	18739
77380	18740
77381	18740
77382	18741
77383	18741
77384	18742
77385	18742
77386	18743
77387	18743
77388	18744
77389	18744
77390	18745
77391	18745
77392	18746
77393	18746
77394	18747
77395	18747
77396	18748
77397	18748
77398	18749
77399	18749
77400	18650
77401	18650
77402	18651
77403	18651
77404	18652
77405	18652
77406	18653
77407	18653
77408	18654
77409	18654
77410	18655
77411	18655
77412	18656
77413	18656
77414	18657
77415	18657
77416	18658
77417	18658
77418	18659
77419	18659
77420	18660
77421	18660
77422	18661
77423	18661
77424	18662
77425	18662
77426	18663
77427	18663
77428	18664
77429	18664
77430	18665
77431	18665
77432	18666
77433	18666
77434	18667
77435	18667
77436	18668
77437	18668
77438	18669
77439	18669
77440	18670
77441	18670
77442	18671
77443	18671
77444	18672
77445	18672
77446	18673
77447	18673
77448	18674
77449	18674
77450	18675
77451	18675
77452	18676
77453	18676
77454	18677
77455	18677
77456	18678
77457	18678
77458	18679
77459	18679
77460	18680
77461	18680
77462	18681
77463	18681
77464	18682
77465	18682
77466	18683
77467	18683
77468	18684
77469	18684
77470	18685
77471	18685
77472	18686
77473	18686
77474	18687
77475	18687
77476	18688
77477	18688
77478	18689
77479	18689
77480	18690
77481	18690
77482	18691
77483	18691
77484	18692
77485	18692
77486	18693
77487	18693
77488	18694
77489	18694
77490	18695
77491	18695
77492	18696
77493	18696
77494	18697
77495	18697
77496	18698
77497	18698
77498	18699
77499	18699
77500	18700
77501	18700
77502	18701
77503	18701
77504	18702
77505	18702
77506	18703
77507	18703
77508	18704
77509	18704
77510	18705
77511	18705
77512	18706
77513	18706
77514	18707
77515	18707
77516	18708
77517	18708
77518	18709
77519	18709
77520	18710
77521	18710
77522	18711
77523	18711
77524	18712
77525	18712
77526	18713
77527	18713
77528	18714
77529	18714
77530	18715
77531	18715
77532	18716
77533	18716
77534	18717
77535	18717
77536	18718
77537	18718
77538	18719
77539	18719
77540	18720
77541	18720
77542	18721
77543	18721
77544	18722
77545	18722
77546	18723
77547	18723
77548	18724
77549	18724
77550	18725
77551	18725
77552	18726
77553	18726
77554	18727
77555	18727
77556	18728
77557	18728
77558	18729
77559	18729
77560	18730
77561	18730
77562	18731
77563	18731
77564	18732
77565	18732
77566	18733
77567	18733
77568	18734
77569	18734
77570	18735
77571	18735
77572	18736
77573	18736
77574	18737
77575	18737
77576	18738
77577	18738
77578	18739
77579	18739
77580	18740
77581	18740
77582	18741
77583	18741
77584	18742
77585	18742
77586	18743
77587	18743
77588	18744
77589	18744
77590	18745
77591	18745
77592	18746
77593	18746
77594	18747
77595	18747
77596	18748
77597	18748
77598	18749
77599	18749
77600	18850
77601	18850
77602	18851
77603	18851
77604	18852
77605	18852
77606	18853
77607	18853
77608	18854
77609	18854
77610	18855
77611	18855
77612	18856
77613	18856
77614	18857
77615	18857
77616	18858
77617	18858
77618	18859
77619	18859
77620	18860
77621	18860
77622	18861
77623	18861
77624	18862
77625	18862
77626	18863
77627	18863
77628	18864
77629	18864
77630	18865
77631	18865
77632	18866
77633	18866
77634	18867
77635	18867
77636	18868
77637	18868
77638	18869
77639	18869
77640	18870
77641	18870
77642	18871
77643	18871
77644	18872
77645	18872
77646	18873
77647	18873
77648	18874
77649	18874
77650	18875
77651	18875
77652	18876
77653	18876
77654	18877
77655	18877
77656	18878
77657	18878
77658	18879
77659	18879
77660	18880
77661	18880
77662	18881
77663	18881
77664	18882
77665	18882
77666	18883
77667	18883
77668	18884
77669	18884
77670	18885
77671	18885
77672	18886
77673	18886
77674	18887
77675	18887
77676	18888
77677	18888
77678	18889
77679	18889
77680	18890
77681	18890
77682	18891
77683	18891
77684	18892
77685	18892
77686	18893
77687	18893
77688	18894
77689	18894
77690	18895
77691	18895
77692	18896
77693	18896
77694	18897
77695	18897
77696	18898
77697	18898
77698	18899
77699	18899
77700	18900
77701	18900
77702	18901
77703	18901
77704	18902
77705	18902
77706	18903
77707	18903
77708	18904
77709	18904
77710	18905
77711	18905
77712	18906
77713	18906
77714	18907
77715	18907
77716	18908
77717	18908
77718	18909
77719	18909
77720	18910
77721	18910
77722	18911
77723	18911
77724	18912
77725	18912
77726	18913
77727	18913
77728	18914
77729	18914
77730	18915
77731	18915
77732	18916
77733	18916
77734	18917
77735	18917
77736	18918
77737	18918
77738	18919
77739	18919
77740	18920
77741	18920
77742	18921
77743	18921
77744	18922
77745	18922
77746	18923
77747	18923
77748	18924
77749	18924
77750	18925
77751	18925
77752	18926
77753	18926
77754	18927
77755	18927
77756	18928
77757	18928
77758	18929
77759	18929
77760	18930
77761	18930
77762	18931
77763	18931
77764	18932
77765	18932
77766	18933
77767	18933
77768	18934
77769	18934
77770	18935
77771	18935
77772	18936
77773	18936
77774	18937
77775	18937
77776	18938
77777	18938
77778	18939
77779	18939
77780	18940
77781	18940
77782	18941
77783	18941
77784	18942
77785	18942
77786	18943
77787	18943
77788	18944
77789	18944
77790	18945
77791	18945
77792	18946
77793	18946
77794	18947
77795	18947
77796	18948
77797	18948
77798	18949
77799	18949
77800	18850
77801	18850
77802	18851
77803	18851
77804	18852
77805	18852
77806	18853
77807	18853
77808	18854
77809	18854
77810	18855
77811	18855
77812	18856
77813	18856
77814	18857
77815	18857
77816	18858
77817	18858
77818	18859
77819	18859
77820	18860
77821	18860
77822	18861
77823	18861
77824	18862
77825	18862
77826	18863
77827	18863
77828	18864
77829	18864
77830	18865
77831	18865
77832	18866
77833	18866
77834	18867
77835	18867
77836	18868
77837	18868
77838	18869
77839	18869
77840	18870
77841	18870
77842	18871
77843	18871
77844	18872
77845	18872
77846	18873
77847	18873
77848	18874
77849	18874
77850	18875
77851	18875
77852	18876
77853	18876
77854	18877
77855	18877
77856	18878
77857	18878
77858	18879
77859	18879
77860	18880
77861	18880
77862	18881
77863	18881
77864	18882
77865	18882
77866	18883
77867	18883
77868	18884
77869	18884
77870	18885
77871	18885
77872	18886
77873	18886
77874	18887
77875	18887
77876	18888
77877	18888
77878	18889
77879	18889
77880	18890
77881	18890
77882	18891
77883	18891
77884	18892
77885	18892
77886	18893
77887	18893
77888	18894
77889	18894
77890	18895
77891	18895
77892	18896
77893	18896
77894	18897
77895	18897
77896	18898
77897	18898
77898	18899
77899	18899
77900	18900
77901	18900
77902	18901
77903	18901
77904	18902
77905	18902
77906	18903
77907	18903
77908	18904
77909	18904
77910	18905
77911	18905
77912	18906
77913	18906
77914	18907
77915	18907
77916	18908
77917	18908
77918	18909
77919	18909
77920	18910
77921	18910
77922	18911
77923	18911
77924	18912
77925	18912
77926	18913
77927	18913
77928	18914
77929	18914
77930	18915
77931	18915
77932	18916
77933	18916
77934	18917
77935	18917
77936	18918
77937	18918
77938	18919
77939	18919
77940	18920
77941	18920
77942	18921
77943	18921
77944	18922
77945	18922
77946	18923
77947	18923
77948	18924
77949	18924
77950	18925
77951	18925
77952	18926
77953	18926
77954	18927
77955	18927
77956	18928
77957	18928
77958	18929
77959	18929
77960	18930
77961	18930
77962	18931
77963	18931
77964	18932
77965	18932
77966	18933
77967	18933
77968	18934
77969	18934
77970	18935
77971	18935
77972	18936
77973	18936
77974	18937
77975	18937
77976	18938
77977	18938
77978	18939
77979	18939
77980	18940
77981	18940
77982	18941
77983	18941
77984	18942
77985	18942
77986	18943
77987	18943
77988	18944
77989	18944
77990	18945
77991	18945
77992	18946
77993	18946
77994	18947
77995	18947
77996	18948
77997	18948
77998	18949
77999	18949
78000	19050
78001	19050
78002	19051
78003	19051
78004	19052
78005	19052
78006	19053
78007	19053
78008	19054
78009	19054
78010	19055
78011	19055
78012	19056
78013	19056
78014	19057
78015	19057
78016	19058
78017	19058
78018	19059
78019	19059
78020	19060
78021	19060
78022	19061
78023	19061
78024	19062
78025	19062
78026	19063
78027	19063
78028	19064
78029	19064
78030	19065
78031	19065
78032	19066
78033	19066
78034	19067
78035	19067
78036	19068
78037	19068
78038	19069
78039	19069
78040	19070
78041	19070
78042	19071
78043	19071
78044	19072
78045	19072
78046	19073
78047	19073
78048	19074
78049	19074
78050	19075
78051	19075
78052	19076
78053	19076
78054	19077
78055	19077
78056	19078
78057	19078
78058	19079
78059	19079
78060	19080
78061	19080
78062	19081
78063	19081
78064	19082
78065	19082
78066	19083
78067	19083
78068	19084
78069	19084
78070	19085
78071	19085
78072	19086
78073	19086
78074	19087
78075	19087
78076	19088
78077	19088
78078	19089
78079	19089
78080	19090
78081	19090
78082	19091
78083	19091
78084	19092
78085	19092
78086	19093
78087	19093
78088	19094
78089	19094
78090	19095
78091	19095
78092	19096
78093	19096
78094	19097
78095	19097
78096	19098
78097	19098
78098	19099
78099	19099
78100	19100
78101	19100
78102	19101
78103	19101
78104	19102
78105	19102
78106	19103
78107	19103
78108	19104
78109	19104
78110	19105
78111	19105
78112	19106
78113	19106
78114	19107
78115	19107
78116	19108
78117	19108
78118	19109
78119	19109
78120	19110
78121	19110
78122	19111
78123	19111
78124	19112
78125	19112
78126	19113
78127	19113
78128	19114
78129	19114
78130	19115
78131	19115
78132	19116
78133	19116
78134	19117
78135	19117
78136	19118
78137	19118
78138	19119
78139	19119
78140	19120
78141	19120
78142	19121
78143	19121
78144	19122
78145	19122
78146	19123
78147	19123
78148	19124
78149	19124
78150	19125
78151	19125
78152	19126
78153	19126
78154	19127
78155	19127
78156	19128
78157	19128
78158	19129
78159	19129
78160	19130
78161	19130
78162	19131
78163	19131
78164	19132
78165	19132
78166	19133
78167	19133
78168	19134
78169	19134
78170	19135
78171	19135
78172	19136
78173	19136
78174	19137
78175	19137
78176	19138
78177	19138
78178	19139
78179	19139
78180	19140
78181	19140
78182	19141
78183	19141
78184	19142
78185	19142
78186	19143
78187	19143
78188	19144
78189	19144
78190	19145
78191	19145
78192	19146
78193	19146
78194	19147
78195	19147
78196	19148
78197	19148
78198	19149
78199	19149
78200	19050
78201	19050
78202	19051
78203	19051
78204	19052
78205	19052
78206	19053
78207	19053
78208	19054
78209	19054
78210	19055
78211	19055
78212	19056
78213	19056
78214	19057
78215	19057
78216	19058
78217	19058
78218	19059
78219	19059
78220	19060
78221	19060
78222	19061
78223	19061
78224	19062
78225	19062
78226	19063
78227	19063
78228	19064
78229	19064
78230	19065
78231	19065
78232	19066
78233	19066
78234	19067
78235	19067
78236	19068
78237	19068
78238	19069
78239	19069
78240	19070
78241	19070
78242	19071
78243	19071
78244	19072
78245	19072
78246	19073
78247	19073
78248	19074
78249	19074
78250	19075
78251	19075
78252	19076
78253	19076
78254	19077
78255	19077
78256	19078
78257	19078
78258	19079
78259	19079
78260	19080
78261	19080
78262	19081
78263	19081
78264	19082
78265	19082
78266	19083
78267	19083
78268	19084
78269	19084
78270	19085
78271	19085
78272	19086
78273	19086
78274	19087
78275	19087
78276	19088
78277	19088
78278	19089
78279	19089
78280	19090
78281	19090
78282	19091
78283	19091
78284	19092
78285	19092
78286	19093
78287	19093
78288	19094
78289	19094
78290	19095
78291	19095
78292	19096
78293	19096
78294	19097
78295	19097
78296	19098
78297	19098
78298	19099
78299	19099
78300	19100
78301	19100
78302	19101
78303	19101
78304	19102
78305	19102
78306	19103
78307	19103
78308	19104
78309	19104
78310	19105
78311	19105
78312	19106
78313	19106
78314	19107
78315	19107
78316	19108
78317	19108
78318	19109
78319	19109
78320	19110
78321	19110
78322	19111
78323	19111
78324	19112
78325	19112
78326	19113
78327	19113
78328	19114
78329	19114
78330	19115
78331	19115
78332	19116
78333	19116
78334	19117
78335	19117
78336	19118
78337	19118
78338	19119
78339	19119
78340	19120
78341	19120
78342	19121
78343	19121
78344	19122
78345	19122
78346	19123
78347	19123
78348	19124
78349	19124
78350	19125
78351	19125
78352	19126
78353	19126
78354	19127
78355	19127
78356	19128
78357	19128
78358	19129
78359	19129
78360	19130
78361	19130
78362	19131
78363	19131
78364	19132
78365	19132
78366	19133
78367	19133
78368	19134
78369	19134
78370	19135
78371	19135
78372	19136
78373	19136
78374	19137
78375	19137
78376	19138
78377	19138
78378	19139
78379	19139
78380	19140
78381	19140
78382	19141
78383	19141
78384	19142
78385	19142
78386	19143
78387	19143
78388	19144
78389	19144
78390	19145
78391	19145
78392	19146
78393	19146
78394	19147
78395	19147
78396	19148
78397	19148
78398	19149
78399	19149
78400	19250
78401	19250
78402	19251
78403	19251
78404	19252
78405	19252
78406	19253
78407	19253
78408	19254
78409	19254
78410	19255
78411	19255
78412	19256
78413	19256
78414	19257
78415	19257
78416	19258
78417	19258
78418	19259
78419	19259
78420	19260
78421	19260
78422	19261
78423	19261
78424	19262
78425	19262
78426	19263
78427	19263
78428	19264
78429	19264
78430	19265
78431	19265
78432	19266
78433	19266
78434	19267
78435	19267
78436	19268
78437	19268
78438	19269
78439	19269
78440	19270
78441	19270
78442	19271
78443	19271
78444	19272
78445	19272
78446	19273
78447	19273
78448	19274
78449	19274
78450	19275
78451	19275
78452	19276
78453	19276
78454	19277
78455	19277
78456	19278
78457	19278
78458	19279
78459	19279
78460	19280
78461	19280
78462	19281
78463	19281
78464	19282
78465	19282
78466	19283
78467	19283
78468	19284
78469	19284
78470	19285
78471	19285
78472	19286
78473	19286
78474	19287
78475	19287
78476	19288
78477	19288
78478	19289
78479	19289
78480	19290
78481	19290
78482	19291
78483	19291
78484	19292
78485	19292
78486	19293
78487	19293
78488	19294
78489	19294
78490	19295
78491	19295
78492	19296
78493	19296
78494	19297
78495	19297
78496	19298
78497	19298
78498	19299
78499	19299
78500	19300
78501	19300
78502	19301
78503	19301
78504	19302
78505	19302
78506	19303
78507	19303
78508	19304
78509	19304
78510	19305
78511	19305
78512	19306
78513	19306
78514	19307
78515	19307
78516	19308
78517	19308
78518	19309
78519	19309
78520	19310
78521	19310
78522	19311
78523	19311
78524	19312
78525	19312
78526	19313
78527	19313
78528	19314
78529	19314
78530	19315
78531	19315
78532	19316
78533	19316
78534	19317
78535	19317
78536	19318
78537	19318
78538	19319
78539	19319
78540	19320
78541	19320
78542	19321
78543	19321
78544	19322
78545	19322
78546	19323
78547	19323
78548	19324
78549	19324
78550	19325
78551	19325
78552	19326
78553	19326
78554	19327
78555	19327
78556	19328
78557	19328
78558	19329
78559	19329
78560	19330
78561	19330
78562	19331
78563	19331
78564	19332
78565	19332
78566	19333
78567	19333
78568	19334
78569	19334
78570	19335
78571	19335
78572	19336
78573	19336
78574	19337
78575	19337
78576	19338
78577	19338
78578	19339
78579	19339
78580	19340
78581	19340
78582	19341
78583	19341
78584	19342
78585	19342
78586	19343
78587	19343
78588	19344
78589	19344
78590	19345
78591	19345
78592	19346
78593	19346
78594	19347
78595	19347
78596	19348
78597	19348
78598	19349
78599	19349
78600	19250
78601	19250
78602	19251
78603	19251
78604	19252
78605	19252
78606	19253
78607	19253
78608	19254
78609	19254
78610	19255
78611	19255
78612	19256
78613	19256
78614	19257
78615	19257
78616	19258
78617	19258
78618	19259
78619	19259
78620	19260
78621	19260
78622	19261
78623	19261
78624	19262
78625	19262
78626	19263
78627	19263
78628	19264
78629	19264
78630	19265
78631	19265
78632	19266
78633	19266
78634	19267
78635	19267
78636	19268
78637	19268
78638	19269
78639	19269
78640	19270
78641	19270
78642	19271
78643	19271
78644	19272
78645	19272
78646	19273
78647	19273
78648	19274
78649	19274
78650	19275
78651	19275
78652	19276
78653	19276
78654	19277
78655	19277
78656	19278
78657	19278
78658	19279
78659	19279
78660	19280
78661	19280
78662	19281
78663	19281
78664	19282
78665	19282
78666	19283
78667	19283
78668	19284
78669	19284
78670	19285
78671	19285
78672	19286
78673	19286
78674	19287
78675	19287
78676	19288
78677	19288
78678	19289
78679	19289
78680	19290
78681	19290
78682	19291
78683	19291
78684	19292
78685	19292
78686	19293
78687	19293
78688	19294
78689	19294
78690	19295
78691	19295
78692	19296
78693	19296
78694	19297
78695	19297
78696	19298
78697	19298
78698	19299
78699	19299
78700	19300
78701	19300
78702	19301
78703	19301
78704	19302
78705	19302
78706	19303
78707	19303
78708	19304
78709	19304
78710	19305
78711	19305
78712	19306
78713	19306
78714	19307
78715	19307
78716	19308
78717	19308
78718	19309
78719	19309
78720	19310
78721	19310
78722	19311
78723	19311
78724	19312
78725	19312
78726	19313
78727	19313
78728	19314
78729	19314
78730	19315
78731	19315
78732	19316
78733	19316
78734	19317
78735	19317
78736	19318
78737	19318
78738	19319
78739	19319
78740	19320
78741	19320
78742	19321
78743	19321
78744	19322
78745	19322
78746	19323
78747	19323
78748	19324
78749	19324
78750	19325
78751	19325
78752	19326
78753	19326
78754	19327
78755	19327
78756	19328
78757	19328
78758	19329
78759	19329
78760	19330
78761	19330
78762	19331
78763	19331
78764	19332
78765	19332
78766	19333
78767	19333
78768	19334
78769	19334
78770	19335
78771	19335
78772	19336
78773	19336
78774	19337
78775	19337
78776	19338
78777	19338
78778	19339
78779	19339
78780	19340
78781	19340
78782	19341
78783	19341
78784	19342
78785	19342
78786	19343
78787	19343
78788	19344
78789	19344
78790	19345
78791	19345
78792	19346
78793	19346
78794	19347
78795	19347
78796	19348
78797	19348
78798	19349
78799	19349
78800	19450
78801	19450
78802	19451
78803	19451
78804	19452
78805	19452
78806	19453
78807	19453
78808	19454
78809	19454
78810	19455
78811	19455
78812	19456
78813	19456
78814	19457
78815	19457
78816	19458
78817	19458
78818	19459
78819	19459
78820	19460
78821	19460
78822	19461
78823	19461
78824	19462
78825	19462
78826	19463
78827	19463
78828	19464
78829	19464
78830	19465
78831	19465
78832	19466
78833	19466
78834	19467
78835	19467
78836	19468
78837	19468
78838	19469
78839	19469
78840	19470
78841	19470
78842	19471
78843	19471
78844	19472
78845	19472
78846	19473
78847	19473
78848	19474
78849	19474
78850	19475
78851	19475
78852	19476
78853	19476
78854	19477
78855	19477
78856	19478
78857	19478
78858	19479
78859	19479
78860	19480
78861	19480
78862	19481
78863	19481
78864	19482
78865	19482
78866	19483
78867	19483
78868	19484
78869	19484
78870	19485
78871	19485
78872	19486
78873	19486
78874	19487
78875	19487
78876	19488
78877	19488
78878	19489
78879	19489
78880	19490
78881	19490
78882	19491
78883	19491
78884	19492
78885	19492
78886	19493
78887	19493
78888	19494
78889	19494
78890	19495
78891	19495
78892	19496
78893	19496
78894	19497
78895	19497
78896	19498
78897	19498
78898	19499
78899	19499
78900	19500
78901	19500
78902	19501
78903	19501
78904	19502
78905	19502
78906	19503
78907	19503
78908	19504
78909	19504
78910	19505
78911	19505
78912	19506
78913	19506
78914	19507
78915	19507
78916	19508
78917	19508
78918	19509
78919	19509
78920	19510
78921	19510
78922	19511
78923	19511
78924	19512
78925	19512
78926	19513
78927	19513
78928	19514
78929	19514
78930	19515
78931	19515
78932	19516
78933	19516
78934	19517
78935	19517
78936	19518
78937	19518
78938	19519
78939	19519
78940	19520
78941	19520
78942	19521
78943	19521
78944	19522
78945	19522
78946	19523
78947	19523
78948	19524
78949	19524
78950	19525
78951	19525
78952	19526
78953	19526
78954	19527
78955	19527
78956	19528
78957	19528
78958	19529
78959	19529
78960	19530
78961	19530
78962	19531
78963	19531
78964	19532
78965	19532
78966	19533
78967	19533
78968	19534
78969	19534
78970	19535
78971	19535
78972	19536
78973	19536
78974	19537
78975	19537
78976	19538
78977	19538
78978	19539
78979	19539
78980	19540
78981	19540
78982	19541
78983	19541
78984	19542
78985	19542
78986	19543
78987	19543
78988	19544
78989	19544
78990	19545
78991	19545
78992	19546
78993	19546
78994	19547
78995	19547
78996	19548
78997	19548
78998	19549
78999	19549
79000	19450
79001	19450
79002	19451
79003	19451
79004	19452
79005	19452
79006	19453
79007	19453
79008	19454
79009	19454
79010	19455
79011	19455
79012	19456
79013	19456
79014	19457
79015	19457
79016	19458
79017	19458
79018	19459
79019	19459
79020	19460
79021	19460
79022	19461
79023	19461
79024	19462
79025	19462
79026	19463
79027	19463
79028	19464
79029	19464
79030	19465
79031	19465
79032	19466
79033	19466
79034	19467
79035	19467
79036	19468
79037	19468
79038	19469
79039	19469
79040	19470
79041	19470
79042	19471
79043	19471
79044	19472
79045	19472
79046	19473
79047	19473
79048	19474
79049	19474
79050	19475
79051	19475
79052	19476
79053	19476
79054	19477
79055	19477
79056	19478
79057	19478
79058	19479
79059	19479
79060	19480
79061	19480
79062	19481
79063	19481
79064	19482
79065	19482
79066	19483
79067	19483
79068	19484
79069	19484
79070	19485
79071	19485
79072	19486
79073	19486
79074	19487
79075	19487
79076	19488
79077	19488
79078	19489
79079	19489
79080	19490
79081	19490
79082	19491
79083	19491
79084	19492
79085	19492
79086	19493
79087	19493
79088	19494
79089	19494
79090	19495
79091	19495
79092	19496
79093	19496
79094	19497
79095	19497
79096	19498
79097	19498
79098	19499
79099	19499
79100	19500
79101	19500
79102	19501
79103	19501
79104	19502
79105	19502
79106	19503
79107	19503
79108	19504
79109	19504
79110	19505
79111	19505
79112	19506
79113	19506
79114	19507
79115	19507
79116	19508
79117	19508
79118	19509
79119	19509
79120	19510
79121	19510
79122	19511
79123	19511
79124	19512
79125	19512
79126	19513
79127	19513
79128	19514
79129	19514
79130	19515
79131	19515
79132	19516
79133	19516
79134	19517
79135	19517
79136	19518
79137	19518
79138	19519
79139	19519
79140	19520
79141	19520
79142	19521
79143	19521
79144	19522
79145	19522
79146	19523
79147	19523
79148	19524
79149	19524
79150	19525
79151	19525
79152	19526
79153	19526
79154	19527
79155	19527
79156	19528
79157	19528
79158	19529
79159	19529
79160	19530
79161	19530
79162	19531
79163	19531
79164	19532
79165	19532
79166	19533
79167	19533
79168	19534
79169	19534
79170	19535
79171	19535
79172	19536
79173	19536
79174	19537
79175	19537
79176	19538
79177	19538
79178	19539
79179	19539
79180	19540
79181	19540
79182	19541
79183	19541
79184	19542
79185	19542
79186	19543
79187	19543
79188	19544
79189	19544
79190	19545
79191	19545
79192	19546
79193	19546
79194	19547
79195	19547
79196	19548
79197	19548
79198	19549
79199	19549
79200	19650
79201	19650
79202	19651
79203	19651
79204	19652
79205	19652
79206	19653
79207	19653
79208	19654
79209	19654
79210	19655
79211	19655
79212	19656
79213	19656
79214	19657
79215	19657
79216	19658
79217	19658
79218	19659
79219	19659
79220	19660
79221	19660
79222	19661
79223	19661
79224	19662
79225	19662
79226	19663
79227	19663
79228	19664
79229	19664
79230	19665
79231	19665
79232	19666
79233	19666
79234	19667
79235	19667
79236	19668
79237	19668
79238	19669
79239	19669
79240	19670
79241	19670
79242	19671
79243	19671
79244	19672
79245	19672
79246	19673
79247	19673
79248	19674
79249	19674
79250	19675
79251	19675
79252	19676
79253	19676
79254	19677
79255	19677
79256	19678
79257	19678
79258	19679
79259	19679
79260	19680
79261	19680
79262	19681
79263	19681
79264	19682
79265	19682
79266	19683
79267	19683
79268	19684
79269	19684
79270	19685
79271	19685
79272	19686
79273	19686
79274	19687
79275	19687
79276	19688
79277	19688
79278	19689
79279	19689
79280	19690
79281	19690
79282	19691
79283	19691
79284	19692
79285	19692
79286	19693
79287	19693
79288	19694
79289	19694
79290	19695
79291	19695
79292	19696
79293	19696
79294	19697
79295	19697
79296	19698
79297	19698
79298	19699
79299	19699
79300	19700
79301	19700
79302	19701
79303	19701
79304	19702
79305	19702
79306	19703
79307	19703
79308	19704
79309	19704
79310	19705
79311	19705
79312	19706
79313	19706
79314	19707
79315	19707
79316	19708
79317	19708
79318	19709
79319	19709
79320	19710
79321	19710
79322	19711
79323	19711
79324	19712
79325	19712
79326	19713
79327	19713
79328	19714
79329	19714
79330	19715
79331	19715
79332	19716
79333	19716
79334	19717
79335	19717
79336	19718
79337	19718
79338	19719
79339	19719
79340	19720
79341	19720
79342	19721
79343	19721
79344	19722
79345	19722
79346	19723
79347	19723
79348	19724
79349	19724
79350	19725
79351	19725
79352	19726
79353	19726
79354	19727
79355	19727
79356	19728
79357	19728
79358	19729
79359	19729
79360	19730
79361	19730
79362	19731
79363	19731
79364	19732
79365	19732
79366	19733
79367	19733
79368	19734
79369	19734
79370	19735
79371	19735
79372	19736
79373	19736
79374	19737
79375	19737
79376	19738
79377	19738
79378	19739
79379	19739
79380	19740
79381	19740
79382	19741
79383	19741
79384	19742
79385	19742
79386	19743
79387	19743
79388	19744
79389	19744
79390	19745
79391	19745
79392	19746
79393	19746
79394	19747
79395	19747
79396	19748
79397	19748
79398	19749
79399	19749
79400	19650
79401	19650
79402	19651
79403	19651
79404	19652
79405	19652
79406	19653
79407	19653
79408	19654
79409	19654
79410	19655
79411	19655
79412	19656
79413	19656
79414	19657
79415	19657
79416	19658
79417	19658
79418	19659
79419	19659
79420	19660
79421	19660
79422	19661
79423	19661
79424	19662
79425	19662
79426	19663
79427	19663
79428	19664
79429	19664
79430	19665
79431	19665
79432	19666
79433	19666
79434	19667
79435	19667
79436	19668
79437	19668
79438	19669
79439	19669
79440	19670
79441	19670
79442	19671
79443	19671
79444	19672
79445	19672
79446	19673
79447	19673
79448	19674
79449	19674
79450	19675
79451	19675
79452	19676
79453	19676
79454	19677
79455	19677
79456	19678
79457	19678
79458	19679
79459	19679
79460	19680
79461	19680
79462	19681
79463	19681
79464	19682
79465	19682
79466	19683
79467	19683
79468	19684
79469	19684
79470	19685
79471	19685
79472	19686
79473	19686
79474	19687
79475	19687
79476	19688
79477	19688
79478	19689
79479	19689
79480	19690
79481	19690
79482	19691
79483	19691
79484	19692
79485	19692
79486	19693
79487	19693
79488	19694
79489	19694
79490	19695
79491	19695
79492	19696
79493	19696
79494	19697
79495	19697
79496	19698
79497	19698
79498	19699
79499	19699
79500	19700
79501	19700
79502	19701
79503	19701
79504	19702
79505	19702
79506	19703
79507	19703
79508	19704
79509	19704
79510	19705
79511	19705
79512	19706
79513	19706
79514	19707
79515	19707
79516	19708
79517	19708
79518	19709
79519	19709
79520	19710
79521	19710
79522	19711
79523	19711
79524	19712
79525	19712
79526	19713
79527	19713
79528	19714
79529	19714
79530	19715
79531	19715
79532	19716
79533	19716
79534	19717
79535	19717
79536	19718
79537	19718
79538	19719
79539	19719
79540	19720
79541	19720
79542	19721
79543	19721
79544	19722
79545	19722
79546	19723
79547	19723
79548	19724
79549	19724
79550	19725
79551	19725
79552	19726
79553	19726
79554	19727
79555	19727
79556	19728
79557	19728
79558	19729
79559	19729
79560	19730
79561	19730
79562	19731
79563	19731
79564	19732
79565	19732
79566	19733
79567	19733
79568	19734
79569	19734
79570	19735
79571	19735
79572	19736
79573	19736
79574	19737
79575	19737
79576	19738
79577	19738
79578	19739
79579	19739
79580	19740
79581	19740
79582	19741
79583	19741
79584	19742
79585	19742
79586	19743
79587	19743
79588	19744
79589	19744
79590	19745
79591	19745
79592	19746
79593	19746
79594	19747
79595	19747
79596	19748
79597	19748
79598	19749
79599	19749
79600	19850
79601	19850
79602	19851
79603	19851
79604	19852
79605	19852
79606	19853
79607	19853
79608	19854
79609	19854
79610	19855
79611	19855
79612	19856
79613	19856
79614	19857
79615	19857
79616	19858
79617	19858
79618	19859
79619	19859
79620	19860
79621	19860
79622	19861
79623	19861
79624	19862
79625	19862
79626	19863
79627	19863
79628	19864
79629	19864
79630	19865
79631	19865
79632	19866
79633	19866
79634	19867
79635	19867
79636	19868
79637	19868
79638	19869
79639	19869
79640	19870
79641	19870
79642	19871
79643	19871
79644	19872
79645	19872
79646	19873
79647	19873
79648	19874
79649	19874
79650	19875
79651	19875
79652	19876
79653	19876
79654	19877
79655	19877
79656	19878
79657	19878
79658	19879
79659	19879
79660	19880
79661	19880
79662	19881
79663	19881
79664	19882
79665	19882
79666	19883
79667	19883
79668	19884
79669	19884
79670	19885
79671	19885
79672	19886
79673	19886
79674	19887
79675	19887
79676	19888
79677	19888
79678	19889
79679	19889
79680	19890
79681	19890
79682	19891
79683	19891
79684	19892
79685	19892
79686	19893
79687	19893
79688	19894
79689	19894
79690	19895
79691	19895
79692	19896
79693	19896
79694	19897
79695	19897
79696	19898
79697	19898
79698	19899
79699	19899
79700	19900
79701	19900
79702	19901
79703	19901
79704	19902
79705	19902
79706	19903
79707	19903
79708	19904
79709	19904
79710	19905
79711	19905
79712	19906
79713	19906
79714	19907
79715	19907
79716	19908
79717	19908
79718	19909
79719	19909
79720	19910
79721	19910
79722	19911
79723	19911
79724	19912
79725	19912
79726	19913
79727	19913
79728	19914
79729	19914
79730	19915
79731	19915
79732	19916
79733	19916
79734	19917
79735	19917
79736	19918
79737	19918
79738	19919
79739	19919
79740	19920
79741	19920
79742	19921
79743	19921
79744	19922
79745	19922
79746	19923
79747	19923
79748	19924
79749	19924
79750	19925
79751	19925
79752	19926
79753	19926
79754	19927
79755	19927
79756	19928
79757	19928
79758	19929
79759	19929
79760	19930
79761	19930
79762	19931
79763	19931
79764	19932
79765	19932
79766	19933
79767	19933
79768	19934
79769	19934
79770	19935
79771	19935
79772	19936
79773	19936
79774	19937
79775	19937
79776	19938
79777	19938
79778	19939
79779	19939
79780	19940
79781	19940
79782	19941
79783	19941
79784	19942
79785	19942
79786	19943
79787	19943
79788	19944
79789	19944
79790	19945
79791	19945
79792	19946
79793	19946
79794	19947
79795	19947
79796	19948
79797	19948
79798	19949
79799	19949
79800	19850
79801	19850
79802	19851
79803	19851
79804	19852
79805	19852
79806	19853
79807	19853
79808	19854
79809	19854
79810	19855
79811	19855
79812	19856
79813	19856
79814	19857
79815	19857
79816	19858
79817	19858
79818	19859
79819	19859
79820	19860
79821	19860
79822	19861
79823	19861
79824	19862
79825	19862
79826	19863
79827	19863
79828	19864
79829	19864
79830	19865
79831	19865
79832	19866
79833	19866
79834	19867
79835	19867
79836	19868
79837	19868
79838	19869
79839	19869
79840	19870
79841	19870
79842	19871
79843	19871
79844	19872
79845	19872
79846	19873
79847	19873
79848	19874
79849	19874
79850	19875
79851	19875
79852	19876
79853	19876
79854	19877
79855	19877
79856	19878
79857	19878
79858	19879
79859	19879
79860	19880
79861	19880
79862	19881
79863	19881
79864	19882
79865	19882
79866	19883
79867	19883
79868	19884
79869	19884
79870	19885
79871	19885
79872	19886
79873	19886
79874	19887
79875	19887
79876	19888
79877	19888
79878	19889
79879	19889
79880	19890
79881	19890
79882	19891
79883	19891
79884	19892
79885	19892
79886	19893
79887	19893
79888	19894
79889	19894
79890	19895
79891	19895
79892	19896
79893	19896
79894	19897
79895	19897
79896	19898
79897	19898
79898	19899
79899	19899
79900	19900
79901	19900
79902	19901
79903	19901
79904	19902
79905	19902
79906	19903
79907	19903
79908	19904
79909	19904
79910	19905
79911	19905
79912	19906
79913	19906
79914	19907
79915	19907
79916	19908
79917	19908
79918	19909
79919	19909
79920	19910
79921	19910
79922	19911
79923	19911
79924	19912
79925	19912
79926	19913
79927	19913
79928	19914
79929	19914
79930	19915
79931	19915
79932	19916
79933	19916
79934	19917
79935	19917
79936	19918
79937	19918
79938	19919
79939	19919
79940	19920
79941	19920
79942	19921
79943	19921
79944	19922
79945	19922
79946	19923
79947	19923
79948	19924
79949	19924
79950	19925
79951	19925
79952	19926
79953	19926
79954	19927
79955	19927
79956	19928
79957	19928
79958	19929
79959	19929
79960	19930
79961	19930
79962	19931
79963	19931
79964	19932
79965	19932
79966	19933
79967	19933
79968	19934
79969	19934
79970	19935
79971	19935
79972	19936
79973	19936
79974	19937
79975	19937
79976	19938
79977	19938
79978	19939
79979	19939
79980	19940
79981	19940
79982	19941
79983	19941
79984	19942
79985	19942
79986	19943
79987	19943
79988	19944
79989	19944
79990	19945
79991	19945
79992	19946
79993	19946
79994	19947
79995	19947
79996	19948
79997	19948
79998	19949
79999	19949
